
  ___  ____  ____  ____  ____ ©
 /__    /   ____/   /   ____/      17.0
___/   /   /___/   /   /___/       MP—Parallel Edition

 Statistics and Data Science       Copyright 1985-2021 StataCorp LLC
                                   StataCorp
                                   4905 Lakeway Drive
                                   College Station, Texas 77845 USA
                                   800-STATA-PC        https://www.stata.com
                                   979-696-4600        stata@stata.com

Stata license: Unlimited-user 64-core network perpetual
Serial number: 18461036
  Licensed to: TEAM BTCR
               TEAM BTCR

Notes:
      1. Stata is running in batch mode.
      2. Unicode is supported; see help unicode_advice.
      3. More than 2 billion observations are allowed; see help obs_advice.
      4. Maximum number of variables is set to 32,000; see help set_maxvar.

. do ensamblar_panel.do 

. cd "C:\Users\matt\Desktop\tesis enaho"
C:\Users\matt\Desktop\tesis enaho

. 
. clear all

. set more off

. set maxvar 120000


. 
. **************************************************
. * PROCESANDO AÑO 2012
. **************************************************
. 
. capture confirm file "datos crudos/enaho01-2012-100.dta"

. if _rc == 0 {
.     use "datos crudos/enaho01-2012-100.dta", clear
. 
.     * --- Armonizacion de nombres (Typos INEI) ---
.     capture rename p713b12 p713b
.     capture rename p713d12 p713d
.     capture rename p713e12 p713e
.     capture rename factor_07 factor07
.     * --------------------------------------------
. 
.     * --- Estandarizacion extrema de llaves (Anti-Ceros y Espacios) ---
.     foreach var in conglome vivienda hogar codperso codinfor { 
  2.         capture confirm variable `var'
  3.         if _rc == 0 {
  4.             capture tostring `var', replace force
  5.             capture replace `var' = trim(`var')
  6.             capture destring `var', replace force
  7.         }
  8.     }
.     * -----------------------------------------------------------------
. 
.     * --- Ahorro de Memoria: Borrado Quirúrgico ---
.     capture drop año
.     capture drop a?o
.     capture drop mes
.     capture drop nconglome
.     capture drop ubigeo
.     capture drop dominio
.     capture drop estrato
.     capture drop periodo
.     capture drop codinfor
.     capture drop factor*
.     capture drop factora*
.     * ---------------------------------------------
.     drop if missing(conglome) | missing(vivienda) | missing(hogar)
(0 observations deleted)
.     duplicates drop conglome vivienda hogar, force

Duplicates in terms of conglome vivienda hogar

(0 observations are duplicates)
.     save "datos crudos/enaho01-2012-100_clean.dta", replace
file datos crudos/enaho01-2012-100_clean.dta saved
. }

. 
. capture confirm file "datos crudos/enaho01-2012-700.dta"

. if _rc == 0 {
.     use "datos crudos/enaho01-2012-700.dta", clear
. 
.     * --- Armonizacion de nombres (Typos INEI) ---
.     capture rename p713b12 p713b
.     capture rename p713d12 p713d
.     capture rename p713e12 p713e
.     capture rename factor_07 factor07
.     * --------------------------------------------
. 
.     * --- Estandarizacion extrema de llaves (Anti-Ceros y Espacios) ---
.     foreach var in conglome vivienda hogar codperso codinfor { 
  2.         capture confirm variable `var'
  3.         if _rc == 0 {
  4.             capture tostring `var', replace force
  5.             capture replace `var' = trim(`var')
  6.             capture destring `var', replace force
  7.         }
  8.     }
.     * -----------------------------------------------------------------
. 
.     * --- Ahorro de Memoria: Borrado Quirúrgico ---
.     capture drop año
.     capture drop a?o
.     capture drop mes
.     capture drop nconglome
.     capture drop ubigeo
.     capture drop dominio
.     capture drop estrato
.     capture drop periodo
.     capture drop codinfor
.     capture drop factor*
.     capture drop factora*
.     * ---------------------------------------------
.     drop if missing(conglome) | missing(vivienda) | missing(hogar)
(0 observations deleted)
.     duplicates drop conglome vivienda hogar, force

Duplicates in terms of conglome vivienda hogar

(0 observations are duplicates)
.     save "datos crudos/enaho01-2012-700_clean.dta", replace
file datos crudos/enaho01-2012-700_clean.dta saved
. }

. 
. capture confirm file "datos crudos/sumaria-2012.dta"

. if _rc == 0 {
.     use "datos crudos/sumaria-2012.dta", clear
. 
.     * --- Armonizacion de nombres (Typos INEI) ---
.     capture rename p713b12 p713b
.     capture rename p713d12 p713d
.     capture rename p713e12 p713e
.     capture rename factor_07 factor07
.     * --------------------------------------------
. 
.     * --- Estandarizacion extrema de llaves (Anti-Ceros y Espacios) ---
.     foreach var in conglome vivienda hogar codperso codinfor { 
  2.         capture confirm variable `var'
  3.         if _rc == 0 {
  4.             capture tostring `var', replace force
  5.             capture replace `var' = trim(`var')
  6.             capture destring `var', replace force
  7.         }
  8.     }
.     * -----------------------------------------------------------------
. 
.     * --- Ahorro de Memoria: Borrado Quirúrgico ---
.     capture drop año
.     capture drop a?o
.     capture drop mes
.     capture drop nconglome
.     capture drop ubigeo
.     capture drop dominio
.     capture drop estrato
.     capture drop periodo
.     capture drop codinfor
.     capture drop factor*
.     capture drop factora*
.     * ---------------------------------------------
.     drop if missing(conglome) | missing(vivienda) | missing(hogar)
(0 observations deleted)
.     duplicates drop conglome vivienda hogar, force

Duplicates in terms of conglome vivienda hogar

(0 observations are duplicates)
.     save "datos crudos/sumaria-2012_clean.dta", replace
file datos crudos/sumaria-2012_clean.dta saved
. }

. 
. capture confirm file "datos crudos/enaho01a-2012-300.dta"

. if _rc == 0 {
.     use "datos crudos/enaho01a-2012-300.dta", clear
. 
.     * --- Armonizacion de nombres (Typos INEI) ---
.     capture rename p713b12 p713b
.     capture rename p713d12 p713d
.     capture rename p713e12 p713e
.     capture rename factor_07 factor07
.     * --------------------------------------------
. 
.     * --- Estandarizacion extrema de llaves (Anti-Ceros y Espacios) ---
.     foreach var in conglome vivienda hogar codperso codinfor { 
  2.         capture confirm variable `var'
  3.         if _rc == 0 {
  4.             capture tostring `var', replace force
  5.             capture replace `var' = trim(`var')
  6.             capture destring `var', replace force
  7.         }
  8.     }
.     * -----------------------------------------------------------------
. 
.     * --- Ahorro de Memoria: Borrado Quirúrgico ---
.     capture drop año
.     capture drop a?o
.     capture drop mes
.     capture drop nconglome
.     capture drop ubigeo
.     capture drop dominio
.     capture drop estrato
.     capture drop periodo
.     capture drop codinfor
.     capture drop factor*
.     capture drop factora*
.     * ---------------------------------------------
.     drop if missing(conglome) | missing(vivienda) | missing(hogar) | missing(
> codperso)
(0 observations deleted)
.     duplicates drop conglome vivienda hogar codperso, force

Duplicates in terms of conglome vivienda hogar codperso

(0 observations are duplicates)
.     save "datos crudos/enaho01a-2012-300_clean.dta", replace
file datos crudos/enaho01a-2012-300_clean.dta saved
. }

. 
. capture confirm file "datos crudos/enaho01a-2012-400.dta"

. if _rc == 0 {
.     use "datos crudos/enaho01a-2012-400.dta", clear
. 
.     * --- Armonizacion de nombres (Typos INEI) ---
.     capture rename p713b12 p713b
.     capture rename p713d12 p713d
.     capture rename p713e12 p713e
.     capture rename factor_07 factor07
.     * --------------------------------------------
. 
.     * --- Estandarizacion extrema de llaves (Anti-Ceros y Espacios) ---
.     foreach var in conglome vivienda hogar codperso codinfor { 
  2.         capture confirm variable `var'
  3.         if _rc == 0 {
  4.             capture tostring `var', replace force
  5.             capture replace `var' = trim(`var')
  6.             capture destring `var', replace force
  7.         }
  8.     }
.     * -----------------------------------------------------------------
. 
.     * --- Ahorro de Memoria: Borrado Quirúrgico ---
.     capture drop año
.     capture drop a?o
.     capture drop mes
.     capture drop nconglome
.     capture drop ubigeo
.     capture drop dominio
.     capture drop estrato
.     capture drop periodo
.     capture drop codinfor
.     capture drop factor*
.     capture drop factora*
.     * ---------------------------------------------
.     drop if missing(conglome) | missing(vivienda) | missing(hogar) | missing(
> codperso)
(0 observations deleted)
.     duplicates drop conglome vivienda hogar codperso, force

Duplicates in terms of conglome vivienda hogar codperso

(0 observations are duplicates)
.     save "datos crudos/enaho01a-2012-400_clean.dta", replace
file datos crudos/enaho01a-2012-400_clean.dta saved
. }

. 
. capture confirm file "datos crudos/enaho01a-2012-500.dta"

. if _rc == 0 {
.     use "datos crudos/enaho01a-2012-500.dta", clear
. 
.     * --- Armonizacion de nombres (Typos INEI) ---
.     capture rename p713b12 p713b
.     capture rename p713d12 p713d
.     capture rename p713e12 p713e
.     capture rename factor_07 factor07
.     * --------------------------------------------
. 
.     * --- Estandarizacion extrema de llaves (Anti-Ceros y Espacios) ---
.     foreach var in conglome vivienda hogar codperso codinfor { 
  2.         capture confirm variable `var'
  3.         if _rc == 0 {
  4.             capture tostring `var', replace force
  5.             capture replace `var' = trim(`var')
  6.             capture destring `var', replace force
  7.         }
  8.     }
.     * -----------------------------------------------------------------
. 
.     * --- Ahorro de Memoria: Borrado Quirúrgico ---
.     capture drop año
.     capture drop a?o
.     capture drop mes
.     capture drop nconglome
.     capture drop ubigeo
.     capture drop dominio
.     capture drop estrato
.     capture drop periodo
.     capture drop codinfor
.     capture drop factor*
.     capture drop factora*
.     * ---------------------------------------------
.     drop if missing(conglome) | missing(vivienda) | missing(hogar) | missing(
> codperso)
(0 observations deleted)
.     duplicates drop conglome vivienda hogar codperso, force

Duplicates in terms of conglome vivienda hogar codperso

(0 observations are duplicates)
.     save "datos crudos/enaho01a-2012-500_clean.dta", replace
file datos crudos/enaho01a-2012-500_clean.dta saved
. }

. 
. capture confirm file "datos crudos/enaho01b-2012-1.dta"

. if _rc == 0 {
.     use "datos crudos/enaho01b-2012-1.dta", clear
. 
.     * --- Armonizacion de nombres (Typos INEI) ---
.     capture rename p713b12 p713b
.     capture rename p713d12 p713d
.     capture rename p713e12 p713e
.     capture rename factor_07 factor07
.     * --------------------------------------------
. 
.     * --- Estandarizacion extrema de llaves (Anti-Ceros y Espacios) ---
.     foreach var in conglome vivienda hogar codperso codinfor { 
  2.         capture confirm variable `var'
  3.         if _rc == 0 {
  4.             capture tostring `var', replace force
  5.             capture replace `var' = trim(`var')
  6.             capture destring `var', replace force
  7.         }
  8.     }
.     * -----------------------------------------------------------------
. 
.     * --- Ahorro de Memoria: Borrado Quirúrgico ---
.     capture drop año
.     capture drop a?o
.     capture drop mes
.     capture drop nconglome
.     capture drop ubigeo
.     capture drop dominio
.     capture drop estrato
.     capture drop periodo
.     capture drop codinfor
.     capture drop factor*
.     capture drop factora*
.     * ---------------------------------------------
.     drop if missing(conglome) | missing(vivienda) | missing(hogar) | missing(
> codperso)
(0 observations deleted)
.     duplicates drop conglome vivienda hogar codperso, force

Duplicates in terms of conglome vivienda hogar codperso

(0 observations are duplicates)
.     save "datos crudos/enaho01b-2012-1_clean.dta", replace
file datos crudos/enaho01b-2012-1_clean.dta saved
. }

. 
. capture confirm file "datos crudos/enaho01b-2012-2.dta"

. if _rc == 0 {
.     use "datos crudos/enaho01b-2012-2.dta", clear
. 
.     * --- Armonizacion de nombres (Typos INEI) ---
.     capture rename p713b12 p713b
.     capture rename p713d12 p713d
.     capture rename p713e12 p713e
.     capture rename factor_07 factor07
.     * --------------------------------------------
. 
.     * --- Estandarizacion extrema de llaves (Anti-Ceros y Espacios) ---
.     foreach var in conglome vivienda hogar codperso codinfor { 
  2.         capture confirm variable `var'
  3.         if _rc == 0 {
  4.             capture tostring `var', replace force
  5.             capture replace `var' = trim(`var')
  6.             capture destring `var', replace force
  7.         }
  8.     }
.     * -----------------------------------------------------------------
. 
.     * --- Ahorro de Memoria: Borrado Quirúrgico ---
.     capture drop año
.     capture drop a?o
.     capture drop mes
.     capture drop nconglome
.     capture drop ubigeo
.     capture drop dominio
.     capture drop estrato
.     capture drop periodo
.     capture drop codinfor
.     capture drop factor*
.     capture drop factora*
.     * ---------------------------------------------
.     drop if missing(conglome) | missing(vivienda) | missing(hogar) | missing(
> codperso)
(0 observations deleted)
.     duplicates drop conglome vivienda hogar codperso, force

Duplicates in terms of conglome vivienda hogar codperso

(0 observations are duplicates)
.     save "datos crudos/enaho01b-2012-2_clean.dta", replace
file datos crudos/enaho01b-2012-2_clean.dta saved
. }

. 
. capture confirm file "datos crudos/enaho01b-2012-3.dta"

. if _rc == 0 {
.     use "datos crudos/enaho01b-2012-3.dta", clear
. 
.     * --- Armonizacion de nombres (Typos INEI) ---
.     capture rename p713b12 p713b
.     capture rename p713d12 p713d
.     capture rename p713e12 p713e
.     capture rename factor_07 factor07
.     * --------------------------------------------
. 
.     * --- Estandarizacion extrema de llaves (Anti-Ceros y Espacios) ---
.     foreach var in conglome vivienda hogar codperso codinfor { 
  2.         capture confirm variable `var'
  3.         if _rc == 0 {
  4.             capture tostring `var', replace force
  5.             capture replace `var' = trim(`var')
  6.             capture destring `var', replace force
  7.         }
  8.     }
.     * -----------------------------------------------------------------
. 
.     * --- Ahorro de Memoria: Borrado Quirúrgico ---
.     capture drop año
.     capture drop a?o
.     capture drop mes
.     capture drop nconglome
.     capture drop ubigeo
.     capture drop dominio
.     capture drop estrato
.     capture drop periodo
.     capture drop codinfor
.     capture drop factor*
.     capture drop factora*
.     * ---------------------------------------------
.     drop if missing(conglome) | missing(vivienda) | missing(hogar) | missing(
> codperso)
(0 observations deleted)
.     duplicates drop conglome vivienda hogar codperso, force

Duplicates in terms of conglome vivienda hogar codperso

(78,791 observations deleted)
.     save "datos crudos/enaho01b-2012-3_clean.dta", replace
file datos crudos/enaho01b-2012-3_clean.dta saved
. }

. 
. capture confirm file "datos crudos/enaho01-2012-700a.dta"

. if _rc == 0 {
.     use "datos crudos/enaho01-2012-700a.dta", clear
. 
.     * --- Armonizacion de nombres (Typos INEI) ---
.     capture rename p713b12 p713b
.     capture rename p713d12 p713d
.     capture rename p713e12 p713e
.     capture rename factor_07 factor07
.     * --------------------------------------------
.     capture rename p702 codperso
.     capture tostring codperso, replace force
.     capture tostring codinfor, replace force
.     capture replace codperso = trim(codperso)
.     capture replace codinfor = trim(codinfor)
.     capture replace codperso = codinfor if codperso == "" | codperso == "."
. 
.     * --- Estandarizacion extrema de llaves (Anti-Ceros y Espacios) ---
.     foreach var in conglome vivienda hogar codperso codinfor { 
  2.         capture confirm variable `var'
  3.         if _rc == 0 {
  4.             capture tostring `var', replace force
  5.             capture replace `var' = trim(`var')
  6.             capture destring `var', replace force
  7.         }
  8.     }
.     * -----------------------------------------------------------------
.     gen programa_social1 = 0
.     replace programa_social1 = 1 if inlist(p703,1,2,3,4,5,6,7,8,10)
(17,266 real changes made)
.     drop if missing(conglome) | missing(vivienda) | missing(hogar) | missing(
> codperso)
(0 observations deleted)
.     duplicates drop conglome vivienda hogar codperso p703, force

Duplicates in terms of conglome vivienda hogar codperso p703

(0 observations are duplicates)
.     bysort conglome vivienda hogar codperso: gen num_item = _n
.     tostring num_item, generate(j_str)
j_str generated as str1
.     replace j_str = "_" + j_str
variable j_str was str1 now str2
(17,279 real changes made)
.     drop num_item
. 
.     * --- Ahorro de Memoria: Borrado Quirúrgico ---
.     capture drop año
.     capture drop a?o
.     capture drop mes
.     capture drop nconglome
.     capture drop ubigeo
.     capture drop dominio
.     capture drop estrato
.     capture drop periodo
.     capture drop codinfor
.     capture drop factor*
.     capture drop factora*
.     * ---------------------------------------------
.     ds conglome vivienda hogar codperso j_str, not
p703          p7061         p7064         p706a2        p706a5
p704          p7062         p7065         p706a3        programa_s~1
p705          p7063         p706a1        p706a4
.     local vars `r(varlist)'
.     foreach v of local vars {
  2.         rename `v' v_`v'
  3.     }
.     ds conglome vivienda hogar codperso j_str, not
v_p703        v_p7061       v_p7064       v_p706a2      v_p706a5
v_p704        v_p7062       v_p7065       v_p706a3      v_programa~1
v_p705        v_p7063       v_p706a1      v_p706a4
.     local vars_wide `r(varlist)'
.     reshape wide `vars_wide', i(conglome vivienda hogar codperso) j(j_str) st
> ring
(j = _1 _2 _3 _4)

Data                               Long   ->   Wide
-----------------------------------------------------------------------------
Number of observations           17,279   ->   14,663      
Number of variables                  19   ->   60          
j variable (4 values)             j_str   ->   (dropped)
xij variables:
                                 v_p703   ->   v_p703_1 v_p703_2 ... v_p703_4
                                 v_p704   ->   v_p704_1 v_p704_2 ... v_p704_4
                                 v_p705   ->   v_p705_1 v_p705_2 ... v_p705_4
                                v_p7061   ->   v_p7061_1 v_p7061_2 ... v_p7061_
> 4
                                v_p7062   ->   v_p7062_1 v_p7062_2 ... v_p7062_
> 4
                                v_p7063   ->   v_p7063_1 v_p7063_2 ... v_p7063_
> 4
                                v_p7064   ->   v_p7064_1 v_p7064_2 ... v_p7064_
> 4
                                v_p7065   ->   v_p7065_1 v_p7065_2 ... v_p7065_
> 4
                               v_p706a1   ->   v_p706a1_1 v_p706a1_2 ... v_p706
> a1_4
                               v_p706a2   ->   v_p706a2_1 v_p706a2_2 ... v_p706
> a2_4
                               v_p706a3   ->   v_p706a3_1 v_p706a3_2 ... v_p706
> a3_4
                               v_p706a4   ->   v_p706a4_1 v_p706a4_2 ... v_p706
> a4_4
                               v_p706a5   ->   v_p706a5_1 v_p706a5_2 ... v_p706
> a5_4
                     v_programa_social1   ->   v_programa_social1_1 v_programa_
> social1_2 ... v_programa_social1_4
-----------------------------------------------------------------------------
.     duplicates drop conglome vivienda hogar codperso, force

Duplicates in terms of conglome vivienda hogar codperso

(0 observations are duplicates)
.     save "datos crudos/enaho01-2012-700a_wide.dta", replace
file datos crudos/enaho01-2012-700a_wide.dta saved
. }

. 
. capture confirm file "datos crudos/enaho01-2012-700b.dta"

. if _rc == 0 {
.     use "datos crudos/enaho01-2012-700b.dta", clear
. 
.     * --- Armonizacion de nombres (Typos INEI) ---
.     capture rename p713b12 p713b
.     capture rename p713d12 p713d
.     capture rename p713e12 p713e
.     capture rename factor_07 factor07
.     * --------------------------------------------
.     capture rename p711n codperso
.     capture tostring codperso, replace force
.     capture tostring codinfor, replace force
.     capture replace codperso = trim(codperso)
.     capture replace codinfor = trim(codinfor)
.     capture replace codperso = codinfor if codperso == "" | codperso == "."
. 
.     * --- Estandarizacion extrema de llaves (Anti-Ceros y Espacios) ---
.     foreach var in conglome vivienda hogar codperso codinfor { 
  2.         capture confirm variable `var'
  3.         if _rc == 0 {
  4.             capture tostring `var', replace force
  5.             capture replace `var' = trim(`var')
  6.             capture destring `var', replace force
  7.         }
  8.     }
.     * -----------------------------------------------------------------
.     gen programa_social2 = 0
.     replace programa_social2 = 1 if inlist(p712,1,2,3,4,5,6,7,8,9,10,11,12,13
> ,15,16,17,18,19,29,30)
(5,864 real changes made)
.     capture gen periodo_prog12 = p713d - p713b
.     drop if missing(conglome) | missing(vivienda) | missing(hogar) | missing(
> codperso)
(0 observations deleted)
.     duplicates drop conglome vivienda hogar codperso p712, force

Duplicates in terms of conglome vivienda hogar codperso p712

(0 observations are duplicates)
.     bysort conglome vivienda hogar codperso: gen num_item = _n
.     tostring num_item, generate(j_str)
j_str generated as str1
.     replace j_str = "_" + j_str
variable j_str was str1 now str2
(5,864 real changes made)
.     drop num_item
. 
.     * --- Ahorro de Memoria: Borrado Quirúrgico ---
.     capture drop año
.     capture drop a?o
.     capture drop mes
.     capture drop nconglome
.     capture drop ubigeo
.     capture drop dominio
.     capture drop estrato
.     capture drop periodo
.     capture drop codinfor
.     capture drop factor*
.     capture drop factora*
.     * ---------------------------------------------
.     ds conglome vivienda hogar codperso j_str, not
p712          p713b         p713d         ticuest0
p713a         p713c         p713e         programa_s~2
.     local vars `r(varlist)'
.     foreach v of local vars {
  2.         rename `v' v_`v'
  3.     }
.     ds conglome vivienda hogar codperso j_str, not
v_p712        v_p713b       v_p713d       v_ticuest0
v_p713a       v_p713c       v_p713e       v_programa~2
.     local vars_wide `r(varlist)'
.     reshape wide `vars_wide', i(conglome vivienda hogar codperso) j(j_str) st
> ring
(j = _1 _2 _3)

Data                               Long   ->   Wide
-----------------------------------------------------------------------------
Number of observations            5,864   ->   5,000       
Number of variables                  13   ->   28          
j variable (3 values)             j_str   ->   (dropped)
xij variables:
                                 v_p712   ->   v_p712_1 v_p712_2 v_p712_3
                                v_p713a   ->   v_p713a_1 v_p713a_2 v_p713a_3
                                v_p713b   ->   v_p713b_1 v_p713b_2 v_p713b_3
                                v_p713c   ->   v_p713c_1 v_p713c_2 v_p713c_3
                                v_p713d   ->   v_p713d_1 v_p713d_2 v_p713d_3
                                v_p713e   ->   v_p713e_1 v_p713e_2 v_p713e_3
                             v_ticuest0   ->   v_ticuest0_1 v_ticuest0_2 v_ticu
> est0_3
                     v_programa_social2   ->   v_programa_social2_1 v_programa_
> social2_2 v_programa_social2_3
-----------------------------------------------------------------------------
.     duplicates drop conglome vivienda hogar codperso, force

Duplicates in terms of conglome vivienda hogar codperso

(0 observations are duplicates)
.     save "datos crudos/enaho01-2012-700b_wide.dta", replace
file datos crudos/enaho01-2012-700b_wide.dta saved
. }

. 
. capture confirm file "datos crudos/enaho02-2012-2000a.dta"

. if _rc == 0 {
.     use "datos crudos/enaho02-2012-2000a.dta", clear
. 
.     * --- Armonizacion de nombres (Typos INEI) ---
.     capture rename p713b12 p713b
.     capture rename p713d12 p713d
.     capture rename p713e12 p713e
.     capture rename factor_07 factor07
.     * --------------------------------------------
. 
.     * --- Estandarizacion extrema de llaves (Anti-Ceros y Espacios) ---
.     foreach var in conglome vivienda hogar codperso codinfor { 
  2.         capture confirm variable `var'
  3.         if _rc == 0 {
  4.             capture tostring `var', replace force
  5.             capture replace `var' = trim(`var')
  6.             capture destring `var', replace force
  7.         }
  8.     }
.     * -----------------------------------------------------------------
.     drop if missing(conglome) | missing(vivienda) | missing(hogar) | missing(
> codperso)
(0 observations deleted)
.     duplicates drop

Duplicates in terms of all variables

(0 observations are duplicates)
.     bysort conglome vivienda hogar codperso: gen num_parcela = _n
.     tostring num_parcela, generate(j_str)
j_str generated as str2
.     replace j_str = "_" + j_str
variable j_str was str2 now str3
(29,866 real changes made)
.     drop num_parcela
. 
.     * --- Ahorro de Memoria: Borrado Quirúrgico ---
.     capture drop año
.     capture drop a?o
.     capture drop mes
.     capture drop nconglome
.     capture drop ubigeo
.     capture drop dominio
.     capture drop estrato
.     capture drop periodo
.     capture drop codinfor
.     capture drop factor*
.     capture drop factora*
.     * ---------------------------------------------
.     ds conglome vivienda hogar codperso j_str, not
p2005a   p2005c1  p2005c3  p2005c5  p2005c7  p2005e   p2005f2  p2005f4
p2005b   p2005c2  p2005c4  p2005c6  p2005d   p2005f1  p2005f3
.     local vars `r(varlist)'
.     foreach v of local vars {
  2.         rename `v' v_`v'
  3.     }
.     ds conglome vivienda hogar codperso j_str, not
v_p2005a   v_p2005c2  v_p2005c5  v_p2005d   v_p2005f2
v_p2005b   v_p2005c3  v_p2005c6  v_p2005e   v_p2005f3
v_p2005c1  v_p2005c4  v_p2005c7  v_p2005f1  v_p2005f4
.     local vars_wide `r(varlist)'
.     reshape wide `vars_wide', i(conglome vivienda hogar codperso) j(j_str) st
> ring
(j = _1 _10 _11 _12 _13 _14 _15 _16 _17 _18 _19 _2 _20 _21 _22 _23 _24 _25 _26 
> _27 _28 _29 _3 _30 _4 _5 _6 _7 _8 _9)

Data                               Long   ->   Wide
-----------------------------------------------------------------------------
Number of observations           29,866   ->   10,035      
Number of variables                  20   ->   454         
j variable (30 values)            j_str   ->   (dropped)
xij variables:
                               v_p2005a   ->   v_p2005a_1 v_p2005a_10 ... v_p20
> 05a_9
                               v_p2005b   ->   v_p2005b_1 v_p2005b_10 ... v_p20
> 05b_9
                              v_p2005c1   ->   v_p2005c1_1 v_p2005c1_10 ... v_p
> 2005c1_9
                              v_p2005c2   ->   v_p2005c2_1 v_p2005c2_10 ... v_p
> 2005c2_9
                              v_p2005c3   ->   v_p2005c3_1 v_p2005c3_10 ... v_p
> 2005c3_9
                              v_p2005c4   ->   v_p2005c4_1 v_p2005c4_10 ... v_p
> 2005c4_9
                              v_p2005c5   ->   v_p2005c5_1 v_p2005c5_10 ... v_p
> 2005c5_9
                              v_p2005c6   ->   v_p2005c6_1 v_p2005c6_10 ... v_p
> 2005c6_9
                              v_p2005c7   ->   v_p2005c7_1 v_p2005c7_10 ... v_p
> 2005c7_9
                               v_p2005d   ->   v_p2005d_1 v_p2005d_10 ... v_p20
> 05d_9
                               v_p2005e   ->   v_p2005e_1 v_p2005e_10 ... v_p20
> 05e_9
                              v_p2005f1   ->   v_p2005f1_1 v_p2005f1_10 ... v_p
> 2005f1_9
                              v_p2005f2   ->   v_p2005f2_1 v_p2005f2_10 ... v_p
> 2005f2_9
                              v_p2005f3   ->   v_p2005f3_1 v_p2005f3_10 ... v_p
> 2005f3_9
                              v_p2005f4   ->   v_p2005f4_1 v_p2005f4_10 ... v_p
> 2005f4_9
-----------------------------------------------------------------------------
.     duplicates drop conglome vivienda hogar codperso, force

Duplicates in terms of conglome vivienda hogar codperso

(0 observations are duplicates)
.     save "datos crudos/enaho02-2012-2000a_wide.dta", replace
file datos crudos/enaho02-2012-2000a_wide.dta saved
. }

. 
. capture confirm file "datos crudos/enaho02-2012-2100.dta"

. if _rc == 0 {
.     use "datos crudos/enaho02-2012-2100.dta", clear
. 
.     * --- Armonizacion de nombres (Typos INEI) ---
.     capture rename p713b12 p713b
.     capture rename p713d12 p713d
.     capture rename p713e12 p713e
.     capture rename factor_07 factor07
.     * --------------------------------------------
. 
.     * --- Estandarizacion extrema de llaves (Anti-Ceros y Espacios) ---
.     foreach var in conglome vivienda hogar codperso codinfor { 
  2.         capture confirm variable `var'
  3.         if _rc == 0 {
  4.             capture tostring `var', replace force
  5.             capture replace `var' = trim(`var')
  6.             capture destring `var', replace force
  7.         }
  8.     }
.     * -----------------------------------------------------------------
.     drop if missing(conglome) | missing(vivienda) | missing(hogar) | missing(
> codperso)
(0 observations deleted)
.     duplicates drop

Duplicates in terms of all variables

(0 observations are duplicates)
.     bysort conglome vivienda hogar codperso: gen num_cultivo = _n
.     tostring num_cultivo, generate(j_str)
j_str generated as str2
.     replace j_str = "_" + j_str
variable j_str was str2 now str3
(67,942 real changes made)
.     drop num_cultivo
. 
.     * --- Ahorro de Memoria: Borrado Quirúrgico ---
.     capture drop año
.     capture drop a?o
.     capture drop mes
.     capture drop nconglome
.     capture drop ubigeo
.     capture drop dominio
.     capture drop estrato
.     capture drop periodo
.     capture drop codinfor
.     capture drop factor*
.     capture drop factora*
.     * ---------------------------------------------
.     ds conglome vivienda hogar codperso j_str, not
p2100a    p21001b   p21002a1  p21002d   p21002f   p21002i   p21002l   p21002t
p2100b    p21001c   p21002b   p21002e   p21002g   p21002j   p21002m
p21001a   p21002a   p21002c   p21002e1  p21002h   p21002k   p21002n
.     local vars `r(varlist)'
.     foreach v of local vars {
  2.         rename `v' v_`v'
  3.     }
.     ds conglome vivienda hogar codperso j_str, not
v_p2100a    v_p21001c   v_p21002c   v_p21002f   v_p21002j   v_p21002n
v_p2100b    v_p21002a   v_p21002d   v_p21002g   v_p21002k   v_p21002t
v_p21001a   v_p21002a1  v_p21002e   v_p21002h   v_p21002l
v_p21001b   v_p21002b   v_p21002e1  v_p21002i   v_p21002m
.     local vars_wide `r(varlist)'
.     reshape wide `vars_wide', i(conglome vivienda hogar codperso) j(j_str) st
> ring
(j = _1 _10 _11 _12 _13 _14 _15 _16 _17 _18 _19 _2 _20 _21 _22 _23 _24 _25 _26 
> _27 _28 _29 _3 _30 _31 _32 _33 _34 _35 _36 _37 _38 _39 _4 _40 _5 _6 _7 _8 _9)

Data                               Long   ->   Wide
-----------------------------------------------------------------------------
Number of observations           67,942   ->   9,797       
Number of variables                  27   ->   884         
j variable (40 values)            j_str   ->   (dropped)
xij variables:
                               v_p2100a   ->   v_p2100a_1 v_p2100a_10 ... v_p21
> 00a_9
                               v_p2100b   ->   v_p2100b_1 v_p2100b_10 ... v_p21
> 00b_9
                              v_p21001a   ->   v_p21001a_1 v_p21001a_10 ... v_p
> 21001a_9
                              v_p21001b   ->   v_p21001b_1 v_p21001b_10 ... v_p
> 21001b_9
                              v_p21001c   ->   v_p21001c_1 v_p21001c_10 ... v_p
> 21001c_9
                              v_p21002a   ->   v_p21002a_1 v_p21002a_10 ... v_p
> 21002a_9
                             v_p21002a1   ->   v_p21002a1_1 v_p21002a1_10 ... v
> _p21002a1_9
                              v_p21002b   ->   v_p21002b_1 v_p21002b_10 ... v_p
> 21002b_9
                              v_p21002c   ->   v_p21002c_1 v_p21002c_10 ... v_p
> 21002c_9
                              v_p21002d   ->   v_p21002d_1 v_p21002d_10 ... v_p
> 21002d_9
                              v_p21002e   ->   v_p21002e_1 v_p21002e_10 ... v_p
> 21002e_9
                             v_p21002e1   ->   v_p21002e1_1 v_p21002e1_10 ... v
> _p21002e1_9
                              v_p21002f   ->   v_p21002f_1 v_p21002f_10 ... v_p
> 21002f_9
                              v_p21002g   ->   v_p21002g_1 v_p21002g_10 ... v_p
> 21002g_9
                              v_p21002h   ->   v_p21002h_1 v_p21002h_10 ... v_p
> 21002h_9
                              v_p21002i   ->   v_p21002i_1 v_p21002i_10 ... v_p
> 21002i_9
                              v_p21002j   ->   v_p21002j_1 v_p21002j_10 ... v_p
> 21002j_9
                              v_p21002k   ->   v_p21002k_1 v_p21002k_10 ... v_p
> 21002k_9
                              v_p21002l   ->   v_p21002l_1 v_p21002l_10 ... v_p
> 21002l_9
                              v_p21002m   ->   v_p21002m_1 v_p21002m_10 ... v_p
> 21002m_9
                              v_p21002n   ->   v_p21002n_1 v_p21002n_10 ... v_p
> 21002n_9
                              v_p21002t   ->   v_p21002t_1 v_p21002t_10 ... v_p
> 21002t_9
-----------------------------------------------------------------------------
.     duplicates drop conglome vivienda hogar codperso, force

Duplicates in terms of conglome vivienda hogar codperso

(0 observations are duplicates)
.     save "datos crudos/enaho02-2012-2100_wide.dta", replace
file datos crudos/enaho02-2012-2100_wide.dta saved
. }

. 
. capture confirm file "datos crudos/enaho02-2012-2200.dta"

. if _rc == 0 {
.     use "datos crudos/enaho02-2012-2200.dta", clear
. 
.     * --- Armonizacion de nombres (Typos INEI) ---
.     capture rename p713b12 p713b
.     capture rename p713d12 p713d
.     capture rename p713e12 p713e
.     capture rename factor_07 factor07
.     * --------------------------------------------
. 
.     * --- Estandarizacion extrema de llaves (Anti-Ceros y Espacios) ---
.     foreach var in conglome vivienda hogar codperso codinfor { 
  2.         capture confirm variable `var'
  3.         if _rc == 0 {
  4.             capture tostring `var', replace force
  5.             capture replace `var' = trim(`var')
  6.             capture destring `var', replace force
  7.         }
  8.     }
.     * -----------------------------------------------------------------
.     drop if missing(conglome) | missing(vivienda) | missing(hogar) | missing(
> codperso)
(0 observations deleted)
.     duplicates drop

Duplicates in terms of all variables

(0 observations are duplicates)
.     bysort conglome vivienda hogar codperso: gen num_subprod_agri = _n
.     tostring num_subprod_agri, generate(j_str)
j_str generated as str2
.     replace j_str = "_" + j_str
variable j_str was str2 now str3
(27,945 real changes made)
.     drop num_subprod_agri
. 
.     * --- Ahorro de Memoria: Borrado Quirúrgico ---
.     capture drop año
.     capture drop a?o
.     capture drop mes
.     capture drop nconglome
.     capture drop ubigeo
.     capture drop dominio
.     capture drop estrato
.     capture drop periodo
.     capture drop codinfor
.     capture drop factor*
.     capture drop factora*
.     * ---------------------------------------------
.     ds conglome vivienda hogar codperso j_str, not
p2200a    p22001a   p22001c   p22002a1  p22002c   p22002d   p22002f   p22002h
p2200b    p22001b   p22002a   p22002b   p22002c1  p22002e   p22002g   p22002t
.     local vars `r(varlist)'
.     foreach v of local vars {
  2.         rename `v' v_`v'
  3.     }
.     ds conglome vivienda hogar codperso j_str, not
v_p2200a    v_p22001b   v_p22002a1  v_p22002c1  v_p22002f   v_p22002t
v_p2200b    v_p22001c   v_p22002b   v_p22002d   v_p22002g
v_p22001a   v_p22002a   v_p22002c   v_p22002e   v_p22002h
.     local vars_wide `r(varlist)'
.     reshape wide `vars_wide', i(conglome vivienda hogar codperso) j(j_str) st
> ring
(j = _1 _10 _11 _12 _13 _14 _15 _2 _3 _4 _5 _6 _7 _8 _9)

Data                               Long   ->   Wide
-----------------------------------------------------------------------------
Number of observations           27,945   ->   6,708       
Number of variables                  21   ->   244         
j variable (15 values)            j_str   ->   (dropped)
xij variables:
                               v_p2200a   ->   v_p2200a_1 v_p2200a_10 ... v_p22
> 00a_9
                               v_p2200b   ->   v_p2200b_1 v_p2200b_10 ... v_p22
> 00b_9
                              v_p22001a   ->   v_p22001a_1 v_p22001a_10 ... v_p
> 22001a_9
                              v_p22001b   ->   v_p22001b_1 v_p22001b_10 ... v_p
> 22001b_9
                              v_p22001c   ->   v_p22001c_1 v_p22001c_10 ... v_p
> 22001c_9
                              v_p22002a   ->   v_p22002a_1 v_p22002a_10 ... v_p
> 22002a_9
                             v_p22002a1   ->   v_p22002a1_1 v_p22002a1_10 ... v
> _p22002a1_9
                              v_p22002b   ->   v_p22002b_1 v_p22002b_10 ... v_p
> 22002b_9
                              v_p22002c   ->   v_p22002c_1 v_p22002c_10 ... v_p
> 22002c_9
                             v_p22002c1   ->   v_p22002c1_1 v_p22002c1_10 ... v
> _p22002c1_9
                              v_p22002d   ->   v_p22002d_1 v_p22002d_10 ... v_p
> 22002d_9
                              v_p22002e   ->   v_p22002e_1 v_p22002e_10 ... v_p
> 22002e_9
                              v_p22002f   ->   v_p22002f_1 v_p22002f_10 ... v_p
> 22002f_9
                              v_p22002g   ->   v_p22002g_1 v_p22002g_10 ... v_p
> 22002g_9
                              v_p22002h   ->   v_p22002h_1 v_p22002h_10 ... v_p
> 22002h_9
                              v_p22002t   ->   v_p22002t_1 v_p22002t_10 ... v_p
> 22002t_9
-----------------------------------------------------------------------------
.     duplicates drop conglome vivienda hogar codperso, force

Duplicates in terms of conglome vivienda hogar codperso

(0 observations are duplicates)
.     save "datos crudos/enaho02-2012-2200_wide.dta", replace
file datos crudos/enaho02-2012-2200_wide.dta saved
. }

. 
. capture confirm file "datos crudos/enaho02-2012-2300.dta"

. if _rc == 0 {
.     use "datos crudos/enaho02-2012-2300.dta", clear
. 
.     * --- Armonizacion de nombres (Typos INEI) ---
.     capture rename p713b12 p713b
.     capture rename p713d12 p713d
.     capture rename p713e12 p713e
.     capture rename factor_07 factor07
.     * --------------------------------------------
. 
.     * --- Estandarizacion extrema de llaves (Anti-Ceros y Espacios) ---
.     foreach var in conglome vivienda hogar codperso codinfor { 
  2.         capture confirm variable `var'
  3.         if _rc == 0 {
  4.             capture tostring `var', replace force
  5.             capture replace `var' = trim(`var')
  6.             capture destring `var', replace force
  7.         }
  8.     }
.     * -----------------------------------------------------------------
.     drop if missing(conglome) | missing(vivienda) | missing(hogar) | missing(
> codperso)
(0 observations deleted)
.     duplicates drop

Duplicates in terms of all variables

(0 observations are duplicates)
.     bysort conglome vivienda hogar codperso: gen num_forestal = _n
.     tostring num_forestal, generate(j_str)
j_str generated as str1
.     replace j_str = "_" + j_str
variable j_str was str1 now str2
(8,364 real changes made)
.     drop num_forestal
. 
.     * --- Ahorro de Memoria: Borrado Quirúrgico ---
.     capture drop año
.     capture drop a?o
.     capture drop mes
.     capture drop nconglome
.     capture drop ubigeo
.     capture drop dominio
.     capture drop estrato
.     capture drop periodo
.     capture drop codinfor
.     capture drop factor*
.     capture drop factora*
.     * ---------------------------------------------
.     ds conglome vivienda hogar codperso j_str, not
p2300a   p2300b   p23001   p23002a  p23002b  p23002c  p23002t
.     local vars `r(varlist)'
.     foreach v of local vars {
  2.         rename `v' v_`v'
  3.     }
.     ds conglome vivienda hogar codperso j_str, not
v_p2300a   v_p2300b   v_p23001   v_p23002a  v_p23002b  v_p23002c  v_p23002t
.     local vars_wide `r(varlist)'
.     reshape wide `vars_wide', i(conglome vivienda hogar codperso) j(j_str) st
> ring
(j = _1 _2 _3 _4 _5 _6 _7 _8 _9)

Data                               Long   ->   Wide
-----------------------------------------------------------------------------
Number of observations            8,364   ->   3,305       
Number of variables                  12   ->   67          
j variable (9 values)             j_str   ->   (dropped)
xij variables:
                               v_p2300a   ->   v_p2300a_1 v_p2300a_2 ... v_p230
> 0a_9
                               v_p2300b   ->   v_p2300b_1 v_p2300b_2 ... v_p230
> 0b_9
                               v_p23001   ->   v_p23001_1 v_p23001_2 ... v_p230
> 01_9
                              v_p23002a   ->   v_p23002a_1 v_p23002a_2 ... v_p2
> 3002a_9
                              v_p23002b   ->   v_p23002b_1 v_p23002b_2 ... v_p2
> 3002b_9
                              v_p23002c   ->   v_p23002c_1 v_p23002c_2 ... v_p2
> 3002c_9
                              v_p23002t   ->   v_p23002t_1 v_p23002t_2 ... v_p2
> 3002t_9
-----------------------------------------------------------------------------
.     duplicates drop conglome vivienda hogar codperso, force

Duplicates in terms of conglome vivienda hogar codperso

(0 observations are duplicates)
.     save "datos crudos/enaho02-2012-2300_wide.dta", replace
file datos crudos/enaho02-2012-2300_wide.dta saved
. }

. 
. capture confirm file "datos crudos/enaho02-2012-2500.dta"

. if _rc == 0 {
.     use "datos crudos/enaho02-2012-2500.dta", clear
. 
.     * --- Armonizacion de nombres (Typos INEI) ---
.     capture rename p713b12 p713b
.     capture rename p713d12 p713d
.     capture rename p713e12 p713e
.     capture rename factor_07 factor07
.     * --------------------------------------------
. 
.     * --- Estandarizacion extrema de llaves (Anti-Ceros y Espacios) ---
.     foreach var in conglome vivienda hogar codperso codinfor { 
  2.         capture confirm variable `var'
  3.         if _rc == 0 {
  4.             capture tostring `var', replace force
  5.             capture replace `var' = trim(`var')
  6.             capture destring `var', replace force
  7.         }
  8.     }
.     * -----------------------------------------------------------------
.     drop if missing(conglome) | missing(vivienda) | missing(hogar) | missing(
> codperso)
(0 observations deleted)
.     duplicates drop

Duplicates in terms of all variables

(0 observations are duplicates)
.     bysort conglome vivienda hogar codperso: gen num_pecuario = _n
.     tostring num_pecuario, generate(j_str)
j_str generated as str2
.     replace j_str = "_" + j_str
variable j_str was str2 now str3
(38,385 real changes made)
.     drop num_pecuario
. 
.     * --- Ahorro de Memoria: Borrado Quirúrgico ---
.     capture drop año
.     capture drop a?o
.     capture drop mes
.     capture drop nconglome
.     capture drop ubigeo
.     capture drop dominio
.     capture drop estrato
.     capture drop periodo
.     capture drop codinfor
.     capture drop factor*
.     capture drop factora*
.     * ---------------------------------------------
.     ds conglome vivienda hogar codperso j_str, not
p2500a    p25002a2  p25002d1  p25002g1  p25002i2  p25002l1  p25002o1
p2500b    p25002b1  p25002d2  p25002g2  p25002j1  p25002l2  p25002o2
p25001a   p25002b2  p25002e1  p25002h1  p25002j2  p25002m1  p25002o3
p25001b   p25002c1  p25002e2  p25002h2  p25002k1  p25002m2  p25002t
p25002a1  p25002c2  p25002f1  p25002i1  p25002k2  p25002n1
.     local vars `r(varlist)'
.     foreach v of local vars {
  2.         rename `v' v_`v'
  3.     }
.     ds conglome vivienda hogar codperso j_str, not
v_p2500a    v_p25002b1  v_p25002e1  v_p25002h2  v_p25002k2  v_p25002o1
v_p2500b    v_p25002b2  v_p25002e2  v_p25002i1  v_p25002l1  v_p25002o2
v_p25001a   v_p25002c1  v_p25002f1  v_p25002i2  v_p25002l2  v_p25002o3
v_p25001b   v_p25002c2  v_p25002g1  v_p25002j1  v_p25002m1  v_p25002t
v_p25002a1  v_p25002d1  v_p25002g2  v_p25002j2  v_p25002m2
v_p25002a2  v_p25002d2  v_p25002h1  v_p25002k1  v_p25002n1
.     local vars_wide `r(varlist)'
.     reshape wide `vars_wide', i(conglome vivienda hogar codperso) j(j_str) st
> ring
(j = _1 _10 _2 _3 _4 _5 _6 _7 _8 _9)

Data                               Long   ->   Wide
-----------------------------------------------------------------------------
Number of observations           38,385   ->   9,649       
Number of variables                  39   ->   344         
j variable (10 values)            j_str   ->   (dropped)
xij variables:
                               v_p2500a   ->   v_p2500a_1 v_p2500a_10 ... v_p25
> 00a_9
                               v_p2500b   ->   v_p2500b_1 v_p2500b_10 ... v_p25
> 00b_9
                              v_p25001a   ->   v_p25001a_1 v_p25001a_10 ... v_p
> 25001a_9
                              v_p25001b   ->   v_p25001b_1 v_p25001b_10 ... v_p
> 25001b_9
                             v_p25002a1   ->   v_p25002a1_1 v_p25002a1_10 ... v
> _p25002a1_9
                             v_p25002a2   ->   v_p25002a2_1 v_p25002a2_10 ... v
> _p25002a2_9
                             v_p25002b1   ->   v_p25002b1_1 v_p25002b1_10 ... v
> _p25002b1_9
                             v_p25002b2   ->   v_p25002b2_1 v_p25002b2_10 ... v
> _p25002b2_9
                             v_p25002c1   ->   v_p25002c1_1 v_p25002c1_10 ... v
> _p25002c1_9
                             v_p25002c2   ->   v_p25002c2_1 v_p25002c2_10 ... v
> _p25002c2_9
                             v_p25002d1   ->   v_p25002d1_1 v_p25002d1_10 ... v
> _p25002d1_9
                             v_p25002d2   ->   v_p25002d2_1 v_p25002d2_10 ... v
> _p25002d2_9
                             v_p25002e1   ->   v_p25002e1_1 v_p25002e1_10 ... v
> _p25002e1_9
                             v_p25002e2   ->   v_p25002e2_1 v_p25002e2_10 ... v
> _p25002e2_9
                             v_p25002f1   ->   v_p25002f1_1 v_p25002f1_10 ... v
> _p25002f1_9
                             v_p25002g1   ->   v_p25002g1_1 v_p25002g1_10 ... v
> _p25002g1_9
                             v_p25002g2   ->   v_p25002g2_1 v_p25002g2_10 ... v
> _p25002g2_9
                             v_p25002h1   ->   v_p25002h1_1 v_p25002h1_10 ... v
> _p25002h1_9
                             v_p25002h2   ->   v_p25002h2_1 v_p25002h2_10 ... v
> _p25002h2_9
                             v_p25002i1   ->   v_p25002i1_1 v_p25002i1_10 ... v
> _p25002i1_9
                             v_p25002i2   ->   v_p25002i2_1 v_p25002i2_10 ... v
> _p25002i2_9
                             v_p25002j1   ->   v_p25002j1_1 v_p25002j1_10 ... v
> _p25002j1_9
                             v_p25002j2   ->   v_p25002j2_1 v_p25002j2_10 ... v
> _p25002j2_9
                             v_p25002k1   ->   v_p25002k1_1 v_p25002k1_10 ... v
> _p25002k1_9
                             v_p25002k2   ->   v_p25002k2_1 v_p25002k2_10 ... v
> _p25002k2_9
                             v_p25002l1   ->   v_p25002l1_1 v_p25002l1_10 ... v
> _p25002l1_9
                             v_p25002l2   ->   v_p25002l2_1 v_p25002l2_10 ... v
> _p25002l2_9
                             v_p25002m1   ->   v_p25002m1_1 v_p25002m1_10 ... v
> _p25002m1_9
                             v_p25002m2   ->   v_p25002m2_1 v_p25002m2_10 ... v
> _p25002m2_9
                             v_p25002n1   ->   v_p25002n1_1 v_p25002n1_10 ... v
> _p25002n1_9
                             v_p25002o1   ->   v_p25002o1_1 v_p25002o1_10 ... v
> _p25002o1_9
                             v_p25002o2   ->   v_p25002o2_1 v_p25002o2_10 ... v
> _p25002o2_9
                             v_p25002o3   ->   v_p25002o3_1 v_p25002o3_10 ... v
> _p25002o3_9
                              v_p25002t   ->   v_p25002t_1 v_p25002t_10 ... v_p
> 25002t_9
-----------------------------------------------------------------------------
.     duplicates drop conglome vivienda hogar codperso, force

Duplicates in terms of conglome vivienda hogar codperso

(0 observations are duplicates)
.     save "datos crudos/enaho02-2012-2500_wide.dta", replace
file datos crudos/enaho02-2012-2500_wide.dta saved
. }

. 
. capture confirm file "datos crudos/enaho02-2012-2600.dta"

. if _rc == 0 {
.     use "datos crudos/enaho02-2012-2600.dta", clear
. 
.     * --- Armonizacion de nombres (Typos INEI) ---
.     capture rename p713b12 p713b
.     capture rename p713d12 p713d
.     capture rename p713e12 p713e
.     capture rename factor_07 factor07
.     * --------------------------------------------
. 
.     * --- Estandarizacion extrema de llaves (Anti-Ceros y Espacios) ---
.     foreach var in conglome vivienda hogar codperso codinfor { 
  2.         capture confirm variable `var'
  3.         if _rc == 0 {
  4.             capture tostring `var', replace force
  5.             capture replace `var' = trim(`var')
  6.             capture destring `var', replace force
  7.         }
  8.     }
.     * -----------------------------------------------------------------
.     drop if missing(conglome) | missing(vivienda) | missing(hogar) | missing(
> codperso)
(0 observations deleted)
.     duplicates drop

Duplicates in terms of all variables

(0 observations are duplicates)
.     bysort conglome vivienda hogar codperso: gen num_subprod_pec = _n
.     tostring num_subprod_pec, generate(j_str)
j_str generated as str2
.     replace j_str = "_" + j_str
variable j_str was str2 now str3
(25,184 real changes made)
.     drop num_subprod_pec
. 
.     * --- Ahorro de Memoria: Borrado Quirúrgico ---
.     capture drop año
.     capture drop a?o
.     capture drop mes
.     capture drop nconglome
.     capture drop ubigeo
.     capture drop dominio
.     capture drop estrato
.     capture drop periodo
.     capture drop codinfor
.     capture drop factor*
.     capture drop factora*
.     * ---------------------------------------------
.     ds conglome vivienda hogar codperso j_str, not
p2600a   p26001a  p26001c  p26002b  p26002d  p26002f  p26002h
p2600b   p26001b  p26002a  p26002c  p26002e  p26002g  p26002t
.     local vars `r(varlist)'
.     foreach v of local vars {
  2.         rename `v' v_`v'
  3.     }
.     ds conglome vivienda hogar codperso j_str, not
v_p2600a   v_p26001a  v_p26001c  v_p26002b  v_p26002d  v_p26002f  v_p26002h
v_p2600b   v_p26001b  v_p26002a  v_p26002c  v_p26002e  v_p26002g  v_p26002t
.     local vars_wide `r(varlist)'
.     reshape wide `vars_wide', i(conglome vivienda hogar codperso) j(j_str) st
> ring
(j = _1 _10 _11 _12 _2 _3 _4 _5 _6 _7 _8 _9)

Data                               Long   ->   Wide
-----------------------------------------------------------------------------
Number of observations           25,184   ->   7,924       
Number of variables                  19   ->   172         
j variable (12 values)            j_str   ->   (dropped)
xij variables:
                               v_p2600a   ->   v_p2600a_1 v_p2600a_10 ... v_p26
> 00a_9
                               v_p2600b   ->   v_p2600b_1 v_p2600b_10 ... v_p26
> 00b_9
                              v_p26001a   ->   v_p26001a_1 v_p26001a_10 ... v_p
> 26001a_9
                              v_p26001b   ->   v_p26001b_1 v_p26001b_10 ... v_p
> 26001b_9
                              v_p26001c   ->   v_p26001c_1 v_p26001c_10 ... v_p
> 26001c_9
                              v_p26002a   ->   v_p26002a_1 v_p26002a_10 ... v_p
> 26002a_9
                              v_p26002b   ->   v_p26002b_1 v_p26002b_10 ... v_p
> 26002b_9
                              v_p26002c   ->   v_p26002c_1 v_p26002c_10 ... v_p
> 26002c_9
                              v_p26002d   ->   v_p26002d_1 v_p26002d_10 ... v_p
> 26002d_9
                              v_p26002e   ->   v_p26002e_1 v_p26002e_10 ... v_p
> 26002e_9
                              v_p26002f   ->   v_p26002f_1 v_p26002f_10 ... v_p
> 26002f_9
                              v_p26002g   ->   v_p26002g_1 v_p26002g_10 ... v_p
> 26002g_9
                              v_p26002h   ->   v_p26002h_1 v_p26002h_10 ... v_p
> 26002h_9
                              v_p26002t   ->   v_p26002t_1 v_p26002t_10 ... v_p
> 26002t_9
-----------------------------------------------------------------------------
.     duplicates drop conglome vivienda hogar codperso, force

Duplicates in terms of conglome vivienda hogar codperso

(0 observations are duplicates)
.     save "datos crudos/enaho02-2012-2600_wide.dta", replace
file datos crudos/enaho02-2012-2600_wide.dta saved
. }

. 
. capture confirm file "datos crudos/enaho02-2012-2000.dta"

. if _rc == 0 {
.     use "datos crudos/enaho02-2012-2000.dta", clear
. 
.     * --- Armonizacion de nombres (Typos INEI) ---
.     capture rename p713b12 p713b
.     capture rename p713d12 p713d
.     capture rename p713e12 p713e
.     capture rename factor_07 factor07
.     * --------------------------------------------
. 
.     * --- Estandarizacion extrema de llaves (Anti-Ceros y Espacios) ---
.     foreach var in conglome vivienda hogar codperso codinfor { 
  2.         capture confirm variable `var'
  3.         if _rc == 0 {
  4.             capture tostring `var', replace force
  5.             capture replace `var' = trim(`var')
  6.             capture destring `var', replace force
  7.         }
  8.     }
.     * -----------------------------------------------------------------
. 
.     * --- Ahorro de Memoria: Borrado Quirúrgico ---
.     capture drop año
.     capture drop a?o
.     capture drop mes
.     capture drop nconglome
.     capture drop ubigeo
.     capture drop dominio
.     capture drop estrato
.     capture drop periodo
.     capture drop codinfor
.     capture drop factor*
.     capture drop factora*
.     * ---------------------------------------------
.     drop if missing(conglome) | missing(vivienda) | missing(hogar) | missing(
> codperso)
(0 observations deleted)
.     duplicates drop conglome vivienda hogar codperso, force

Duplicates in terms of conglome vivienda hogar codperso

(0 observations are duplicates)
.     save "datos crudos/enaho02-2012-2000_clean.dta", replace
file datos crudos/enaho02-2012-2000_clean.dta saved
. }

. 
. capture confirm file "datos crudos/enaho02-2012-2400.dta"

. if _rc == 0 {
.     use "datos crudos/enaho02-2012-2400.dta", clear
. 
.     * --- Armonizacion de nombres (Typos INEI) ---
.     capture rename p713b12 p713b
.     capture rename p713d12 p713d
.     capture rename p713e12 p713e
.     capture rename factor_07 factor07
.     * --------------------------------------------
. 
.     * --- Estandarizacion extrema de llaves (Anti-Ceros y Espacios) ---
.     foreach var in conglome vivienda hogar codperso codinfor { 
  2.         capture confirm variable `var'
  3.         if _rc == 0 {
  4.             capture tostring `var', replace force
  5.             capture replace `var' = trim(`var')
  6.             capture destring `var', replace force
  7.         }
  8.     }
.     * -----------------------------------------------------------------
. 
.     * --- Ahorro de Memoria: Borrado Quirúrgico ---
.     capture drop año
.     capture drop a?o
.     capture drop mes
.     capture drop nconglome
.     capture drop ubigeo
.     capture drop dominio
.     capture drop estrato
.     capture drop periodo
.     capture drop codinfor
.     capture drop factor*
.     capture drop factora*
.     * ---------------------------------------------
.     drop if missing(conglome) | missing(vivienda) | missing(hogar) | missing(
> codperso)
(0 observations deleted)
.     duplicates drop conglome vivienda hogar codperso, force

Duplicates in terms of conglome vivienda hogar codperso

(0 observations are duplicates)
.     save "datos crudos/enaho02-2012-2400_clean.dta", replace
file datos crudos/enaho02-2012-2400_clean.dta saved
. }

. 
. capture confirm file "datos crudos/enaho02-2012-2700.dta"

. if _rc == 0 {
.     use "datos crudos/enaho02-2012-2700.dta", clear
. 
.     * --- Armonizacion de nombres (Typos INEI) ---
.     capture rename p713b12 p713b
.     capture rename p713d12 p713d
.     capture rename p713e12 p713e
.     capture rename factor_07 factor07
.     * --------------------------------------------
. 
.     * --- Estandarizacion extrema de llaves (Anti-Ceros y Espacios) ---
.     foreach var in conglome vivienda hogar codperso codinfor { 
  2.         capture confirm variable `var'
  3.         if _rc == 0 {
  4.             capture tostring `var', replace force
  5.             capture replace `var' = trim(`var')
  6.             capture destring `var', replace force
  7.         }
  8.     }
.     * -----------------------------------------------------------------
. 
.     * --- Ahorro de Memoria: Borrado Quirúrgico ---
.     capture drop año
.     capture drop a?o
.     capture drop mes
.     capture drop nconglome
.     capture drop ubigeo
.     capture drop dominio
.     capture drop estrato
.     capture drop periodo
.     capture drop codinfor
.     capture drop factor*
.     capture drop factora*
.     * ---------------------------------------------
.     drop if missing(conglome) | missing(vivienda) | missing(hogar) | missing(
> codperso)
(0 observations deleted)
.     duplicates drop conglome vivienda hogar codperso, force

Duplicates in terms of conglome vivienda hogar codperso

(0 observations are duplicates)
.     save "datos crudos/enaho02-2012-2700_clean.dta", replace
file datos crudos/enaho02-2012-2700_clean.dta saved
. }

. 
. use "datos crudos/enaho01-2012-200.dta", clear

. 
.     * --- Estandarizacion extrema de llaves (Anti-Ceros y Espacios) ---
.     foreach var in conglome vivienda hogar codperso codinfor { 
  2.         capture confirm variable `var'
  3.         if _rc == 0 {
  4.             capture tostring `var', replace force
  5.             capture replace `var' = trim(`var')
  6.             capture destring `var', replace force
  7.         }
  8.     }

.     * -----------------------------------------------------------------
. drop if missing(conglome) | missing(vivienda) | missing(hogar) | missing(codp
> erso)
(0 observations deleted)

. duplicates drop conglome vivienda hogar codperso, force

Duplicates in terms of conglome vivienda hogar codperso

(0 observations are duplicates)

. 
. capture confirm file "datos crudos/enaho01a-2012-300_clean.dta"

. if _rc == 0 {
.     merge 1:1 conglome vivienda hogar codperso using "datos crudos/enaho01a-2
> 012-300_clean.dta", force
(label LABB already defined)

    Result                      Number of obs
    -----------------------------------------
    Not matched                         9,861
        from master                     9,861  (_merge==1)
        from using                          0  (_merge==2)

    Matched                            94,109  (_merge==3)
    -----------------------------------------
.     drop if _merge == 2
(0 observations deleted)
.     drop _merge
. }

. capture confirm file "datos crudos/enaho01a-2012-400_clean.dta"

. if _rc == 0 {
.     merge 1:1 conglome vivienda hogar codperso using "datos crudos/enaho01a-2
> 012-400_clean.dta", force
(label p203 already defined)
(label p207 already defined)
(label p209 already defined)
(label p301a already defined)

    Result                      Number of obs
    -----------------------------------------
    Not matched                         5,142
        from master                     5,142  (_merge==1)
        from using                          0  (_merge==2)

    Matched                            98,828  (_merge==3)
    -----------------------------------------
.     drop if _merge == 2
(0 observations deleted)
.     drop _merge
. }

. capture confirm file "datos crudos/enaho01a-2012-500_clean.dta"

. if _rc == 0 {
.     merge 1:1 conglome vivienda hogar codperso using "datos crudos/enaho01a-2
> 012-500_clean.dta", force
(label LABB already defined)
(label LABC already defined)
(label LABD already defined)
(label LABE already defined)
(label LABF already defined)
(label LABG already defined)
(label LABH already defined)
(label LABI already defined)
(label LABJ already defined)
(label LABK already defined)
(label LABL already defined)
(label LABM already defined)
(label p203 already defined)
(label p207 already defined)
(label p209 already defined)
(label p301a already defined)
(label ticuest01a already defined)

    Result                      Number of obs
    -----------------------------------------
    Not matched                        30,641
        from master                    30,641  (_merge==1)
        from using                          0  (_merge==2)

    Matched                            73,329  (_merge==3)
    -----------------------------------------
.     drop if _merge == 2
(0 observations deleted)
.     drop _merge
. }

. capture confirm file "datos crudos/enaho01b-2012-1_clean.dta"

. if _rc == 0 {
.     merge 1:1 conglome vivienda hogar codperso using "datos crudos/enaho01b-2
> 012-1_clean.dta", force
(label ticuest0 already defined)

    Result                      Number of obs
    -----------------------------------------
    Not matched                        78,879
        from master                    78,879  (_merge==1)
        from using                          0  (_merge==2)

    Matched                            25,091  (_merge==3)
    -----------------------------------------
.     drop if _merge == 2
(0 observations deleted)
.     drop _merge
. }

. capture confirm file "datos crudos/enaho01b-2012-2_clean.dta"

. if _rc == 0 {
.     merge 1:1 conglome vivienda hogar codperso using "datos crudos/enaho01b-2
> 012-2_clean.dta", force
(label ticuest0 already defined)

    Result                      Number of obs
    -----------------------------------------
    Not matched                        78,879
        from master                    78,879  (_merge==1)
        from using                          0  (_merge==2)

    Matched                            25,091  (_merge==3)
    -----------------------------------------
.     drop if _merge == 2
(0 observations deleted)
.     drop _merge
. }

. capture confirm file "datos crudos/enaho01b-2012-3_clean.dta"

. if _rc == 0 {
.     merge 1:1 conglome vivienda hogar codperso using "datos crudos/enaho01b-2
> 012-3_clean.dta", force
(label ticuest0 already defined)

    Result                      Number of obs
    -----------------------------------------
    Not matched                        80,797
        from master                    80,797  (_merge==1)
        from using                          0  (_merge==2)

    Matched                            23,173  (_merge==3)
    -----------------------------------------
.     drop if _merge == 2
(0 observations deleted)
.     drop _merge
. }

. capture confirm file "datos crudos/enaho01-2012-700a_wide.dta"

. if _rc == 0 {
.     merge 1:1 conglome vivienda hogar codperso using "datos crudos/enaho01-20
> 12-700a_wide.dta", force

    Result                      Number of obs
    -----------------------------------------
    Not matched                        89,307
        from master                    89,307  (_merge==1)
        from using                          0  (_merge==2)

    Matched                            14,663  (_merge==3)
    -----------------------------------------
.     drop if _merge == 2
(0 observations deleted)
.     drop _merge
. }

. capture confirm file "datos crudos/enaho01-2012-700b_wide.dta"

. if _rc == 0 {
.     merge 1:1 conglome vivienda hogar codperso using "datos crudos/enaho01-20
> 12-700b_wide.dta", force
(label ticuest0 already defined)

    Result                      Number of obs
    -----------------------------------------
    Not matched                        98,970
        from master                    98,970  (_merge==1)
        from using                          0  (_merge==2)

    Matched                             5,000  (_merge==3)
    -----------------------------------------
.     drop if _merge == 2
(0 observations deleted)
.     drop _merge
. }

. capture confirm file "datos crudos/enaho02-2012-2000_clean.dta"

. if _rc == 0 {
.     merge 1:1 conglome vivienda hogar codperso using "datos crudos/enaho02-20
> 12-2000_clean.dta", force
(label ticuest0 already defined)

    Result                      Number of obs
    -----------------------------------------
    Not matched                        92,838
        from master                    92,838  (_merge==1)
        from using                          0  (_merge==2)

    Matched                            11,132  (_merge==3)
    -----------------------------------------
.     drop if _merge == 2
(0 observations deleted)
.     drop _merge
. }

. capture confirm file "datos crudos/enaho02-2012-2000a_wide.dta"

. if _rc == 0 {
.     merge 1:1 conglome vivienda hogar codperso using "datos crudos/enaho02-20
> 12-2000a_wide.dta", force

    Result                      Number of obs
    -----------------------------------------
    Not matched                        93,935
        from master                    93,935  (_merge==1)
        from using                          0  (_merge==2)

    Matched                            10,035  (_merge==3)
    -----------------------------------------
.     drop if _merge == 2
(0 observations deleted)
.     drop _merge
. }

. capture confirm file "datos crudos/enaho02-2012-2100_wide.dta"

. if _rc == 0 {
.     merge 1:1 conglome vivienda hogar codperso using "datos crudos/enaho02-20
> 12-2100_wide.dta", force

    Result                      Number of obs
    -----------------------------------------
    Not matched                        94,173
        from master                    94,173  (_merge==1)
        from using                          0  (_merge==2)

    Matched                             9,797  (_merge==3)
    -----------------------------------------
.     drop if _merge == 2
(0 observations deleted)
.     drop _merge
. }

. capture confirm file "datos crudos/enaho02-2012-2200_wide.dta"

. if _rc == 0 {
.     merge 1:1 conglome vivienda hogar codperso using "datos crudos/enaho02-20
> 12-2200_wide.dta", force

    Result                      Number of obs
    -----------------------------------------
    Not matched                        97,262
        from master                    97,262  (_merge==1)
        from using                          0  (_merge==2)

    Matched                             6,708  (_merge==3)
    -----------------------------------------
.     drop if _merge == 2
(0 observations deleted)
.     drop _merge
. }

. capture confirm file "datos crudos/enaho02-2012-2300_wide.dta"

. if _rc == 0 {
.     merge 1:1 conglome vivienda hogar codperso using "datos crudos/enaho02-20
> 12-2300_wide.dta", force

    Result                      Number of obs
    -----------------------------------------
    Not matched                       100,665
        from master                   100,665  (_merge==1)
        from using                          0  (_merge==2)

    Matched                             3,305  (_merge==3)
    -----------------------------------------
.     drop if _merge == 2
(0 observations deleted)
.     drop _merge
. }

. capture confirm file "datos crudos/enaho02-2012-2400_clean.dta"

. if _rc == 0 {
.     merge 1:1 conglome vivienda hogar codperso using "datos crudos/enaho02-20
> 12-2400_clean.dta", force

    Result                      Number of obs
    -----------------------------------------
    Not matched                        94,110
        from master                    94,110  (_merge==1)
        from using                          0  (_merge==2)

    Matched                             9,860  (_merge==3)
    -----------------------------------------
.     drop if _merge == 2
(0 observations deleted)
.     drop _merge
. }

. capture confirm file "datos crudos/enaho02-2012-2500_wide.dta"

. if _rc == 0 {
.     merge 1:1 conglome vivienda hogar codperso using "datos crudos/enaho02-20
> 12-2500_wide.dta", force

    Result                      Number of obs
    -----------------------------------------
    Not matched                        94,321
        from master                    94,321  (_merge==1)
        from using                          0  (_merge==2)

    Matched                             9,649  (_merge==3)
    -----------------------------------------
.     drop if _merge == 2
(0 observations deleted)
.     drop _merge
. }

. capture confirm file "datos crudos/enaho02-2012-2600_wide.dta"

. if _rc == 0 {
.     merge 1:1 conglome vivienda hogar codperso using "datos crudos/enaho02-20
> 12-2600_wide.dta", force

    Result                      Number of obs
    -----------------------------------------
    Not matched                        96,046
        from master                    96,046  (_merge==1)
        from using                          0  (_merge==2)

    Matched                             7,924  (_merge==3)
    -----------------------------------------
.     drop if _merge == 2
(0 observations deleted)
.     drop _merge
. }

. capture confirm file "datos crudos/enaho02-2012-2700_clean.dta"

. if _rc == 0 {
.     merge 1:1 conglome vivienda hogar codperso using "datos crudos/enaho02-20
> 12-2700_clean.dta", force

    Result                      Number of obs
    -----------------------------------------
    Not matched                        94,671
        from master                    94,671  (_merge==1)
        from using                          0  (_merge==2)

    Matched                             9,299  (_merge==3)
    -----------------------------------------
.     drop if _merge == 2
(0 observations deleted)
.     drop _merge
. }

. save "datos crudos/temp_personas_2012.dta", replace
file datos crudos/temp_personas_2012.dta saved

. 
. use "datos crudos/temp_personas_2012.dta", clear

. capture confirm file "datos crudos/enaho01-2012-100_clean.dta"

. if _rc == 0 {
.     merge m:1 conglome vivienda hogar using "datos crudos/enaho01-2012-100_cl
> ean.dta", force
(label LABB already defined)
(label LABC already defined)
(label LABD already defined)
(label LABE already defined)
(label LABF already defined)
(label LABG already defined)
(label LABH already defined)
(label LABI already defined)
(label LABJ already defined)
(label LABK already defined)
(label LABL already defined)
(label LABM already defined)
(label ticuest01 already defined)

    Result                      Number of obs
    -----------------------------------------
    Not matched                         7,455
        from master                         0  (_merge==1)
        from using                      7,455  (_merge==2)

    Matched                           103,970  (_merge==3)
    -----------------------------------------
.     drop if _merge == 2
(7,455 observations deleted)
.     drop _merge
. }

. capture confirm file "datos crudos/enaho01-2012-700_clean.dta"

. if _rc == 0 {
.     merge m:1 conglome vivienda hogar using "datos crudos/enaho01-2012-700_cl
> ean.dta", force
(label ticuest0 already defined)

    Result                      Number of obs
    -----------------------------------------
    Not matched                             0
    Matched                           103,970  (_merge==3)
    -----------------------------------------
.     drop if _merge == 2
(0 observations deleted)
.     drop _merge
. }

. capture confirm file "datos crudos/sumaria-2012_clean.dta"

. if _rc == 0 {
.     merge m:1 conglome vivienda hogar using "datos crudos/sumaria-2012_clean.
> dta", force

    Result                      Number of obs
    -----------------------------------------
    Not matched                             0
    Matched                           103,970  (_merge==3)
    -----------------------------------------
.     drop if _merge == 2
(0 observations deleted)
.     drop _merge
. }

. save "datos crudos/2012.dta", replace
file datos crudos/2012.dta saved

. 
. use "datos crudos/2012.dta", clear

. rename conglome con_12

. rename vivienda viv_12

. rename hogar hog_12

. save "datos crudos/2012n.dta", replace
file datos crudos/2012n.dta saved

. 
. use "datos crudos/enaho01_2012_2016_100_panel.dta", clear

.     * --- Armonizar llaves maestras del Panel Antiguo ---
.     capture rename cenl numpanh

.     capture rename num_hog numpanh

.     * -----------------------------------------------------------
.     * --- Armonizar nombres mutantes del Panel ---
.     capture rename factor_07_12 factor07_12

.     capture rename factor07_12_12 factor07_12

.     capture rename factor07_12a factor07_12

.     capture rename facpanel* fac_panel*

.     * -----------------------------------------------------------
.     * --- KEEP SEGURO (Evita error 111 si faltan variables) ---
.     local keep_vars numpanh mes_12 conglome_12 vivienda_12 hogar_12 ubigeo_12
>  dominio_12 estrato_12 factor07_12

.     foreach v in p101_12 p105a_12 tipenc_12 fecent_12 result_12 panel_12 peri
> odo_12 {
  2.         capture confirm variable `v'
  3.         if _rc == 0 {
  4.             local keep_vars `keep_vars' `v'
  5.         }
  6.     }

.     foreach prefix in hpan hpanel fac_panel facpanel {
  2.         capture ds `prefix'*
  3.         if _rc == 0 {
  4.             local keep_vars `keep_vars' `r(varlist)'
  5.         }
  6.     }

.     local keep_vars: list uniq keep_vars

.     keep `keep_vars'

.     * -----------------------------------------------------------
. rename conglome_12 con_12

. rename vivienda_12 viv_12

. rename hogar_12 hog_12

.     * --- Estandarizacion extrema del Panel ---
.     foreach var in con_12 viv_12 hog_12 numpanh {
  2.         capture confirm variable `var'
  3.         if _rc == 0 {
  4.             capture tostring `var', replace force
  5.             capture replace `var' = trim(`var')
  6.             capture destring `var', replace force
  7.         }
  8.     }

. capture destring mes_12, replace force

. keep if inrange(mes_12, 1, 12)
(130,916 observations deleted)

. drop if missing(con_12) | missing(viv_12) | missing(hog_12)
(0 observations deleted)

. duplicates drop con_12 viv_12 hog_12, force

Duplicates in terms of con_12 viv_12 hog_12

(0 observations are duplicates)

. gen ID = 2012

. merge 1:m con_12 viv_12 hog_12 using "datos crudos/2012n.dta", force
(label LABT already defined)
(label LABS already defined)
(label LABR already defined)
(label LABQ already defined)
(label LABP already defined)
(label LABO already defined)
(label LABN already defined)
(label LABM already defined)
(label LABL already defined)
(label LABK already defined)
(label LABJ already defined)
(label LABI already defined)
(label LABH already defined)
(label LABG already defined)
(label LABF already defined)
(label LABE already defined)
(label LABD already defined)
(label LABC already defined)
(label LABB already defined)

    Result                      Number of obs
    -----------------------------------------
    Not matched                         7,455
        from master                     7,455  (_merge==1)
        from using                          0  (_merge==2)

    Matched                           103,970  (_merge==3)
    -----------------------------------------

. drop if _merge == 1
(7,455 observations deleted)

. drop _merge

. rename con_12 conglome

. rename viv_12 vivienda

. rename hog_12 hogar

. save "resultados/2012_enahop.dta", replace
file resultados/2012_enahop.dta saved

. 
. **************************************************
. * PROCESANDO AÑO 2013
. **************************************************
. 
. capture confirm file "datos crudos/enaho01-2013-100.dta"

. if _rc == 0 {
.     use "datos crudos/enaho01-2013-100.dta", clear
. 
.     * --- Armonizacion de nombres (Typos INEI) ---
.     capture rename p713b13 p713b
.     capture rename p713d13 p713d
.     capture rename p713e13 p713e
.     capture rename factor_07 factor07
.     * --------------------------------------------
. 
.     * --- Estandarizacion extrema de llaves (Anti-Ceros y Espacios) ---
.     foreach var in conglome vivienda hogar codperso codinfor { 
  2.         capture confirm variable `var'
  3.         if _rc == 0 {
  4.             capture tostring `var', replace force
  5.             capture replace `var' = trim(`var')
  6.             capture destring `var', replace force
  7.         }
  8.     }
.     * -----------------------------------------------------------------
. 
.     * --- Ahorro de Memoria: Borrado Quirúrgico ---
.     capture drop año
.     capture drop a?o
.     capture drop mes
.     capture drop nconglome
.     capture drop ubigeo
.     capture drop dominio
.     capture drop estrato
.     capture drop periodo
.     capture drop codinfor
.     capture drop factor*
.     capture drop factora*
.     * ---------------------------------------------
.     drop if missing(conglome) | missing(vivienda) | missing(hogar)
(0 observations deleted)
.     duplicates drop conglome vivienda hogar, force

Duplicates in terms of conglome vivienda hogar

(0 observations are duplicates)
.     save "datos crudos/enaho01-2013-100_clean.dta", replace
file datos crudos/enaho01-2013-100_clean.dta saved
. }

. 
. capture confirm file "datos crudos/enaho01-2013-700.dta"

. if _rc == 0 {
.     use "datos crudos/enaho01-2013-700.dta", clear
. 
.     * --- Armonizacion de nombres (Typos INEI) ---
.     capture rename p713b13 p713b
.     capture rename p713d13 p713d
.     capture rename p713e13 p713e
.     capture rename factor_07 factor07
.     * --------------------------------------------
. 
.     * --- Estandarizacion extrema de llaves (Anti-Ceros y Espacios) ---
.     foreach var in conglome vivienda hogar codperso codinfor { 
  2.         capture confirm variable `var'
  3.         if _rc == 0 {
  4.             capture tostring `var', replace force
  5.             capture replace `var' = trim(`var')
  6.             capture destring `var', replace force
  7.         }
  8.     }
.     * -----------------------------------------------------------------
. 
.     * --- Ahorro de Memoria: Borrado Quirúrgico ---
.     capture drop año
.     capture drop a?o
.     capture drop mes
.     capture drop nconglome
.     capture drop ubigeo
.     capture drop dominio
.     capture drop estrato
.     capture drop periodo
.     capture drop codinfor
.     capture drop factor*
.     capture drop factora*
.     * ---------------------------------------------
.     drop if missing(conglome) | missing(vivienda) | missing(hogar)
(0 observations deleted)
.     duplicates drop conglome vivienda hogar, force

Duplicates in terms of conglome vivienda hogar

(0 observations are duplicates)
.     save "datos crudos/enaho01-2013-700_clean.dta", replace
file datos crudos/enaho01-2013-700_clean.dta saved
. }

. 
. capture confirm file "datos crudos/sumaria-2013.dta"

. if _rc == 0 {
.     use "datos crudos/sumaria-2013.dta", clear
. 
.     * --- Armonizacion de nombres (Typos INEI) ---
.     capture rename p713b13 p713b
.     capture rename p713d13 p713d
.     capture rename p713e13 p713e
.     capture rename factor_07 factor07
.     * --------------------------------------------
. 
.     * --- Estandarizacion extrema de llaves (Anti-Ceros y Espacios) ---
.     foreach var in conglome vivienda hogar codperso codinfor { 
  2.         capture confirm variable `var'
  3.         if _rc == 0 {
  4.             capture tostring `var', replace force
  5.             capture replace `var' = trim(`var')
  6.             capture destring `var', replace force
  7.         }
  8.     }
.     * -----------------------------------------------------------------
. 
.     * --- Ahorro de Memoria: Borrado Quirúrgico ---
.     capture drop año
.     capture drop a?o
.     capture drop mes
.     capture drop nconglome
.     capture drop ubigeo
.     capture drop dominio
.     capture drop estrato
.     capture drop periodo
.     capture drop codinfor
.     capture drop factor*
.     capture drop factora*
.     * ---------------------------------------------
.     drop if missing(conglome) | missing(vivienda) | missing(hogar)
(0 observations deleted)
.     duplicates drop conglome vivienda hogar, force

Duplicates in terms of conglome vivienda hogar

(0 observations are duplicates)
.     save "datos crudos/sumaria-2013_clean.dta", replace
file datos crudos/sumaria-2013_clean.dta saved
. }

. 
. capture confirm file "datos crudos/enaho01a-2013-300.dta"

. if _rc == 0 {
.     use "datos crudos/enaho01a-2013-300.dta", clear
. 
.     * --- Armonizacion de nombres (Typos INEI) ---
.     capture rename p713b13 p713b
.     capture rename p713d13 p713d
.     capture rename p713e13 p713e
.     capture rename factor_07 factor07
.     * --------------------------------------------
. 
.     * --- Estandarizacion extrema de llaves (Anti-Ceros y Espacios) ---
.     foreach var in conglome vivienda hogar codperso codinfor { 
  2.         capture confirm variable `var'
  3.         if _rc == 0 {
  4.             capture tostring `var', replace force
  5.             capture replace `var' = trim(`var')
  6.             capture destring `var', replace force
  7.         }
  8.     }
.     * -----------------------------------------------------------------
. 
.     * --- Ahorro de Memoria: Borrado Quirúrgico ---
.     capture drop año
.     capture drop a?o
.     capture drop mes
.     capture drop nconglome
.     capture drop ubigeo
.     capture drop dominio
.     capture drop estrato
.     capture drop periodo
.     capture drop codinfor
.     capture drop factor*
.     capture drop factora*
.     * ---------------------------------------------
.     drop if missing(conglome) | missing(vivienda) | missing(hogar) | missing(
> codperso)
(0 observations deleted)
.     duplicates drop conglome vivienda hogar codperso, force

Duplicates in terms of conglome vivienda hogar codperso

(0 observations are duplicates)
.     save "datos crudos/enaho01a-2013-300_clean.dta", replace
file datos crudos/enaho01a-2013-300_clean.dta saved
. }

. 
. capture confirm file "datos crudos/enaho01a-2013-400.dta"

. if _rc == 0 {
.     use "datos crudos/enaho01a-2013-400.dta", clear
. 
.     * --- Armonizacion de nombres (Typos INEI) ---
.     capture rename p713b13 p713b
.     capture rename p713d13 p713d
.     capture rename p713e13 p713e
.     capture rename factor_07 factor07
.     * --------------------------------------------
. 
.     * --- Estandarizacion extrema de llaves (Anti-Ceros y Espacios) ---
.     foreach var in conglome vivienda hogar codperso codinfor { 
  2.         capture confirm variable `var'
  3.         if _rc == 0 {
  4.             capture tostring `var', replace force
  5.             capture replace `var' = trim(`var')
  6.             capture destring `var', replace force
  7.         }
  8.     }
.     * -----------------------------------------------------------------
. 
.     * --- Ahorro de Memoria: Borrado Quirúrgico ---
.     capture drop año
.     capture drop a?o
.     capture drop mes
.     capture drop nconglome
.     capture drop ubigeo
.     capture drop dominio
.     capture drop estrato
.     capture drop periodo
.     capture drop codinfor
.     capture drop factor*
.     capture drop factora*
.     * ---------------------------------------------
.     drop if missing(conglome) | missing(vivienda) | missing(hogar) | missing(
> codperso)
(0 observations deleted)
.     duplicates drop conglome vivienda hogar codperso, force

Duplicates in terms of conglome vivienda hogar codperso

(0 observations are duplicates)
.     save "datos crudos/enaho01a-2013-400_clean.dta", replace
file datos crudos/enaho01a-2013-400_clean.dta saved
. }

. 
. capture confirm file "datos crudos/enaho01a-2013-500.dta"

. if _rc == 0 {
.     use "datos crudos/enaho01a-2013-500.dta", clear
. 
.     * --- Armonizacion de nombres (Typos INEI) ---
.     capture rename p713b13 p713b
.     capture rename p713d13 p713d
.     capture rename p713e13 p713e
.     capture rename factor_07 factor07
.     * --------------------------------------------
. 
.     * --- Estandarizacion extrema de llaves (Anti-Ceros y Espacios) ---
.     foreach var in conglome vivienda hogar codperso codinfor { 
  2.         capture confirm variable `var'
  3.         if _rc == 0 {
  4.             capture tostring `var', replace force
  5.             capture replace `var' = trim(`var')
  6.             capture destring `var', replace force
  7.         }
  8.     }
.     * -----------------------------------------------------------------
. 
.     * --- Ahorro de Memoria: Borrado Quirúrgico ---
.     capture drop año
.     capture drop a?o
.     capture drop mes
.     capture drop nconglome
.     capture drop ubigeo
.     capture drop dominio
.     capture drop estrato
.     capture drop periodo
.     capture drop codinfor
.     capture drop factor*
.     capture drop factora*
.     * ---------------------------------------------
.     drop if missing(conglome) | missing(vivienda) | missing(hogar) | missing(
> codperso)
(0 observations deleted)
.     duplicates drop conglome vivienda hogar codperso, force

Duplicates in terms of conglome vivienda hogar codperso

(0 observations are duplicates)
.     save "datos crudos/enaho01a-2013-500_clean.dta", replace
file datos crudos/enaho01a-2013-500_clean.dta saved
. }

. 
. capture confirm file "datos crudos/enaho01b-2013-1.dta"

. if _rc == 0 {
.     use "datos crudos/enaho01b-2013-1.dta", clear
. 
.     * --- Armonizacion de nombres (Typos INEI) ---
.     capture rename p713b13 p713b
.     capture rename p713d13 p713d
.     capture rename p713e13 p713e
.     capture rename factor_07 factor07
.     * --------------------------------------------
. 
.     * --- Estandarizacion extrema de llaves (Anti-Ceros y Espacios) ---
.     foreach var in conglome vivienda hogar codperso codinfor { 
  2.         capture confirm variable `var'
  3.         if _rc == 0 {
  4.             capture tostring `var', replace force
  5.             capture replace `var' = trim(`var')
  6.             capture destring `var', replace force
  7.         }
  8.     }
.     * -----------------------------------------------------------------
. 
.     * --- Ahorro de Memoria: Borrado Quirúrgico ---
.     capture drop año
.     capture drop a?o
.     capture drop mes
.     capture drop nconglome
.     capture drop ubigeo
.     capture drop dominio
.     capture drop estrato
.     capture drop periodo
.     capture drop codinfor
.     capture drop factor*
.     capture drop factora*
.     * ---------------------------------------------
.     drop if missing(conglome) | missing(vivienda) | missing(hogar) | missing(
> codperso)
(0 observations deleted)
.     duplicates drop conglome vivienda hogar codperso, force

Duplicates in terms of conglome vivienda hogar codperso

(0 observations are duplicates)
.     save "datos crudos/enaho01b-2013-1_clean.dta", replace
file datos crudos/enaho01b-2013-1_clean.dta saved
. }

. 
. capture confirm file "datos crudos/enaho01b-2013-2.dta"

. if _rc == 0 {
.     use "datos crudos/enaho01b-2013-2.dta", clear
. 
.     * --- Armonizacion de nombres (Typos INEI) ---
.     capture rename p713b13 p713b
.     capture rename p713d13 p713d
.     capture rename p713e13 p713e
.     capture rename factor_07 factor07
.     * --------------------------------------------
. 
.     * --- Estandarizacion extrema de llaves (Anti-Ceros y Espacios) ---
.     foreach var in conglome vivienda hogar codperso codinfor { 
  2.         capture confirm variable `var'
  3.         if _rc == 0 {
  4.             capture tostring `var', replace force
  5.             capture replace `var' = trim(`var')
  6.             capture destring `var', replace force
  7.         }
  8.     }
.     * -----------------------------------------------------------------
. 
.     * --- Ahorro de Memoria: Borrado Quirúrgico ---
.     capture drop año
.     capture drop a?o
.     capture drop mes
.     capture drop nconglome
.     capture drop ubigeo
.     capture drop dominio
.     capture drop estrato
.     capture drop periodo
.     capture drop codinfor
.     capture drop factor*
.     capture drop factora*
.     * ---------------------------------------------
.     drop if missing(conglome) | missing(vivienda) | missing(hogar) | missing(
> codperso)
(0 observations deleted)
.     duplicates drop conglome vivienda hogar codperso, force

Duplicates in terms of conglome vivienda hogar codperso

(0 observations are duplicates)
.     save "datos crudos/enaho01b-2013-2_clean.dta", replace
file datos crudos/enaho01b-2013-2_clean.dta saved
. }

. 
. capture confirm file "datos crudos/enaho01b-2013-3.dta"

. if _rc == 0 {
.     use "datos crudos/enaho01b-2013-3.dta", clear
. 
.     * --- Armonizacion de nombres (Typos INEI) ---
.     capture rename p713b13 p713b
.     capture rename p713d13 p713d
.     capture rename p713e13 p713e
.     capture rename factor_07 factor07
.     * --------------------------------------------
. 
.     * --- Estandarizacion extrema de llaves (Anti-Ceros y Espacios) ---
.     foreach var in conglome vivienda hogar codperso codinfor { 
  2.         capture confirm variable `var'
  3.         if _rc == 0 {
  4.             capture tostring `var', replace force
  5.             capture replace `var' = trim(`var')
  6.             capture destring `var', replace force
  7.         }
  8.     }
.     * -----------------------------------------------------------------
. 
.     * --- Ahorro de Memoria: Borrado Quirúrgico ---
.     capture drop año
.     capture drop a?o
.     capture drop mes
.     capture drop nconglome
.     capture drop ubigeo
.     capture drop dominio
.     capture drop estrato
.     capture drop periodo
.     capture drop codinfor
.     capture drop factor*
.     capture drop factora*
.     * ---------------------------------------------
.     drop if missing(conglome) | missing(vivienda) | missing(hogar) | missing(
> codperso)
(0 observations deleted)
.     duplicates drop conglome vivienda hogar codperso, force

Duplicates in terms of conglome vivienda hogar codperso

(92,370 observations deleted)
.     save "datos crudos/enaho01b-2013-3_clean.dta", replace
file datos crudos/enaho01b-2013-3_clean.dta saved
. }

. 
. capture confirm file "datos crudos/enaho01-2013-700a.dta"

. if _rc == 0 {
.     use "datos crudos/enaho01-2013-700a.dta", clear
. 
.     * --- Armonizacion de nombres (Typos INEI) ---
.     capture rename p713b13 p713b
.     capture rename p713d13 p713d
.     capture rename p713e13 p713e
.     capture rename factor_07 factor07
.     * --------------------------------------------
.     capture rename p702 codperso
.     capture tostring codperso, replace force
.     capture tostring codinfor, replace force
.     capture replace codperso = trim(codperso)
.     capture replace codinfor = trim(codinfor)
.     capture replace codperso = codinfor if codperso == "" | codperso == "."
. 
.     * --- Estandarizacion extrema de llaves (Anti-Ceros y Espacios) ---
.     foreach var in conglome vivienda hogar codperso codinfor { 
  2.         capture confirm variable `var'
  3.         if _rc == 0 {
  4.             capture tostring `var', replace force
  5.             capture replace `var' = trim(`var')
  6.             capture destring `var', replace force
  7.         }
  8.     }
.     * -----------------------------------------------------------------
.     gen programa_social1 = 0
.     replace programa_social1 = 1 if inlist(p703,1,2,3,4,5,6,7,8,10)
(17,708 real changes made)
.     drop if missing(conglome) | missing(vivienda) | missing(hogar) | missing(
> codperso)
(0 observations deleted)
.     duplicates drop conglome vivienda hogar codperso p703, force

Duplicates in terms of conglome vivienda hogar codperso p703

(0 observations are duplicates)
.     bysort conglome vivienda hogar codperso: gen num_item = _n
.     tostring num_item, generate(j_str)
j_str generated as str1
.     replace j_str = "_" + j_str
variable j_str was str1 now str2
(17,729 real changes made)
.     drop num_item
. 
.     * --- Ahorro de Memoria: Borrado Quirúrgico ---
.     capture drop año
.     capture drop a?o
.     capture drop mes
.     capture drop nconglome
.     capture drop ubigeo
.     capture drop dominio
.     capture drop estrato
.     capture drop periodo
.     capture drop codinfor
.     capture drop factor*
.     capture drop factora*
.     * ---------------------------------------------
.     ds conglome vivienda hogar codperso j_str, not
p703          p7061         p7064         p706a2        p706a5
p704          p7062         p7065         p706a3        programa_s~1
p705          p7063         p706a1        p706a4
.     local vars `r(varlist)'
.     foreach v of local vars {
  2.         rename `v' v_`v'
  3.     }
.     ds conglome vivienda hogar codperso j_str, not
v_p703        v_p7061       v_p7064       v_p706a2      v_p706a5
v_p704        v_p7062       v_p7065       v_p706a3      v_programa~1
v_p705        v_p7063       v_p706a1      v_p706a4
.     local vars_wide `r(varlist)'
.     reshape wide `vars_wide', i(conglome vivienda hogar codperso) j(j_str) st
> ring
(j = _1 _2 _3)

Data                               Long   ->   Wide
-----------------------------------------------------------------------------
Number of observations           17,729   ->   15,729      
Number of variables                  19   ->   46          
j variable (3 values)             j_str   ->   (dropped)
xij variables:
                                 v_p703   ->   v_p703_1 v_p703_2 v_p703_3
                                 v_p704   ->   v_p704_1 v_p704_2 v_p704_3
                                 v_p705   ->   v_p705_1 v_p705_2 v_p705_3
                                v_p7061   ->   v_p7061_1 v_p7061_2 v_p7061_3
                                v_p7062   ->   v_p7062_1 v_p7062_2 v_p7062_3
                                v_p7063   ->   v_p7063_1 v_p7063_2 v_p7063_3
                                v_p7064   ->   v_p7064_1 v_p7064_2 v_p7064_3
                                v_p7065   ->   v_p7065_1 v_p7065_2 v_p7065_3
                               v_p706a1   ->   v_p706a1_1 v_p706a1_2 v_p706a1_3
                               v_p706a2   ->   v_p706a2_1 v_p706a2_2 v_p706a2_3
                               v_p706a3   ->   v_p706a3_1 v_p706a3_2 v_p706a3_3
                               v_p706a4   ->   v_p706a4_1 v_p706a4_2 v_p706a4_3
                               v_p706a5   ->   v_p706a5_1 v_p706a5_2 v_p706a5_3
                     v_programa_social1   ->   v_programa_social1_1 v_programa_
> social1_2 v_programa_social1_3
-----------------------------------------------------------------------------
.     duplicates drop conglome vivienda hogar codperso, force

Duplicates in terms of conglome vivienda hogar codperso

(0 observations are duplicates)
.     save "datos crudos/enaho01-2013-700a_wide.dta", replace
file datos crudos/enaho01-2013-700a_wide.dta saved
. }

. 
. capture confirm file "datos crudos/enaho01-2013-700b.dta"

. if _rc == 0 {
.     use "datos crudos/enaho01-2013-700b.dta", clear
. 
.     * --- Armonizacion de nombres (Typos INEI) ---
.     capture rename p713b13 p713b
.     capture rename p713d13 p713d
.     capture rename p713e13 p713e
.     capture rename factor_07 factor07
.     * --------------------------------------------
.     capture rename p711n codperso
.     capture tostring codperso, replace force
.     capture tostring codinfor, replace force
.     capture replace codperso = trim(codperso)
.     capture replace codinfor = trim(codinfor)
.     capture replace codperso = codinfor if codperso == "" | codperso == "."
. 
.     * --- Estandarizacion extrema de llaves (Anti-Ceros y Espacios) ---
.     foreach var in conglome vivienda hogar codperso codinfor { 
  2.         capture confirm variable `var'
  3.         if _rc == 0 {
  4.             capture tostring `var', replace force
  5.             capture replace `var' = trim(`var')
  6.             capture destring `var', replace force
  7.         }
  8.     }
.     * -----------------------------------------------------------------
.     gen programa_social2 = 0
.     replace programa_social2 = 1 if inlist(p712,1,2,3,4,5,6,7,8,9,10,11,12,13
> ,15,16,17,18,19,29,30)
.     capture gen periodo_prog13 = p713d - p713b
.     drop if missing(conglome) | missing(vivienda) | missing(hogar) | missing(
> codperso)
.     duplicates drop conglome vivienda hogar codperso p712, force
.     bysort conglome vivienda hogar codperso: gen num_item = _n
.     tostring num_item, generate(j_str)
.     replace j_str = "_" + j_str
.     drop num_item
. 
.     * --- Ahorro de Memoria: Borrado Quirúrgico ---
.     capture drop año
.     capture drop a?o
.     capture drop mes
.     capture drop nconglome
.     capture drop ubigeo
.     capture drop dominio
.     capture drop estrato
.     capture drop periodo
.     capture drop codinfor
.     capture drop factor*
.     capture drop factora*
.     * ---------------------------------------------
.     ds conglome vivienda hogar codperso j_str, not
.     local vars `r(varlist)'
.     foreach v of local vars {
  2.         rename `v' v_`v'
  3.     }
.     ds conglome vivienda hogar codperso j_str, not
.     local vars_wide `r(varlist)'
.     reshape wide `vars_wide', i(conglome vivienda hogar codperso) j(j_str) st
> ring
.     duplicates drop conglome vivienda hogar codperso, force
.     save "datos crudos/enaho01-2013-700b_wide.dta", replace
. }

. 
. capture confirm file "datos crudos/enaho02-2013-2000a.dta"

. if _rc == 0 {
.     use "datos crudos/enaho02-2013-2000a.dta", clear
. 
.     * --- Armonizacion de nombres (Typos INEI) ---
.     capture rename p713b13 p713b
.     capture rename p713d13 p713d
.     capture rename p713e13 p713e
.     capture rename factor_07 factor07
.     * --------------------------------------------
. 
.     * --- Estandarizacion extrema de llaves (Anti-Ceros y Espacios) ---
.     foreach var in conglome vivienda hogar codperso codinfor { 
  2.         capture confirm variable `var'
  3.         if _rc == 0 {
  4.             capture tostring `var', replace force
  5.             capture replace `var' = trim(`var')
  6.             capture destring `var', replace force
  7.         }
  8.     }
.     * -----------------------------------------------------------------
.     drop if missing(conglome) | missing(vivienda) | missing(hogar) | missing(
> codperso)
(0 observations deleted)
.     duplicates drop

Duplicates in terms of all variables

(0 observations are duplicates)
.     bysort conglome vivienda hogar codperso: gen num_parcela = _n
.     tostring num_parcela, generate(j_str)
j_str generated as str2
.     replace j_str = "_" + j_str
variable j_str was str2 now str3
(34,015 real changes made)
.     drop num_parcela
. 
.     * --- Ahorro de Memoria: Borrado Quirúrgico ---
.     capture drop año
.     capture drop a?o
.     capture drop mes
.     capture drop nconglome
.     capture drop ubigeo
.     capture drop dominio
.     capture drop estrato
.     capture drop periodo
.     capture drop codinfor
.     capture drop factor*
.     capture drop factora*
.     * ---------------------------------------------
.     ds conglome vivienda hogar codperso j_str, not
p2005a   p2005c1  p2005c3  p2005c5  p2005c7  p2005e   p2005f2  p2005f4
p2005b   p2005c2  p2005c4  p2005c6  p2005d   p2005f1  p2005f3
.     local vars `r(varlist)'
.     foreach v of local vars {
  2.         rename `v' v_`v'
  3.     }
.     ds conglome vivienda hogar codperso j_str, not
v_p2005a   v_p2005c2  v_p2005c5  v_p2005d   v_p2005f2
v_p2005b   v_p2005c3  v_p2005c6  v_p2005e   v_p2005f3
v_p2005c1  v_p2005c4  v_p2005c7  v_p2005f1  v_p2005f4
.     local vars_wide `r(varlist)'
.     reshape wide `vars_wide', i(conglome vivienda hogar codperso) j(j_str) st
> ring
(j = _1 _10 _11 _12 _13 _14 _15 _16 _17 _18 _19 _2 _20 _21 _22 _23 _24 _25 _26 
> _27 _28 _29 _3 _30 _4 _5 _6 _7 _8 _9)

Data                               Long   ->   Wide
-----------------------------------------------------------------------------
Number of observations           34,015   ->   11,798      
Number of variables                  20   ->   454         
j variable (30 values)            j_str   ->   (dropped)
xij variables:
                               v_p2005a   ->   v_p2005a_1 v_p2005a_10 ... v_p20
> 05a_9
                               v_p2005b   ->   v_p2005b_1 v_p2005b_10 ... v_p20
> 05b_9
                              v_p2005c1   ->   v_p2005c1_1 v_p2005c1_10 ... v_p
> 2005c1_9
                              v_p2005c2   ->   v_p2005c2_1 v_p2005c2_10 ... v_p
> 2005c2_9
                              v_p2005c3   ->   v_p2005c3_1 v_p2005c3_10 ... v_p
> 2005c3_9
                              v_p2005c4   ->   v_p2005c4_1 v_p2005c4_10 ... v_p
> 2005c4_9
                              v_p2005c5   ->   v_p2005c5_1 v_p2005c5_10 ... v_p
> 2005c5_9
                              v_p2005c6   ->   v_p2005c6_1 v_p2005c6_10 ... v_p
> 2005c6_9
                              v_p2005c7   ->   v_p2005c7_1 v_p2005c7_10 ... v_p
> 2005c7_9
                               v_p2005d   ->   v_p2005d_1 v_p2005d_10 ... v_p20
> 05d_9
                               v_p2005e   ->   v_p2005e_1 v_p2005e_10 ... v_p20
> 05e_9
                              v_p2005f1   ->   v_p2005f1_1 v_p2005f1_10 ... v_p
> 2005f1_9
                              v_p2005f2   ->   v_p2005f2_1 v_p2005f2_10 ... v_p
> 2005f2_9
                              v_p2005f3   ->   v_p2005f3_1 v_p2005f3_10 ... v_p
> 2005f3_9
                              v_p2005f4   ->   v_p2005f4_1 v_p2005f4_10 ... v_p
> 2005f4_9
-----------------------------------------------------------------------------
.     duplicates drop conglome vivienda hogar codperso, force

Duplicates in terms of conglome vivienda hogar codperso

(0 observations are duplicates)
.     save "datos crudos/enaho02-2013-2000a_wide.dta", replace
file datos crudos/enaho02-2013-2000a_wide.dta saved
. }

. 
. capture confirm file "datos crudos/enaho02-2013-2100.dta"

. if _rc == 0 {
.     use "datos crudos/enaho02-2013-2100.dta", clear
. 
.     * --- Armonizacion de nombres (Typos INEI) ---
.     capture rename p713b13 p713b
.     capture rename p713d13 p713d
.     capture rename p713e13 p713e
.     capture rename factor_07 factor07
.     * --------------------------------------------
. 
.     * --- Estandarizacion extrema de llaves (Anti-Ceros y Espacios) ---
.     foreach var in conglome vivienda hogar codperso codinfor { 
  2.         capture confirm variable `var'
  3.         if _rc == 0 {
  4.             capture tostring `var', replace force
  5.             capture replace `var' = trim(`var')
  6.             capture destring `var', replace force
  7.         }
  8.     }
.     * -----------------------------------------------------------------
.     drop if missing(conglome) | missing(vivienda) | missing(hogar) | missing(
> codperso)
(0 observations deleted)
.     duplicates drop

Duplicates in terms of all variables

(0 observations are duplicates)
.     bysort conglome vivienda hogar codperso: gen num_cultivo = _n
.     tostring num_cultivo, generate(j_str)
j_str generated as str2
.     replace j_str = "_" + j_str
variable j_str was str2 now str3
(81,351 real changes made)
.     drop num_cultivo
. 
.     * --- Ahorro de Memoria: Borrado Quirúrgico ---
.     capture drop año
.     capture drop a?o
.     capture drop mes
.     capture drop nconglome
.     capture drop ubigeo
.     capture drop dominio
.     capture drop estrato
.     capture drop periodo
.     capture drop codinfor
.     capture drop factor*
.     capture drop factora*
.     * ---------------------------------------------
.     ds conglome vivienda hogar codperso j_str, not
p2100a    p21001b   p21002a1  p21002d   p21002f   p21002i   p21002l   p21002t
p2100b    p21001c   p21002b   p21002e   p21002g   p21002j   p21002m
p21001a   p21002a   p21002c   p21002e1  p21002h   p21002k   p21002n
.     local vars `r(varlist)'
.     foreach v of local vars {
  2.         rename `v' v_`v'
  3.     }
.     ds conglome vivienda hogar codperso j_str, not
v_p2100a    v_p21001c   v_p21002c   v_p21002f   v_p21002j   v_p21002n
v_p2100b    v_p21002a   v_p21002d   v_p21002g   v_p21002k   v_p21002t
v_p21001a   v_p21002a1  v_p21002e   v_p21002h   v_p21002l
v_p21001b   v_p21002b   v_p21002e1  v_p21002i   v_p21002m
.     local vars_wide `r(varlist)'
.     reshape wide `vars_wide', i(conglome vivienda hogar codperso) j(j_str) st
> ring
(j = _1 _10 _11 _12 _13 _14 _15 _16 _17 _18 _19 _2 _20 _21 _22 _23 _24 _25 _26 
> _27 _28 _29 _3 _30 _31 _32 _33 _34 _35 _36 _37 _38 _39 _4 _40 _41 _42 _43 _44
>  _5 _6 _7 _8 _9)

Data                               Long   ->   Wide
-----------------------------------------------------------------------------
Number of observations           81,351   ->   11,588      
Number of variables                  27   ->   972         
j variable (44 values)            j_str   ->   (dropped)
xij variables:
                               v_p2100a   ->   v_p2100a_1 v_p2100a_10 ... v_p21
> 00a_9
                               v_p2100b   ->   v_p2100b_1 v_p2100b_10 ... v_p21
> 00b_9
                              v_p21001a   ->   v_p21001a_1 v_p21001a_10 ... v_p
> 21001a_9
                              v_p21001b   ->   v_p21001b_1 v_p21001b_10 ... v_p
> 21001b_9
                              v_p21001c   ->   v_p21001c_1 v_p21001c_10 ... v_p
> 21001c_9
                              v_p21002a   ->   v_p21002a_1 v_p21002a_10 ... v_p
> 21002a_9
                             v_p21002a1   ->   v_p21002a1_1 v_p21002a1_10 ... v
> _p21002a1_9
                              v_p21002b   ->   v_p21002b_1 v_p21002b_10 ... v_p
> 21002b_9
                              v_p21002c   ->   v_p21002c_1 v_p21002c_10 ... v_p
> 21002c_9
                              v_p21002d   ->   v_p21002d_1 v_p21002d_10 ... v_p
> 21002d_9
                              v_p21002e   ->   v_p21002e_1 v_p21002e_10 ... v_p
> 21002e_9
                             v_p21002e1   ->   v_p21002e1_1 v_p21002e1_10 ... v
> _p21002e1_9
                              v_p21002f   ->   v_p21002f_1 v_p21002f_10 ... v_p
> 21002f_9
                              v_p21002g   ->   v_p21002g_1 v_p21002g_10 ... v_p
> 21002g_9
                              v_p21002h   ->   v_p21002h_1 v_p21002h_10 ... v_p
> 21002h_9
                              v_p21002i   ->   v_p21002i_1 v_p21002i_10 ... v_p
> 21002i_9
                              v_p21002j   ->   v_p21002j_1 v_p21002j_10 ... v_p
> 21002j_9
                              v_p21002k   ->   v_p21002k_1 v_p21002k_10 ... v_p
> 21002k_9
                              v_p21002l   ->   v_p21002l_1 v_p21002l_10 ... v_p
> 21002l_9
                              v_p21002m   ->   v_p21002m_1 v_p21002m_10 ... v_p
> 21002m_9
                              v_p21002n   ->   v_p21002n_1 v_p21002n_10 ... v_p
> 21002n_9
                              v_p21002t   ->   v_p21002t_1 v_p21002t_10 ... v_p
> 21002t_9
-----------------------------------------------------------------------------
.     duplicates drop conglome vivienda hogar codperso, force

Duplicates in terms of conglome vivienda hogar codperso

(0 observations are duplicates)
.     save "datos crudos/enaho02-2013-2100_wide.dta", replace
file datos crudos/enaho02-2013-2100_wide.dta saved
. }

. 
. capture confirm file "datos crudos/enaho02-2013-2200.dta"

. if _rc == 0 {
.     use "datos crudos/enaho02-2013-2200.dta", clear
. 
.     * --- Armonizacion de nombres (Typos INEI) ---
.     capture rename p713b13 p713b
.     capture rename p713d13 p713d
.     capture rename p713e13 p713e
.     capture rename factor_07 factor07
.     * --------------------------------------------
. 
.     * --- Estandarizacion extrema de llaves (Anti-Ceros y Espacios) ---
.     foreach var in conglome vivienda hogar codperso codinfor { 
  2.         capture confirm variable `var'
  3.         if _rc == 0 {
  4.             capture tostring `var', replace force
  5.             capture replace `var' = trim(`var')
  6.             capture destring `var', replace force
  7.         }
  8.     }
.     * -----------------------------------------------------------------
.     drop if missing(conglome) | missing(vivienda) | missing(hogar) | missing(
> codperso)
(0 observations deleted)
.     duplicates drop

Duplicates in terms of all variables

(0 observations are duplicates)
.     bysort conglome vivienda hogar codperso: gen num_subprod_agri = _n
.     tostring num_subprod_agri, generate(j_str)
j_str generated as str2
.     replace j_str = "_" + j_str
variable j_str was str2 now str3
(32,168 real changes made)
.     drop num_subprod_agri
. 
.     * --- Ahorro de Memoria: Borrado Quirúrgico ---
.     capture drop año
.     capture drop a?o
.     capture drop mes
.     capture drop nconglome
.     capture drop ubigeo
.     capture drop dominio
.     capture drop estrato
.     capture drop periodo
.     capture drop codinfor
.     capture drop factor*
.     capture drop factora*
.     * ---------------------------------------------
.     ds conglome vivienda hogar codperso j_str, not
p2200a    p22001a   p22001c   p22002a1  p22002c   p22002d   p22002f   p22002h
p2200b    p22001b   p22002a   p22002b   p22002c1  p22002e   p22002g   p22002t
.     local vars `r(varlist)'
.     foreach v of local vars {
  2.         rename `v' v_`v'
  3.     }
.     ds conglome vivienda hogar codperso j_str, not
v_p2200a    v_p22001b   v_p22002a1  v_p22002c1  v_p22002f   v_p22002t
v_p2200b    v_p22001c   v_p22002b   v_p22002d   v_p22002g
v_p22001a   v_p22002a   v_p22002c   v_p22002e   v_p22002h
.     local vars_wide `r(varlist)'
.     reshape wide `vars_wide', i(conglome vivienda hogar codperso) j(j_str) st
> ring
(j = _1 _10 _11 _12 _13 _14 _15 _2 _3 _4 _5 _6 _7 _8 _9)

Data                               Long   ->   Wide
-----------------------------------------------------------------------------
Number of observations           32,168   ->   7,958       
Number of variables                  21   ->   244         
j variable (15 values)            j_str   ->   (dropped)
xij variables:
                               v_p2200a   ->   v_p2200a_1 v_p2200a_10 ... v_p22
> 00a_9
                               v_p2200b   ->   v_p2200b_1 v_p2200b_10 ... v_p22
> 00b_9
                              v_p22001a   ->   v_p22001a_1 v_p22001a_10 ... v_p
> 22001a_9
                              v_p22001b   ->   v_p22001b_1 v_p22001b_10 ... v_p
> 22001b_9
                              v_p22001c   ->   v_p22001c_1 v_p22001c_10 ... v_p
> 22001c_9
                              v_p22002a   ->   v_p22002a_1 v_p22002a_10 ... v_p
> 22002a_9
                             v_p22002a1   ->   v_p22002a1_1 v_p22002a1_10 ... v
> _p22002a1_9
                              v_p22002b   ->   v_p22002b_1 v_p22002b_10 ... v_p
> 22002b_9
                              v_p22002c   ->   v_p22002c_1 v_p22002c_10 ... v_p
> 22002c_9
                             v_p22002c1   ->   v_p22002c1_1 v_p22002c1_10 ... v
> _p22002c1_9
                              v_p22002d   ->   v_p22002d_1 v_p22002d_10 ... v_p
> 22002d_9
                              v_p22002e   ->   v_p22002e_1 v_p22002e_10 ... v_p
> 22002e_9
                              v_p22002f   ->   v_p22002f_1 v_p22002f_10 ... v_p
> 22002f_9
                              v_p22002g   ->   v_p22002g_1 v_p22002g_10 ... v_p
> 22002g_9
                              v_p22002h   ->   v_p22002h_1 v_p22002h_10 ... v_p
> 22002h_9
                              v_p22002t   ->   v_p22002t_1 v_p22002t_10 ... v_p
> 22002t_9
-----------------------------------------------------------------------------
.     duplicates drop conglome vivienda hogar codperso, force

Duplicates in terms of conglome vivienda hogar codperso

(0 observations are duplicates)
.     save "datos crudos/enaho02-2013-2200_wide.dta", replace
file datos crudos/enaho02-2013-2200_wide.dta saved
. }

. 
. capture confirm file "datos crudos/enaho02-2013-2300.dta"

. if _rc == 0 {
.     use "datos crudos/enaho02-2013-2300.dta", clear
. 
.     * --- Armonizacion de nombres (Typos INEI) ---
.     capture rename p713b13 p713b
.     capture rename p713d13 p713d
.     capture rename p713e13 p713e
.     capture rename factor_07 factor07
.     * --------------------------------------------
. 
.     * --- Estandarizacion extrema de llaves (Anti-Ceros y Espacios) ---
.     foreach var in conglome vivienda hogar codperso codinfor { 
  2.         capture confirm variable `var'
  3.         if _rc == 0 {
  4.             capture tostring `var', replace force
  5.             capture replace `var' = trim(`var')
  6.             capture destring `var', replace force
  7.         }
  8.     }
.     * -----------------------------------------------------------------
.     drop if missing(conglome) | missing(vivienda) | missing(hogar) | missing(
> codperso)
(0 observations deleted)
.     duplicates drop

Duplicates in terms of all variables

(0 observations are duplicates)
.     bysort conglome vivienda hogar codperso: gen num_forestal = _n
.     tostring num_forestal, generate(j_str)
j_str generated as str1
.     replace j_str = "_" + j_str
variable j_str was str1 now str2
(9,933 real changes made)
.     drop num_forestal
. 
.     * --- Ahorro de Memoria: Borrado Quirúrgico ---
.     capture drop año
.     capture drop a?o
.     capture drop mes
.     capture drop nconglome
.     capture drop ubigeo
.     capture drop dominio
.     capture drop estrato
.     capture drop periodo
.     capture drop codinfor
.     capture drop factor*
.     capture drop factora*
.     * ---------------------------------------------
.     ds conglome vivienda hogar codperso j_str, not
p2300a   p2300b   p23001   p23002a  p23002b  p23002c  p23002t
.     local vars `r(varlist)'
.     foreach v of local vars {
  2.         rename `v' v_`v'
  3.     }
.     ds conglome vivienda hogar codperso j_str, not
v_p2300a   v_p2300b   v_p23001   v_p23002a  v_p23002b  v_p23002c  v_p23002t
.     local vars_wide `r(varlist)'
.     reshape wide `vars_wide', i(conglome vivienda hogar codperso) j(j_str) st
> ring
(j = _1 _2 _3 _4 _5 _6 _7)

Data                               Long   ->   Wide
-----------------------------------------------------------------------------
Number of observations            9,933   ->   4,027       
Number of variables                  12   ->   53          
j variable (7 values)             j_str   ->   (dropped)
xij variables:
                               v_p2300a   ->   v_p2300a_1 v_p2300a_2 ... v_p230
> 0a_7
                               v_p2300b   ->   v_p2300b_1 v_p2300b_2 ... v_p230
> 0b_7
                               v_p23001   ->   v_p23001_1 v_p23001_2 ... v_p230
> 01_7
                              v_p23002a   ->   v_p23002a_1 v_p23002a_2 ... v_p2
> 3002a_7
                              v_p23002b   ->   v_p23002b_1 v_p23002b_2 ... v_p2
> 3002b_7
                              v_p23002c   ->   v_p23002c_1 v_p23002c_2 ... v_p2
> 3002c_7
                              v_p23002t   ->   v_p23002t_1 v_p23002t_2 ... v_p2
> 3002t_7
-----------------------------------------------------------------------------
.     duplicates drop conglome vivienda hogar codperso, force

Duplicates in terms of conglome vivienda hogar codperso

(0 observations are duplicates)
.     save "datos crudos/enaho02-2013-2300_wide.dta", replace
file datos crudos/enaho02-2013-2300_wide.dta saved
. }

. 
. capture confirm file "datos crudos/enaho02-2013-2500.dta"

. if _rc == 0 {
.     use "datos crudos/enaho02-2013-2500.dta", clear
. 
.     * --- Armonizacion de nombres (Typos INEI) ---
.     capture rename p713b13 p713b
.     capture rename p713d13 p713d
.     capture rename p713e13 p713e
.     capture rename factor_07 factor07
.     * --------------------------------------------
. 
.     * --- Estandarizacion extrema de llaves (Anti-Ceros y Espacios) ---
.     foreach var in conglome vivienda hogar codperso codinfor { 
  2.         capture confirm variable `var'
  3.         if _rc == 0 {
  4.             capture tostring `var', replace force
  5.             capture replace `var' = trim(`var')
  6.             capture destring `var', replace force
  7.         }
  8.     }
.     * -----------------------------------------------------------------
.     drop if missing(conglome) | missing(vivienda) | missing(hogar) | missing(
> codperso)
(0 observations deleted)
.     duplicates drop

Duplicates in terms of all variables

(0 observations are duplicates)
.     bysort conglome vivienda hogar codperso: gen num_pecuario = _n
.     tostring num_pecuario, generate(j_str)
j_str generated as str2
.     replace j_str = "_" + j_str
variable j_str was str2 now str3
(45,381 real changes made)
.     drop num_pecuario
. 
.     * --- Ahorro de Memoria: Borrado Quirúrgico ---
.     capture drop año
.     capture drop a?o
.     capture drop mes
.     capture drop nconglome
.     capture drop ubigeo
.     capture drop dominio
.     capture drop estrato
.     capture drop periodo
.     capture drop codinfor
.     capture drop factor*
.     capture drop factora*
.     * ---------------------------------------------
.     ds conglome vivienda hogar codperso j_str, not
p2500a    p25002a2  p25002d1  p25002g1  p25002i2  p25002l1  p25002o1
p2500b    p25002b1  p25002d2  p25002g2  p25002j1  p25002l2  p25002o2
p25001a   p25002b2  p25002e1  p25002h1  p25002j2  p25002m1  p25002o3
p25001b   p25002c1  p25002e2  p25002h2  p25002k1  p25002m2  p25002t
p25002a1  p25002c2  p25002f1  p25002i1  p25002k2  p25002n1
.     local vars `r(varlist)'
.     foreach v of local vars {
  2.         rename `v' v_`v'
  3.     }
.     ds conglome vivienda hogar codperso j_str, not
v_p2500a    v_p25002b1  v_p25002e1  v_p25002h2  v_p25002k2  v_p25002o1
v_p2500b    v_p25002b2  v_p25002e2  v_p25002i1  v_p25002l1  v_p25002o2
v_p25001a   v_p25002c1  v_p25002f1  v_p25002i2  v_p25002l2  v_p25002o3
v_p25001b   v_p25002c2  v_p25002g1  v_p25002j1  v_p25002m1  v_p25002t
v_p25002a1  v_p25002d1  v_p25002g2  v_p25002j2  v_p25002m2
v_p25002a2  v_p25002d2  v_p25002h1  v_p25002k1  v_p25002n1
.     local vars_wide `r(varlist)'
.     reshape wide `vars_wide', i(conglome vivienda hogar codperso) j(j_str) st
> ring
(j = _1 _10 _2 _3 _4 _5 _6 _7 _8 _9)

Data                               Long   ->   Wide
-----------------------------------------------------------------------------
Number of observations           45,381   ->   11,489      
Number of variables                  39   ->   344         
j variable (10 values)            j_str   ->   (dropped)
xij variables:
                               v_p2500a   ->   v_p2500a_1 v_p2500a_10 ... v_p25
> 00a_9
                               v_p2500b   ->   v_p2500b_1 v_p2500b_10 ... v_p25
> 00b_9
                              v_p25001a   ->   v_p25001a_1 v_p25001a_10 ... v_p
> 25001a_9
                              v_p25001b   ->   v_p25001b_1 v_p25001b_10 ... v_p
> 25001b_9
                             v_p25002a1   ->   v_p25002a1_1 v_p25002a1_10 ... v
> _p25002a1_9
                             v_p25002a2   ->   v_p25002a2_1 v_p25002a2_10 ... v
> _p25002a2_9
                             v_p25002b1   ->   v_p25002b1_1 v_p25002b1_10 ... v
> _p25002b1_9
                             v_p25002b2   ->   v_p25002b2_1 v_p25002b2_10 ... v
> _p25002b2_9
                             v_p25002c1   ->   v_p25002c1_1 v_p25002c1_10 ... v
> _p25002c1_9
                             v_p25002c2   ->   v_p25002c2_1 v_p25002c2_10 ... v
> _p25002c2_9
                             v_p25002d1   ->   v_p25002d1_1 v_p25002d1_10 ... v
> _p25002d1_9
                             v_p25002d2   ->   v_p25002d2_1 v_p25002d2_10 ... v
> _p25002d2_9
                             v_p25002e1   ->   v_p25002e1_1 v_p25002e1_10 ... v
> _p25002e1_9
                             v_p25002e2   ->   v_p25002e2_1 v_p25002e2_10 ... v
> _p25002e2_9
                             v_p25002f1   ->   v_p25002f1_1 v_p25002f1_10 ... v
> _p25002f1_9
                             v_p25002g1   ->   v_p25002g1_1 v_p25002g1_10 ... v
> _p25002g1_9
                             v_p25002g2   ->   v_p25002g2_1 v_p25002g2_10 ... v
> _p25002g2_9
                             v_p25002h1   ->   v_p25002h1_1 v_p25002h1_10 ... v
> _p25002h1_9
                             v_p25002h2   ->   v_p25002h2_1 v_p25002h2_10 ... v
> _p25002h2_9
                             v_p25002i1   ->   v_p25002i1_1 v_p25002i1_10 ... v
> _p25002i1_9
                             v_p25002i2   ->   v_p25002i2_1 v_p25002i2_10 ... v
> _p25002i2_9
                             v_p25002j1   ->   v_p25002j1_1 v_p25002j1_10 ... v
> _p25002j1_9
                             v_p25002j2   ->   v_p25002j2_1 v_p25002j2_10 ... v
> _p25002j2_9
                             v_p25002k1   ->   v_p25002k1_1 v_p25002k1_10 ... v
> _p25002k1_9
                             v_p25002k2   ->   v_p25002k2_1 v_p25002k2_10 ... v
> _p25002k2_9
                             v_p25002l1   ->   v_p25002l1_1 v_p25002l1_10 ... v
> _p25002l1_9
                             v_p25002l2   ->   v_p25002l2_1 v_p25002l2_10 ... v
> _p25002l2_9
                             v_p25002m1   ->   v_p25002m1_1 v_p25002m1_10 ... v
> _p25002m1_9
                             v_p25002m2   ->   v_p25002m2_1 v_p25002m2_10 ... v
> _p25002m2_9
                             v_p25002n1   ->   v_p25002n1_1 v_p25002n1_10 ... v
> _p25002n1_9
                             v_p25002o1   ->   v_p25002o1_1 v_p25002o1_10 ... v
> _p25002o1_9
                             v_p25002o2   ->   v_p25002o2_1 v_p25002o2_10 ... v
> _p25002o2_9
                             v_p25002o3   ->   v_p25002o3_1 v_p25002o3_10 ... v
> _p25002o3_9
                              v_p25002t   ->   v_p25002t_1 v_p25002t_10 ... v_p
> 25002t_9
-----------------------------------------------------------------------------
.     duplicates drop conglome vivienda hogar codperso, force

Duplicates in terms of conglome vivienda hogar codperso

(0 observations are duplicates)
.     save "datos crudos/enaho02-2013-2500_wide.dta", replace
file datos crudos/enaho02-2013-2500_wide.dta saved
. }

. 
. capture confirm file "datos crudos/enaho02-2013-2600.dta"

. if _rc == 0 {
.     use "datos crudos/enaho02-2013-2600.dta", clear
. 
.     * --- Armonizacion de nombres (Typos INEI) ---
.     capture rename p713b13 p713b
.     capture rename p713d13 p713d
.     capture rename p713e13 p713e
.     capture rename factor_07 factor07
.     * --------------------------------------------
. 
.     * --- Estandarizacion extrema de llaves (Anti-Ceros y Espacios) ---
.     foreach var in conglome vivienda hogar codperso codinfor { 
  2.         capture confirm variable `var'
  3.         if _rc == 0 {
  4.             capture tostring `var', replace force
  5.             capture replace `var' = trim(`var')
  6.             capture destring `var', replace force
  7.         }
  8.     }
.     * -----------------------------------------------------------------
.     drop if missing(conglome) | missing(vivienda) | missing(hogar) | missing(
> codperso)
(0 observations deleted)
.     duplicates drop

Duplicates in terms of all variables

(0 observations are duplicates)
.     bysort conglome vivienda hogar codperso: gen num_subprod_pec = _n
.     tostring num_subprod_pec, generate(j_str)
j_str generated as str2
.     replace j_str = "_" + j_str
variable j_str was str2 now str3
(30,386 real changes made)
.     drop num_subprod_pec
. 
.     * --- Ahorro de Memoria: Borrado Quirúrgico ---
.     capture drop año
.     capture drop a?o
.     capture drop mes
.     capture drop nconglome
.     capture drop ubigeo
.     capture drop dominio
.     capture drop estrato
.     capture drop periodo
.     capture drop codinfor
.     capture drop factor*
.     capture drop factora*
.     * ---------------------------------------------
.     ds conglome vivienda hogar codperso j_str, not
p2600a   p26001a  p26001c  p26002b  p26002d  p26002f  p26002h
p2600b   p26001b  p26002a  p26002c  p26002e  p26002g  p26002t
.     local vars `r(varlist)'
.     foreach v of local vars {
  2.         rename `v' v_`v'
  3.     }
.     ds conglome vivienda hogar codperso j_str, not
v_p2600a   v_p26001a  v_p26001c  v_p26002b  v_p26002d  v_p26002f  v_p26002h
v_p2600b   v_p26001b  v_p26002a  v_p26002c  v_p26002e  v_p26002g  v_p26002t
.     local vars_wide `r(varlist)'
.     reshape wide `vars_wide', i(conglome vivienda hogar codperso) j(j_str) st
> ring
(j = _1 _10 _11 _2 _3 _4 _5 _6 _7 _8 _9)

Data                               Long   ->   Wide
-----------------------------------------------------------------------------
Number of observations           30,386   ->   9,547       
Number of variables                  19   ->   158         
j variable (11 values)            j_str   ->   (dropped)
xij variables:
                               v_p2600a   ->   v_p2600a_1 v_p2600a_10 ... v_p26
> 00a_9
                               v_p2600b   ->   v_p2600b_1 v_p2600b_10 ... v_p26
> 00b_9
                              v_p26001a   ->   v_p26001a_1 v_p26001a_10 ... v_p
> 26001a_9
                              v_p26001b   ->   v_p26001b_1 v_p26001b_10 ... v_p
> 26001b_9
                              v_p26001c   ->   v_p26001c_1 v_p26001c_10 ... v_p
> 26001c_9
                              v_p26002a   ->   v_p26002a_1 v_p26002a_10 ... v_p
> 26002a_9
                              v_p26002b   ->   v_p26002b_1 v_p26002b_10 ... v_p
> 26002b_9
                              v_p26002c   ->   v_p26002c_1 v_p26002c_10 ... v_p
> 26002c_9
                              v_p26002d   ->   v_p26002d_1 v_p26002d_10 ... v_p
> 26002d_9
                              v_p26002e   ->   v_p26002e_1 v_p26002e_10 ... v_p
> 26002e_9
                              v_p26002f   ->   v_p26002f_1 v_p26002f_10 ... v_p
> 26002f_9
                              v_p26002g   ->   v_p26002g_1 v_p26002g_10 ... v_p
> 26002g_9
                              v_p26002h   ->   v_p26002h_1 v_p26002h_10 ... v_p
> 26002h_9
                              v_p26002t   ->   v_p26002t_1 v_p26002t_10 ... v_p
> 26002t_9
-----------------------------------------------------------------------------
.     duplicates drop conglome vivienda hogar codperso, force

Duplicates in terms of conglome vivienda hogar codperso

(0 observations are duplicates)
.     save "datos crudos/enaho02-2013-2600_wide.dta", replace
file datos crudos/enaho02-2013-2600_wide.dta saved
. }

. 
. capture confirm file "datos crudos/enaho02-2013-2000.dta"

. if _rc == 0 {
.     use "datos crudos/enaho02-2013-2000.dta", clear
. 
.     * --- Armonizacion de nombres (Typos INEI) ---
.     capture rename p713b13 p713b
.     capture rename p713d13 p713d
.     capture rename p713e13 p713e
.     capture rename factor_07 factor07
.     * --------------------------------------------
. 
.     * --- Estandarizacion extrema de llaves (Anti-Ceros y Espacios) ---
.     foreach var in conglome vivienda hogar codperso codinfor { 
  2.         capture confirm variable `var'
  3.         if _rc == 0 {
  4.             capture tostring `var', replace force
  5.             capture replace `var' = trim(`var')
  6.             capture destring `var', replace force
  7.         }
  8.     }
.     * -----------------------------------------------------------------
. 
.     * --- Ahorro de Memoria: Borrado Quirúrgico ---
.     capture drop año
.     capture drop a?o
.     capture drop mes
.     capture drop nconglome
.     capture drop ubigeo
.     capture drop dominio
.     capture drop estrato
.     capture drop periodo
.     capture drop codinfor
.     capture drop factor*
.     capture drop factora*
.     * ---------------------------------------------
.     drop if missing(conglome) | missing(vivienda) | missing(hogar) | missing(
> codperso)
(0 observations deleted)
.     duplicates drop conglome vivienda hogar codperso, force

Duplicates in terms of conglome vivienda hogar codperso

(0 observations are duplicates)
.     save "datos crudos/enaho02-2013-2000_clean.dta", replace
file datos crudos/enaho02-2013-2000_clean.dta saved
. }

. 
. capture confirm file "datos crudos/enaho02-2013-2400.dta"

. if _rc == 0 {
.     use "datos crudos/enaho02-2013-2400.dta", clear
. 
.     * --- Armonizacion de nombres (Typos INEI) ---
.     capture rename p713b13 p713b
.     capture rename p713d13 p713d
.     capture rename p713e13 p713e
.     capture rename factor_07 factor07
.     * --------------------------------------------
. 
.     * --- Estandarizacion extrema de llaves (Anti-Ceros y Espacios) ---
.     foreach var in conglome vivienda hogar codperso codinfor { 
  2.         capture confirm variable `var'
  3.         if _rc == 0 {
  4.             capture tostring `var', replace force
  5.             capture replace `var' = trim(`var')
  6.             capture destring `var', replace force
  7.         }
  8.     }
.     * -----------------------------------------------------------------
. 
.     * --- Ahorro de Memoria: Borrado Quirúrgico ---
.     capture drop año
.     capture drop a?o
.     capture drop mes
.     capture drop nconglome
.     capture drop ubigeo
.     capture drop dominio
.     capture drop estrato
.     capture drop periodo
.     capture drop codinfor
.     capture drop factor*
.     capture drop factora*
.     * ---------------------------------------------
.     drop if missing(conglome) | missing(vivienda) | missing(hogar) | missing(
> codperso)
(0 observations deleted)
.     duplicates drop conglome vivienda hogar codperso, force

Duplicates in terms of conglome vivienda hogar codperso

(0 observations are duplicates)
.     save "datos crudos/enaho02-2013-2400_clean.dta", replace
file datos crudos/enaho02-2013-2400_clean.dta saved
. }

. 
. capture confirm file "datos crudos/enaho02-2013-2700.dta"

. if _rc == 0 {
.     use "datos crudos/enaho02-2013-2700.dta", clear
. 
.     * --- Armonizacion de nombres (Typos INEI) ---
.     capture rename p713b13 p713b
.     capture rename p713d13 p713d
.     capture rename p713e13 p713e
.     capture rename factor_07 factor07
.     * --------------------------------------------
. 
.     * --- Estandarizacion extrema de llaves (Anti-Ceros y Espacios) ---
.     foreach var in conglome vivienda hogar codperso codinfor { 
  2.         capture confirm variable `var'
  3.         if _rc == 0 {
  4.             capture tostring `var', replace force
  5.             capture replace `var' = trim(`var')
  6.             capture destring `var', replace force
  7.         }
  8.     }
.     * -----------------------------------------------------------------
. 
.     * --- Ahorro de Memoria: Borrado Quirúrgico ---
.     capture drop año
.     capture drop a?o
.     capture drop mes
.     capture drop nconglome
.     capture drop ubigeo
.     capture drop dominio
.     capture drop estrato
.     capture drop periodo
.     capture drop codinfor
.     capture drop factor*
.     capture drop factora*
.     * ---------------------------------------------
.     drop if missing(conglome) | missing(vivienda) | missing(hogar) | missing(
> codperso)
(0 observations deleted)
.     duplicates drop conglome vivienda hogar codperso, force

Duplicates in terms of conglome vivienda hogar codperso

(0 observations are duplicates)
.     save "datos crudos/enaho02-2013-2700_clean.dta", replace
file datos crudos/enaho02-2013-2700_clean.dta saved
. }

. 
. use "datos crudos/enaho01-2013-200.dta", clear

. 
.     * --- Estandarizacion extrema de llaves (Anti-Ceros y Espacios) ---
.     foreach var in conglome vivienda hogar codperso codinfor { 
  2.         capture confirm variable `var'
  3.         if _rc == 0 {
  4.             capture tostring `var', replace force
  5.             capture replace `var' = trim(`var')
  6.             capture destring `var', replace force
  7.         }
  8.     }

.     * -----------------------------------------------------------------
. drop if missing(conglome) | missing(vivienda) | missing(hogar) | missing(codp
> erso)
(0 observations deleted)

. duplicates drop conglome vivienda hogar codperso, force

Duplicates in terms of conglome vivienda hogar codperso

(0 observations are duplicates)

. 
. capture confirm file "datos crudos/enaho01a-2013-300_clean.dta"

. if _rc == 0 {
.     merge 1:1 conglome vivienda hogar codperso using "datos crudos/enaho01a-2
> 013-300_clean.dta", force
(label LABB already defined)

    Result                      Number of obs
    -----------------------------------------
    Not matched                        11,731
        from master                    11,731  (_merge==1)
        from using                          0  (_merge==2)

    Matched                           112,307  (_merge==3)
    -----------------------------------------
.     drop if _merge == 2
(0 observations deleted)
.     drop _merge
. }

. capture confirm file "datos crudos/enaho01a-2013-400_clean.dta"

. if _rc == 0 {
.     merge 1:1 conglome vivienda hogar codperso using "datos crudos/enaho01a-2
> 013-400_clean.dta", force
(label ticuest01a already defined)
(label p301a already defined)
(label p209 already defined)
(label p207 already defined)
(label p203 already defined)
(label LABH already defined)
(label LABG already defined)
(label LABF already defined)
(label LABE already defined)
(label LABD already defined)
(label LABC already defined)
(label LABB already defined)

    Result                      Number of obs
    -----------------------------------------
    Not matched                         6,307
        from master                     6,307  (_merge==1)
        from using                          0  (_merge==2)

    Matched                           117,731  (_merge==3)
    -----------------------------------------
.     drop if _merge == 2
(0 observations deleted)
.     drop _merge
. }

. capture confirm file "datos crudos/enaho01a-2013-500_clean.dta"

. if _rc == 0 {
.     merge 1:1 conglome vivienda hogar codperso using "datos crudos/enaho01a-2
> 013-500_clean.dta", force
(label LABB already defined)
(label LABC already defined)
(label LABD already defined)
(label LABE already defined)
(label LABF already defined)
(label LABG already defined)
(label LABH already defined)
(label LABI already defined)
(label LABJ already defined)
(label LABK already defined)
(label LABL already defined)
(label LABM already defined)
(label LABN already defined)
(label p203 already defined)
(label p207 already defined)
(label p209 already defined)
(label p301a already defined)
(label ticuest01a already defined)

    Result                      Number of obs
    -----------------------------------------
    Not matched                        36,056
        from master                    36,056  (_merge==1)
        from using                          0  (_merge==2)

    Matched                            87,982  (_merge==3)
    -----------------------------------------
.     drop if _merge == 2
(0 observations deleted)
.     drop _merge
. }

. capture confirm file "datos crudos/enaho01b-2013-1_clean.dta"

. if _rc == 0 {
.     merge 1:1 conglome vivienda hogar codperso using "datos crudos/enaho01b-2
> 013-1_clean.dta", force

    Result                      Number of obs
    -----------------------------------------
    Not matched                        93,585
        from master                    93,585  (_merge==1)
        from using                          0  (_merge==2)

    Matched                            30,453  (_merge==3)
    -----------------------------------------
.     drop if _merge == 2
(0 observations deleted)
.     drop _merge
. }

. capture confirm file "datos crudos/enaho01b-2013-2_clean.dta"

. if _rc == 0 {
.     merge 1:1 conglome vivienda hogar codperso using "datos crudos/enaho01b-2
> 013-2_clean.dta", force
(label LABB already defined)
(label LABC already defined)
(label LABD already defined)
(label LABE already defined)
(label LABF already defined)

    Result                      Number of obs
    -----------------------------------------
    Not matched                        93,585
        from master                    93,585  (_merge==1)
        from using                          0  (_merge==2)

    Matched                            30,453  (_merge==3)
    -----------------------------------------
.     drop if _merge == 2
(0 observations deleted)
.     drop _merge
. }

. capture confirm file "datos crudos/enaho01b-2013-3_clean.dta"

. if _rc == 0 {
.     merge 1:1 conglome vivienda hogar codperso using "datos crudos/enaho01b-2
> 013-3_clean.dta", force
(label ticuest01b already defined)

    Result                      Number of obs
    -----------------------------------------
    Not matched                        94,967
        from master                    94,967  (_merge==1)
        from using                          0  (_merge==2)

    Matched                            29,071  (_merge==3)
    -----------------------------------------
.     drop if _merge == 2
(0 observations deleted)
.     drop _merge
. }

. capture confirm file "datos crudos/enaho01-2013-700a_wide.dta"

. if _rc == 0 {
.     merge 1:1 conglome vivienda hogar codperso using "datos crudos/enaho01-20
> 13-700a_wide.dta", force
(label LABB already defined)

    Result                      Number of obs
    -----------------------------------------
    Not matched                       108,309
        from master                   108,309  (_merge==1)
        from using                          0  (_merge==2)

    Matched                            15,729  (_merge==3)
    -----------------------------------------
.     drop if _merge == 2
(0 observations deleted)
.     drop _merge
. }

. capture confirm file "datos crudos/enaho01-2013-700b_wide.dta"

. if _rc == 0 {
.     merge 1:1 conglome vivienda hogar codperso using "datos crudos/enaho01-20
> 13-700b_wide.dta", force
.     drop if _merge == 2
.     drop _merge
. }

. capture confirm file "datos crudos/enaho02-2013-2000_clean.dta"

. if _rc == 0 {
.     merge 1:1 conglome vivienda hogar codperso using "datos crudos/enaho02-20
> 13-2000_clean.dta", force
(label ticuest0 already defined)

    Result                      Number of obs
    -----------------------------------------
    Not matched                       110,768
        from master                   110,768  (_merge==1)
        from using                          0  (_merge==2)

    Matched                            13,270  (_merge==3)
    -----------------------------------------
.     drop if _merge == 2
(0 observations deleted)
.     drop _merge
. }

. capture confirm file "datos crudos/enaho02-2013-2000a_wide.dta"

. if _rc == 0 {
.     merge 1:1 conglome vivienda hogar codperso using "datos crudos/enaho02-20
> 13-2000a_wide.dta", force

    Result                      Number of obs
    -----------------------------------------
    Not matched                       112,240
        from master                   112,240  (_merge==1)
        from using                          0  (_merge==2)

    Matched                            11,798  (_merge==3)
    -----------------------------------------
.     drop if _merge == 2
(0 observations deleted)
.     drop _merge
. }

. capture confirm file "datos crudos/enaho02-2013-2100_wide.dta"

. if _rc == 0 {
.     merge 1:1 conglome vivienda hogar codperso using "datos crudos/enaho02-20
> 13-2100_wide.dta", force

    Result                      Number of obs
    -----------------------------------------
    Not matched                       112,450
        from master                   112,450  (_merge==1)
        from using                          0  (_merge==2)

    Matched                            11,588  (_merge==3)
    -----------------------------------------
.     drop if _merge == 2
(0 observations deleted)
.     drop _merge
. }

. capture confirm file "datos crudos/enaho02-2013-2200_wide.dta"

. if _rc == 0 {
.     merge 1:1 conglome vivienda hogar codperso using "datos crudos/enaho02-20
> 13-2200_wide.dta", force

    Result                      Number of obs
    -----------------------------------------
    Not matched                       116,080
        from master                   116,080  (_merge==1)
        from using                          0  (_merge==2)

    Matched                             7,958  (_merge==3)
    -----------------------------------------
.     drop if _merge == 2
(0 observations deleted)
.     drop _merge
. }

. capture confirm file "datos crudos/enaho02-2013-2300_wide.dta"

. if _rc == 0 {
.     merge 1:1 conglome vivienda hogar codperso using "datos crudos/enaho02-20
> 13-2300_wide.dta", force

    Result                      Number of obs
    -----------------------------------------
    Not matched                       120,011
        from master                   120,011  (_merge==1)
        from using                          0  (_merge==2)

    Matched                             4,027  (_merge==3)
    -----------------------------------------
.     drop if _merge == 2
(0 observations deleted)
.     drop _merge
. }

. capture confirm file "datos crudos/enaho02-2013-2400_clean.dta"

. if _rc == 0 {
.     merge 1:1 conglome vivienda hogar codperso using "datos crudos/enaho02-20
> 13-2400_clean.dta", force

    Result                      Number of obs
    -----------------------------------------
    Not matched                       112,388
        from master                   112,388  (_merge==1)
        from using                          0  (_merge==2)

    Matched                            11,650  (_merge==3)
    -----------------------------------------
.     drop if _merge == 2
(0 observations deleted)
.     drop _merge
. }

. capture confirm file "datos crudos/enaho02-2013-2500_wide.dta"

. if _rc == 0 {
.     merge 1:1 conglome vivienda hogar codperso using "datos crudos/enaho02-20
> 13-2500_wide.dta", force

    Result                      Number of obs
    -----------------------------------------
    Not matched                       112,549
        from master                   112,549  (_merge==1)
        from using                          0  (_merge==2)

    Matched                            11,489  (_merge==3)
    -----------------------------------------
.     drop if _merge == 2
(0 observations deleted)
.     drop _merge
. }

. capture confirm file "datos crudos/enaho02-2013-2600_wide.dta"

. if _rc == 0 {
.     merge 1:1 conglome vivienda hogar codperso using "datos crudos/enaho02-20
> 13-2600_wide.dta", force

    Result                      Number of obs
    -----------------------------------------
    Not matched                       114,491
        from master                   114,491  (_merge==1)
        from using                          0  (_merge==2)

    Matched                             9,547  (_merge==3)
    -----------------------------------------
.     drop if _merge == 2
(0 observations deleted)
.     drop _merge
. }

. capture confirm file "datos crudos/enaho02-2013-2700_clean.dta"

. if _rc == 0 {
.     merge 1:1 conglome vivienda hogar codperso using "datos crudos/enaho02-20
> 13-2700_clean.dta", force

    Result                      Number of obs
    -----------------------------------------
    Not matched                       112,999
        from master                   112,999  (_merge==1)
        from using                          0  (_merge==2)

    Matched                            11,039  (_merge==3)
    -----------------------------------------
.     drop if _merge == 2
(0 observations deleted)
.     drop _merge
. }

. save "datos crudos/temp_personas_2013.dta", replace
file datos crudos/temp_personas_2013.dta saved

. 
. use "datos crudos/temp_personas_2013.dta", clear

. capture confirm file "datos crudos/enaho01-2013-100_clean.dta"

. if _rc == 0 {
.     merge m:1 conglome vivienda hogar using "datos crudos/enaho01-2013-100_cl
> ean.dta", force
(label LABB already defined)
(label LABC already defined)
(label LABD already defined)
(label LABE already defined)
(label LABF already defined)
(label LABG already defined)
(label LABH already defined)
(label LABI already defined)
(label LABJ already defined)
(label LABK already defined)
(label LABL already defined)
(label LABM already defined)
(label LABN already defined)
(label LABO already defined)
(label LABP already defined)
(label LABQ already defined)
(label LABR already defined)
(label LABS already defined)
(label ticuest01 already defined)
(label LABT already defined)

    Result                      Number of obs
    -----------------------------------------
    Not matched                         9,223
        from master                         0  (_merge==1)
        from using                      9,223  (_merge==2)

    Matched                           124,038  (_merge==3)
    -----------------------------------------
.     drop if _merge == 2
(9,223 observations deleted)
.     drop _merge
. }

. capture confirm file "datos crudos/enaho01-2013-700_clean.dta"

. if _rc == 0 {
.     merge m:1 conglome vivienda hogar using "datos crudos/enaho01-2013-700_cl
> ean.dta", force
(label LABB already defined)
(label ticuest01 already defined)

    Result                      Number of obs
    -----------------------------------------
    Not matched                             0
    Matched                           124,038  (_merge==3)
    -----------------------------------------
.     drop if _merge == 2
(0 observations deleted)
.     drop _merge
. }

. capture confirm file "datos crudos/sumaria-2013_clean.dta"

. if _rc == 0 {
.     merge m:1 conglome vivienda hogar using "datos crudos/sumaria-2013_clean.
> dta", force

    Result                      Number of obs
    -----------------------------------------
    Not matched                             0
    Matched                           124,038  (_merge==3)
    -----------------------------------------
.     drop if _merge == 2
(0 observations deleted)
.     drop _merge
. }

. save "datos crudos/2013.dta", replace
file datos crudos/2013.dta saved

. 
. use "datos crudos/2013.dta", clear

. rename conglome con_13

. rename vivienda viv_13

. rename hogar hog_13

. save "datos crudos/2013n.dta", replace
file datos crudos/2013n.dta saved

. 
. use "datos crudos/enaho01_2012_2016_100_panel.dta", clear

.     * --- Armonizar llaves maestras del Panel Antiguo ---
.     capture rename cenl numpanh

.     capture rename num_hog numpanh

.     * -----------------------------------------------------------
.     * --- Armonizar nombres mutantes del Panel ---
.     capture rename factor_07_13 factor07_13

.     capture rename factor07_13_13 factor07_13

.     capture rename factor07_13a factor07_13

.     capture rename facpanel* fac_panel*

.     * -----------------------------------------------------------
.     * --- KEEP SEGURO (Evita error 111 si faltan variables) ---
.     local keep_vars numpanh mes_13 conglome_13 vivienda_13 hogar_13 ubigeo_13
>  dominio_13 estrato_13 factor07_13

.     foreach v in p101_13 p105a_13 tipenc_13 fecent_13 result_13 panel_13 peri
> odo_13 {
  2.         capture confirm variable `v'
  3.         if _rc == 0 {
  4.             local keep_vars `keep_vars' `v'
  5.         }
  6.     }

.     foreach prefix in hpan hpanel fac_panel facpanel {
  2.         capture ds `prefix'*
  3.         if _rc == 0 {
  4.             local keep_vars `keep_vars' `r(varlist)'
  5.         }
  6.     }

.     local keep_vars: list uniq keep_vars

.     keep `keep_vars'

.     * -----------------------------------------------------------
. rename conglome_13 con_13

. rename vivienda_13 viv_13

. rename hogar_13 hog_13

.     * --- Estandarizacion extrema del Panel ---
.     foreach var in con_13 viv_13 hog_13 numpanh {
  2.         capture confirm variable `var'
  3.         if _rc == 0 {
  4.             capture tostring `var', replace force
  5.             capture replace `var' = trim(`var')
  6.             capture destring `var', replace force
  7.         }
  8.     }

. capture destring mes_13, replace force

. keep if inrange(mes_13, 1, 12)
(123,786 observations deleted)

. drop if missing(con_13) | missing(viv_13) | missing(hog_13)
(0 observations deleted)

. duplicates drop con_13 viv_13 hog_13, force

Duplicates in terms of con_13 viv_13 hog_13

(0 observations are duplicates)

. gen ID = 2013

. merge 1:m con_13 viv_13 hog_13 using "datos crudos/2013n.dta", force
(label LABU already defined)
(label LABT already defined)
(label LABS already defined)
(label LABR already defined)
(label LABQ already defined)
(label LABP already defined)
(label LABO already defined)
(label LABN already defined)
(label LABM already defined)
(label LABL already defined)
(label LABK already defined)
(label LABJ already defined)
(label LABI already defined)
(label LABH already defined)
(label LABG already defined)
(label LABF already defined)
(label LABE already defined)
(label LABD already defined)
(label LABC already defined)
(label LABB already defined)

    Result                      Number of obs
    -----------------------------------------
    Not matched                         9,223
        from master                     9,223  (_merge==1)
        from using                          0  (_merge==2)

    Matched                           124,038  (_merge==3)
    -----------------------------------------

. drop if _merge == 1
(9,223 observations deleted)

. drop _merge

. rename con_13 conglome

. rename viv_13 vivienda

. rename hog_13 hogar

. save "resultados/2013_enahop.dta", replace
file resultados/2013_enahop.dta saved

. 
. **************************************************
. * PROCESANDO AÑO 2014
. **************************************************
. 
. capture confirm file "datos crudos/enaho01-2014-100.dta"

. if _rc == 0 {
.     use "datos crudos/enaho01-2014-100.dta", clear
. 
.     * --- Armonizacion de nombres (Typos INEI) ---
.     capture rename p713b14 p713b
.     capture rename p713d14 p713d
.     capture rename p713e14 p713e
.     capture rename factor_07 factor07
.     * --------------------------------------------
. 
.     * --- Estandarizacion extrema de llaves (Anti-Ceros y Espacios) ---
.     foreach var in conglome vivienda hogar codperso codinfor { 
  2.         capture confirm variable `var'
  3.         if _rc == 0 {
  4.             capture tostring `var', replace force
  5.             capture replace `var' = trim(`var')
  6.             capture destring `var', replace force
  7.         }
  8.     }
.     * -----------------------------------------------------------------
. 
.     * --- Ahorro de Memoria: Borrado Quirúrgico ---
.     capture drop año
.     capture drop a?o
.     capture drop mes
.     capture drop nconglome
.     capture drop ubigeo
.     capture drop dominio
.     capture drop estrato
.     capture drop periodo
.     capture drop codinfor
.     capture drop factor*
.     capture drop factora*
.     * ---------------------------------------------
.     drop if missing(conglome) | missing(vivienda) | missing(hogar)
(0 observations deleted)
.     duplicates drop conglome vivienda hogar, force

Duplicates in terms of conglome vivienda hogar

(93,306 observations deleted)
.     save "datos crudos/enaho01-2014-100_clean.dta", replace
file datos crudos/enaho01-2014-100_clean.dta saved
. }

. 
. capture confirm file "datos crudos/enaho01-2014-700.dta"

. if _rc == 0 {
.     use "datos crudos/enaho01-2014-700.dta", clear
. 
.     * --- Armonizacion de nombres (Typos INEI) ---
.     capture rename p713b14 p713b
.     capture rename p713d14 p713d
.     capture rename p713e14 p713e
.     capture rename factor_07 factor07
.     * --------------------------------------------
. 
.     * --- Estandarizacion extrema de llaves (Anti-Ceros y Espacios) ---
.     foreach var in conglome vivienda hogar codperso codinfor { 
  2.         capture confirm variable `var'
  3.         if _rc == 0 {
  4.             capture tostring `var', replace force
  5.             capture replace `var' = trim(`var')
  6.             capture destring `var', replace force
  7.         }
  8.     }
.     * -----------------------------------------------------------------
. 
.     * --- Ahorro de Memoria: Borrado Quirúrgico ---
.     capture drop año
.     capture drop a?o
.     capture drop mes
.     capture drop nconglome
.     capture drop ubigeo
.     capture drop dominio
.     capture drop estrato
.     capture drop periodo
.     capture drop codinfor
.     capture drop factor*
.     capture drop factora*
.     * ---------------------------------------------
.     drop if missing(conglome) | missing(vivienda) | missing(hogar)
(0 observations deleted)
.     duplicates drop conglome vivienda hogar, force

Duplicates in terms of conglome vivienda hogar

(0 observations are duplicates)
.     save "datos crudos/enaho01-2014-700_clean.dta", replace
file datos crudos/enaho01-2014-700_clean.dta saved
. }

. 
. capture confirm file "datos crudos/sumaria-2014.dta"

. if _rc == 0 {
.     use "datos crudos/sumaria-2014.dta", clear
. 
.     * --- Armonizacion de nombres (Typos INEI) ---
.     capture rename p713b14 p713b
.     capture rename p713d14 p713d
.     capture rename p713e14 p713e
.     capture rename factor_07 factor07
.     * --------------------------------------------
. 
.     * --- Estandarizacion extrema de llaves (Anti-Ceros y Espacios) ---
.     foreach var in conglome vivienda hogar codperso codinfor { 
  2.         capture confirm variable `var'
  3.         if _rc == 0 {
  4.             capture tostring `var', replace force
  5.             capture replace `var' = trim(`var')
  6.             capture destring `var', replace force
  7.         }
  8.     }
.     * -----------------------------------------------------------------
. 
.     * --- Ahorro de Memoria: Borrado Quirúrgico ---
.     capture drop año
.     capture drop a?o
.     capture drop mes
.     capture drop nconglome
.     capture drop ubigeo
.     capture drop dominio
.     capture drop estrato
.     capture drop periodo
.     capture drop codinfor
.     capture drop factor*
.     capture drop factora*
.     * ---------------------------------------------
.     drop if missing(conglome) | missing(vivienda) | missing(hogar)
(0 observations deleted)
.     duplicates drop conglome vivienda hogar, force

Duplicates in terms of conglome vivienda hogar

(0 observations are duplicates)
.     save "datos crudos/sumaria-2014_clean.dta", replace
file datos crudos/sumaria-2014_clean.dta saved
. }

. 
. capture confirm file "datos crudos/enaho01a-2014-300.dta"

. if _rc == 0 {
.     use "datos crudos/enaho01a-2014-300.dta", clear
. 
.     * --- Armonizacion de nombres (Typos INEI) ---
.     capture rename p713b14 p713b
.     capture rename p713d14 p713d
.     capture rename p713e14 p713e
.     capture rename factor_07 factor07
.     * --------------------------------------------
. 
.     * --- Estandarizacion extrema de llaves (Anti-Ceros y Espacios) ---
.     foreach var in conglome vivienda hogar codperso codinfor { 
  2.         capture confirm variable `var'
  3.         if _rc == 0 {
  4.             capture tostring `var', replace force
  5.             capture replace `var' = trim(`var')
  6.             capture destring `var', replace force
  7.         }
  8.     }
.     * -----------------------------------------------------------------
. 
.     * --- Ahorro de Memoria: Borrado Quirúrgico ---
.     capture drop año
.     capture drop a?o
.     capture drop mes
.     capture drop nconglome
.     capture drop ubigeo
.     capture drop dominio
.     capture drop estrato
.     capture drop periodo
.     capture drop codinfor
.     capture drop factor*
.     capture drop factora*
.     * ---------------------------------------------
.     drop if missing(conglome) | missing(vivienda) | missing(hogar) | missing(
> codperso)
(0 observations deleted)
.     duplicates drop conglome vivienda hogar codperso, force

Duplicates in terms of conglome vivienda hogar codperso

(0 observations are duplicates)
.     save "datos crudos/enaho01a-2014-300_clean.dta", replace
file datos crudos/enaho01a-2014-300_clean.dta saved
. }

. 
. capture confirm file "datos crudos/enaho01a-2014-400.dta"

. if _rc == 0 {
.     use "datos crudos/enaho01a-2014-400.dta", clear
. 
.     * --- Armonizacion de nombres (Typos INEI) ---
.     capture rename p713b14 p713b
.     capture rename p713d14 p713d
.     capture rename p713e14 p713e
.     capture rename factor_07 factor07
.     * --------------------------------------------
. 
.     * --- Estandarizacion extrema de llaves (Anti-Ceros y Espacios) ---
.     foreach var in conglome vivienda hogar codperso codinfor { 
  2.         capture confirm variable `var'
  3.         if _rc == 0 {
  4.             capture tostring `var', replace force
  5.             capture replace `var' = trim(`var')
  6.             capture destring `var', replace force
  7.         }
  8.     }
.     * -----------------------------------------------------------------
. 
.     * --- Ahorro de Memoria: Borrado Quirúrgico ---
.     capture drop año
.     capture drop a?o
.     capture drop mes
.     capture drop nconglome
.     capture drop ubigeo
.     capture drop dominio
.     capture drop estrato
.     capture drop periodo
.     capture drop codinfor
.     capture drop factor*
.     capture drop factora*
.     * ---------------------------------------------
.     drop if missing(conglome) | missing(vivienda) | missing(hogar) | missing(
> codperso)
(0 observations deleted)
.     duplicates drop conglome vivienda hogar codperso, force

Duplicates in terms of conglome vivienda hogar codperso

(0 observations are duplicates)
.     save "datos crudos/enaho01a-2014-400_clean.dta", replace
file datos crudos/enaho01a-2014-400_clean.dta saved
. }

. 
. capture confirm file "datos crudos/enaho01a-2014-500.dta"

. if _rc == 0 {
.     use "datos crudos/enaho01a-2014-500.dta", clear
. 
.     * --- Armonizacion de nombres (Typos INEI) ---
.     capture rename p713b14 p713b
.     capture rename p713d14 p713d
.     capture rename p713e14 p713e
.     capture rename factor_07 factor07
.     * --------------------------------------------
. 
.     * --- Estandarizacion extrema de llaves (Anti-Ceros y Espacios) ---
.     foreach var in conglome vivienda hogar codperso codinfor { 
  2.         capture confirm variable `var'
  3.         if _rc == 0 {
  4.             capture tostring `var', replace force
  5.             capture replace `var' = trim(`var')
  6.             capture destring `var', replace force
  7.         }
  8.     }
.     * -----------------------------------------------------------------
. 
.     * --- Ahorro de Memoria: Borrado Quirúrgico ---
.     capture drop año
.     capture drop a?o
.     capture drop mes
.     capture drop nconglome
.     capture drop ubigeo
.     capture drop dominio
.     capture drop estrato
.     capture drop periodo
.     capture drop codinfor
.     capture drop factor*
.     capture drop factora*
.     * ---------------------------------------------
.     drop if missing(conglome) | missing(vivienda) | missing(hogar) | missing(
> codperso)
(0 observations deleted)
.     duplicates drop conglome vivienda hogar codperso, force

Duplicates in terms of conglome vivienda hogar codperso

(0 observations are duplicates)
.     save "datos crudos/enaho01a-2014-500_clean.dta", replace
file datos crudos/enaho01a-2014-500_clean.dta saved
. }

. 
. capture confirm file "datos crudos/enaho01b-2014-1.dta"

. if _rc == 0 {
.     use "datos crudos/enaho01b-2014-1.dta", clear
. 
.     * --- Armonizacion de nombres (Typos INEI) ---
.     capture rename p713b14 p713b
.     capture rename p713d14 p713d
.     capture rename p713e14 p713e
.     capture rename factor_07 factor07
.     * --------------------------------------------
. 
.     * --- Estandarizacion extrema de llaves (Anti-Ceros y Espacios) ---
.     foreach var in conglome vivienda hogar codperso codinfor { 
  2.         capture confirm variable `var'
  3.         if _rc == 0 {
  4.             capture tostring `var', replace force
  5.             capture replace `var' = trim(`var')
  6.             capture destring `var', replace force
  7.         }
  8.     }
.     * -----------------------------------------------------------------
. 
.     * --- Ahorro de Memoria: Borrado Quirúrgico ---
.     capture drop año
.     capture drop a?o
.     capture drop mes
.     capture drop nconglome
.     capture drop ubigeo
.     capture drop dominio
.     capture drop estrato
.     capture drop periodo
.     capture drop codinfor
.     capture drop factor*
.     capture drop factora*
.     * ---------------------------------------------
.     drop if missing(conglome) | missing(vivienda) | missing(hogar) | missing(
> codperso)
(0 observations deleted)
.     duplicates drop conglome vivienda hogar codperso, force

Duplicates in terms of conglome vivienda hogar codperso

(0 observations are duplicates)
.     save "datos crudos/enaho01b-2014-1_clean.dta", replace
file datos crudos/enaho01b-2014-1_clean.dta saved
. }

. 
. capture confirm file "datos crudos/enaho01b-2014-2.dta"

. if _rc == 0 {
.     use "datos crudos/enaho01b-2014-2.dta", clear
. 
.     * --- Armonizacion de nombres (Typos INEI) ---
.     capture rename p713b14 p713b
.     capture rename p713d14 p713d
.     capture rename p713e14 p713e
.     capture rename factor_07 factor07
.     * --------------------------------------------
. 
.     * --- Estandarizacion extrema de llaves (Anti-Ceros y Espacios) ---
.     foreach var in conglome vivienda hogar codperso codinfor { 
  2.         capture confirm variable `var'
  3.         if _rc == 0 {
  4.             capture tostring `var', replace force
  5.             capture replace `var' = trim(`var')
  6.             capture destring `var', replace force
  7.         }
  8.     }
.     * -----------------------------------------------------------------
. 
.     * --- Ahorro de Memoria: Borrado Quirúrgico ---
.     capture drop año
.     capture drop a?o
.     capture drop mes
.     capture drop nconglome
.     capture drop ubigeo
.     capture drop dominio
.     capture drop estrato
.     capture drop periodo
.     capture drop codinfor
.     capture drop factor*
.     capture drop factora*
.     * ---------------------------------------------
.     drop if missing(conglome) | missing(vivienda) | missing(hogar) | missing(
> codperso)
(0 observations deleted)
.     duplicates drop conglome vivienda hogar codperso, force

Duplicates in terms of conglome vivienda hogar codperso

(0 observations are duplicates)
.     save "datos crudos/enaho01b-2014-2_clean.dta", replace
file datos crudos/enaho01b-2014-2_clean.dta saved
. }

. 
. capture confirm file "datos crudos/enaho01b-2014-3.dta"

. if _rc == 0 {
.     use "datos crudos/enaho01b-2014-3.dta", clear
. 
.     * --- Armonizacion de nombres (Typos INEI) ---
.     capture rename p713b14 p713b
.     capture rename p713d14 p713d
.     capture rename p713e14 p713e
.     capture rename factor_07 factor07
.     * --------------------------------------------
. 
.     * --- Estandarizacion extrema de llaves (Anti-Ceros y Espacios) ---
.     foreach var in conglome vivienda hogar codperso codinfor { 
  2.         capture confirm variable `var'
  3.         if _rc == 0 {
  4.             capture tostring `var', replace force
  5.             capture replace `var' = trim(`var')
  6.             capture destring `var', replace force
  7.         }
  8.     }
.     * -----------------------------------------------------------------
. 
.     * --- Ahorro de Memoria: Borrado Quirúrgico ---
.     capture drop año
.     capture drop a?o
.     capture drop mes
.     capture drop nconglome
.     capture drop ubigeo
.     capture drop dominio
.     capture drop estrato
.     capture drop periodo
.     capture drop codinfor
.     capture drop factor*
.     capture drop factora*
.     * ---------------------------------------------
.     drop if missing(conglome) | missing(vivienda) | missing(hogar) | missing(
> codperso)
.     duplicates drop conglome vivienda hogar codperso, force
.     save "datos crudos/enaho01b-2014-3_clean.dta", replace
. }

. 
. capture confirm file "datos crudos/enaho01-2014-700a.dta"

. if _rc == 0 {
.     use "datos crudos/enaho01-2014-700a.dta", clear
. 
.     * --- Armonizacion de nombres (Typos INEI) ---
.     capture rename p713b14 p713b
.     capture rename p713d14 p713d
.     capture rename p713e14 p713e
.     capture rename factor_07 factor07
.     * --------------------------------------------
.     capture rename p702 codperso
.     capture tostring codperso, replace force
.     capture tostring codinfor, replace force
.     capture replace codperso = trim(codperso)
.     capture replace codinfor = trim(codinfor)
.     capture replace codperso = codinfor if codperso == "" | codperso == "."
. 
.     * --- Estandarizacion extrema de llaves (Anti-Ceros y Espacios) ---
.     foreach var in conglome vivienda hogar codperso codinfor { 
  2.         capture confirm variable `var'
  3.         if _rc == 0 {
  4.             capture tostring `var', replace force
  5.             capture replace `var' = trim(`var')
  6.             capture destring `var', replace force
  7.         }
  8.     }
.     * -----------------------------------------------------------------
.     gen programa_social1 = 0
.     replace programa_social1 = 1 if inlist(p703,1,2,3,4,5,6,7,8,10)
(20,549 real changes made)
.     drop if missing(conglome) | missing(vivienda) | missing(hogar) | missing(
> codperso)
(0 observations deleted)
.     duplicates drop conglome vivienda hogar codperso p703, force

Duplicates in terms of conglome vivienda hogar codperso p703

(0 observations are duplicates)
.     bysort conglome vivienda hogar codperso: gen num_item = _n
.     tostring num_item, generate(j_str)
j_str generated as str1
.     replace j_str = "_" + j_str
variable j_str was str1 now str2
(20,549 real changes made)
.     drop num_item
. 
.     * --- Ahorro de Memoria: Borrado Quirúrgico ---
.     capture drop año
.     capture drop a?o
.     capture drop mes
.     capture drop nconglome
.     capture drop ubigeo
.     capture drop dominio
.     capture drop estrato
.     capture drop periodo
.     capture drop codinfor
.     capture drop factor*
.     capture drop factora*
.     * ---------------------------------------------
.     ds conglome vivienda hogar codperso j_str, not
p703          p7061         p7064         p706a2        p706a5
p704          p7062         p7065         p706a3        programa_s~1
p705          p7063         p706a1        p706a4
.     local vars `r(varlist)'
.     foreach v of local vars {
  2.         rename `v' v_`v'
  3.     }
.     ds conglome vivienda hogar codperso j_str, not
v_p703        v_p7061       v_p7064       v_p706a2      v_p706a5
v_p704        v_p7062       v_p7065       v_p706a3      v_programa~1
v_p705        v_p7063       v_p706a1      v_p706a4
.     local vars_wide `r(varlist)'
.     reshape wide `vars_wide', i(conglome vivienda hogar codperso) j(j_str) st
> ring
(j = _1 _2 _3 _4)

Data                               Long   ->   Wide
-----------------------------------------------------------------------------
Number of observations           20,549   ->   15,434      
Number of variables                  19   ->   60          
j variable (4 values)             j_str   ->   (dropped)
xij variables:
                                 v_p703   ->   v_p703_1 v_p703_2 ... v_p703_4
                                 v_p704   ->   v_p704_1 v_p704_2 ... v_p704_4
                                 v_p705   ->   v_p705_1 v_p705_2 ... v_p705_4
                                v_p7061   ->   v_p7061_1 v_p7061_2 ... v_p7061_
> 4
                                v_p7062   ->   v_p7062_1 v_p7062_2 ... v_p7062_
> 4
                                v_p7063   ->   v_p7063_1 v_p7063_2 ... v_p7063_
> 4
                                v_p7064   ->   v_p7064_1 v_p7064_2 ... v_p7064_
> 4
                                v_p7065   ->   v_p7065_1 v_p7065_2 ... v_p7065_
> 4
                               v_p706a1   ->   v_p706a1_1 v_p706a1_2 ... v_p706
> a1_4
                               v_p706a2   ->   v_p706a2_1 v_p706a2_2 ... v_p706
> a2_4
                               v_p706a3   ->   v_p706a3_1 v_p706a3_2 ... v_p706
> a3_4
                               v_p706a4   ->   v_p706a4_1 v_p706a4_2 ... v_p706
> a4_4
                               v_p706a5   ->   v_p706a5_1 v_p706a5_2 ... v_p706
> a5_4
                     v_programa_social1   ->   v_programa_social1_1 v_programa_
> social1_2 ... v_programa_social1_4
-----------------------------------------------------------------------------
.     duplicates drop conglome vivienda hogar codperso, force

Duplicates in terms of conglome vivienda hogar codperso

(0 observations are duplicates)
.     save "datos crudos/enaho01-2014-700a_wide.dta", replace
file datos crudos/enaho01-2014-700a_wide.dta saved
. }

. 
. capture confirm file "datos crudos/enaho01-2014-700b.dta"

. if _rc == 0 {
.     use "datos crudos/enaho01-2014-700b.dta", clear
. 
.     * --- Armonizacion de nombres (Typos INEI) ---
.     capture rename p713b14 p713b
.     capture rename p713d14 p713d
.     capture rename p713e14 p713e
.     capture rename factor_07 factor07
.     * --------------------------------------------
.     capture rename p711n codperso
.     capture tostring codperso, replace force
.     capture tostring codinfor, replace force
.     capture replace codperso = trim(codperso)
.     capture replace codinfor = trim(codinfor)
.     capture replace codperso = codinfor if codperso == "" | codperso == "."
. 
.     * --- Estandarizacion extrema de llaves (Anti-Ceros y Espacios) ---
.     foreach var in conglome vivienda hogar codperso codinfor { 
  2.         capture confirm variable `var'
  3.         if _rc == 0 {
  4.             capture tostring `var', replace force
  5.             capture replace `var' = trim(`var')
  6.             capture destring `var', replace force
  7.         }
  8.     }
.     * -----------------------------------------------------------------
.     gen programa_social2 = 0
.     replace programa_social2 = 1 if inlist(p712,1,2,3,4,5,6,7,8,9,10,11,12,13
> ,15,16,17,18,19,29,30)
(10,508 real changes made)
.     capture gen periodo_prog14 = p713d - p713b
.     drop if missing(conglome) | missing(vivienda) | missing(hogar) | missing(
> codperso)
(0 observations deleted)
.     duplicates drop conglome vivienda hogar codperso p712, force

Duplicates in terms of conglome vivienda hogar codperso p712

(0 observations are duplicates)
.     bysort conglome vivienda hogar codperso: gen num_item = _n
.     tostring num_item, generate(j_str)
j_str generated as str1
.     replace j_str = "_" + j_str
variable j_str was str1 now str2
(10,508 real changes made)
.     drop num_item
. 
.     * --- Ahorro de Memoria: Borrado Quirúrgico ---
.     capture drop año
.     capture drop a?o
.     capture drop mes
.     capture drop nconglome
.     capture drop ubigeo
.     capture drop dominio
.     capture drop estrato
.     capture drop periodo
.     capture drop codinfor
.     capture drop factor*
.     capture drop factora*
.     * ---------------------------------------------
.     ds conglome vivienda hogar codperso j_str, not
p712          p713b         p713d         programa_s~2
p713a         p713c         p713e
.     local vars `r(varlist)'
.     foreach v of local vars {
  2.         rename `v' v_`v'
  3.     }
.     ds conglome vivienda hogar codperso j_str, not
v_p712        v_p713b       v_p713d       v_programa~2
v_p713a       v_p713c       v_p713e
.     local vars_wide `r(varlist)'
.     reshape wide `vars_wide', i(conglome vivienda hogar codperso) j(j_str) st
> ring
(j = _1 _2 _3 _4 _5)

Data                               Long   ->   Wide
-----------------------------------------------------------------------------
Number of observations           10,508   ->   9,091       
Number of variables                  12   ->   39          
j variable (5 values)             j_str   ->   (dropped)
xij variables:
                                 v_p712   ->   v_p712_1 v_p712_2 ... v_p712_5
                                v_p713a   ->   v_p713a_1 v_p713a_2 ... v_p713a_
> 5
                                v_p713b   ->   v_p713b_1 v_p713b_2 ... v_p713b_
> 5
                                v_p713c   ->   v_p713c_1 v_p713c_2 ... v_p713c_
> 5
                                v_p713d   ->   v_p713d_1 v_p713d_2 ... v_p713d_
> 5
                                v_p713e   ->   v_p713e_1 v_p713e_2 ... v_p713e_
> 5
                     v_programa_social2   ->   v_programa_social2_1 v_programa_
> social2_2 ... v_programa_social2_5
-----------------------------------------------------------------------------
.     duplicates drop conglome vivienda hogar codperso, force

Duplicates in terms of conglome vivienda hogar codperso

(0 observations are duplicates)
.     save "datos crudos/enaho01-2014-700b_wide.dta", replace
file datos crudos/enaho01-2014-700b_wide.dta saved
. }

. 
. capture confirm file "datos crudos/enaho02-2014-2000a.dta"

. if _rc == 0 {
.     use "datos crudos/enaho02-2014-2000a.dta", clear
. 
.     * --- Armonizacion de nombres (Typos INEI) ---
.     capture rename p713b14 p713b
.     capture rename p713d14 p713d
.     capture rename p713e14 p713e
.     capture rename factor_07 factor07
.     * --------------------------------------------
. 
.     * --- Estandarizacion extrema de llaves (Anti-Ceros y Espacios) ---
.     foreach var in conglome vivienda hogar codperso codinfor { 
  2.         capture confirm variable `var'
  3.         if _rc == 0 {
  4.             capture tostring `var', replace force
  5.             capture replace `var' = trim(`var')
  6.             capture destring `var', replace force
  7.         }
  8.     }
.     * -----------------------------------------------------------------
.     drop if missing(conglome) | missing(vivienda) | missing(hogar) | missing(
> codperso)
(0 observations deleted)
.     duplicates drop

Duplicates in terms of all variables

(0 observations are duplicates)
.     bysort conglome vivienda hogar codperso: gen num_parcela = _n
.     tostring num_parcela, generate(j_str)
j_str generated as str2
.     replace j_str = "_" + j_str
variable j_str was str2 now str3
(32,870 real changes made)
.     drop num_parcela
. 
.     * --- Ahorro de Memoria: Borrado Quirúrgico ---
.     capture drop año
.     capture drop a?o
.     capture drop mes
.     capture drop nconglome
.     capture drop ubigeo
.     capture drop dominio
.     capture drop estrato
.     capture drop periodo
.     capture drop codinfor
.     capture drop factor*
.     capture drop factora*
.     * ---------------------------------------------
.     ds conglome vivienda hogar codperso j_str, not
p2005a   p2005c1  p2005c3  p2005c5  p2005c7  p2005e   p2005f2  p2005f4
p2005b   p2005c2  p2005c4  p2005c6  p2005d   p2005f1  p2005f3
.     local vars `r(varlist)'
.     foreach v of local vars {
  2.         rename `v' v_`v'
  3.     }
.     ds conglome vivienda hogar codperso j_str, not
v_p2005a   v_p2005c2  v_p2005c5  v_p2005d   v_p2005f2
v_p2005b   v_p2005c3  v_p2005c6  v_p2005e   v_p2005f3
v_p2005c1  v_p2005c4  v_p2005c7  v_p2005f1  v_p2005f4
.     local vars_wide `r(varlist)'
.     reshape wide `vars_wide', i(conglome vivienda hogar codperso) j(j_str) st
> ring
(j = _1 _10 _11 _12 _13 _14 _15 _16 _17 _18 _19 _2 _20 _21 _22 _23 _24 _25 _26 
> _27 _28 _29 _3 _30 _4 _5 _6 _7 _8 _9)

Data                               Long   ->   Wide
-----------------------------------------------------------------------------
Number of observations           32,870   ->   11,633      
Number of variables                  20   ->   454         
j variable (30 values)            j_str   ->   (dropped)
xij variables:
                               v_p2005a   ->   v_p2005a_1 v_p2005a_10 ... v_p20
> 05a_9
                               v_p2005b   ->   v_p2005b_1 v_p2005b_10 ... v_p20
> 05b_9
                              v_p2005c1   ->   v_p2005c1_1 v_p2005c1_10 ... v_p
> 2005c1_9
                              v_p2005c2   ->   v_p2005c2_1 v_p2005c2_10 ... v_p
> 2005c2_9
                              v_p2005c3   ->   v_p2005c3_1 v_p2005c3_10 ... v_p
> 2005c3_9
                              v_p2005c4   ->   v_p2005c4_1 v_p2005c4_10 ... v_p
> 2005c4_9
                              v_p2005c5   ->   v_p2005c5_1 v_p2005c5_10 ... v_p
> 2005c5_9
                              v_p2005c6   ->   v_p2005c6_1 v_p2005c6_10 ... v_p
> 2005c6_9
                              v_p2005c7   ->   v_p2005c7_1 v_p2005c7_10 ... v_p
> 2005c7_9
                               v_p2005d   ->   v_p2005d_1 v_p2005d_10 ... v_p20
> 05d_9
                               v_p2005e   ->   v_p2005e_1 v_p2005e_10 ... v_p20
> 05e_9
                              v_p2005f1   ->   v_p2005f1_1 v_p2005f1_10 ... v_p
> 2005f1_9
                              v_p2005f2   ->   v_p2005f2_1 v_p2005f2_10 ... v_p
> 2005f2_9
                              v_p2005f3   ->   v_p2005f3_1 v_p2005f3_10 ... v_p
> 2005f3_9
                              v_p2005f4   ->   v_p2005f4_1 v_p2005f4_10 ... v_p
> 2005f4_9
-----------------------------------------------------------------------------
.     duplicates drop conglome vivienda hogar codperso, force

Duplicates in terms of conglome vivienda hogar codperso

(0 observations are duplicates)
.     save "datos crudos/enaho02-2014-2000a_wide.dta", replace
file datos crudos/enaho02-2014-2000a_wide.dta saved
. }

. 
. capture confirm file "datos crudos/enaho02-2014-2100.dta"

. if _rc == 0 {
.     use "datos crudos/enaho02-2014-2100.dta", clear
. 
.     * --- Armonizacion de nombres (Typos INEI) ---
.     capture rename p713b14 p713b
.     capture rename p713d14 p713d
.     capture rename p713e14 p713e
.     capture rename factor_07 factor07
.     * --------------------------------------------
. 
.     * --- Estandarizacion extrema de llaves (Anti-Ceros y Espacios) ---
.     foreach var in conglome vivienda hogar codperso codinfor { 
  2.         capture confirm variable `var'
  3.         if _rc == 0 {
  4.             capture tostring `var', replace force
  5.             capture replace `var' = trim(`var')
  6.             capture destring `var', replace force
  7.         }
  8.     }
.     * -----------------------------------------------------------------
.     drop if missing(conglome) | missing(vivienda) | missing(hogar) | missing(
> codperso)
(0 observations deleted)
.     duplicates drop

Duplicates in terms of all variables

(0 observations are duplicates)
.     bysort conglome vivienda hogar codperso: gen num_cultivo = _n
.     tostring num_cultivo, generate(j_str)
j_str generated as str2
.     replace j_str = "_" + j_str
variable j_str was str2 now str3
(81,224 real changes made)
.     drop num_cultivo
. 
.     * --- Ahorro de Memoria: Borrado Quirúrgico ---
.     capture drop año
.     capture drop a?o
.     capture drop mes
.     capture drop nconglome
.     capture drop ubigeo
.     capture drop dominio
.     capture drop estrato
.     capture drop periodo
.     capture drop codinfor
.     capture drop factor*
.     capture drop factora*
.     * ---------------------------------------------
.     ds conglome vivienda hogar codperso j_str, not
p2100a    p21001b   p21002a1  p21002d   p21002f   p21002i   p21002l   p21002t
p2100b    p21001c   p21002b   p21002e   p21002g   p21002j   p21002m
p21001a   p21002a   p21002c   p21002e1  p21002h   p21002k   p21002n
.     local vars `r(varlist)'
.     foreach v of local vars {
  2.         rename `v' v_`v'
  3.     }
.     ds conglome vivienda hogar codperso j_str, not
v_p2100a    v_p21001c   v_p21002c   v_p21002f   v_p21002j   v_p21002n
v_p2100b    v_p21002a   v_p21002d   v_p21002g   v_p21002k   v_p21002t
v_p21001a   v_p21002a1  v_p21002e   v_p21002h   v_p21002l
v_p21001b   v_p21002b   v_p21002e1  v_p21002i   v_p21002m
.     local vars_wide `r(varlist)'
.     reshape wide `vars_wide', i(conglome vivienda hogar codperso) j(j_str) st
> ring
(j = _1 _10 _11 _12 _13 _14 _15 _16 _17 _18 _19 _2 _20 _21 _22 _23 _24 _25 _26 
> _27 _28 _29 _3 _30 _31 _32 _33 _34 _35 _36 _37 _38 _39 _4 _40 _41 _5 _6 _7 _8
>  _9)

Data                               Long   ->   Wide
-----------------------------------------------------------------------------
Number of observations           81,224   ->   11,490      
Number of variables                  27   ->   906         
j variable (41 values)            j_str   ->   (dropped)
xij variables:
                               v_p2100a   ->   v_p2100a_1 v_p2100a_10 ... v_p21
> 00a_9
                               v_p2100b   ->   v_p2100b_1 v_p2100b_10 ... v_p21
> 00b_9
                              v_p21001a   ->   v_p21001a_1 v_p21001a_10 ... v_p
> 21001a_9
                              v_p21001b   ->   v_p21001b_1 v_p21001b_10 ... v_p
> 21001b_9
                              v_p21001c   ->   v_p21001c_1 v_p21001c_10 ... v_p
> 21001c_9
                              v_p21002a   ->   v_p21002a_1 v_p21002a_10 ... v_p
> 21002a_9
                             v_p21002a1   ->   v_p21002a1_1 v_p21002a1_10 ... v
> _p21002a1_9
                              v_p21002b   ->   v_p21002b_1 v_p21002b_10 ... v_p
> 21002b_9
                              v_p21002c   ->   v_p21002c_1 v_p21002c_10 ... v_p
> 21002c_9
                              v_p21002d   ->   v_p21002d_1 v_p21002d_10 ... v_p
> 21002d_9
                              v_p21002e   ->   v_p21002e_1 v_p21002e_10 ... v_p
> 21002e_9
                             v_p21002e1   ->   v_p21002e1_1 v_p21002e1_10 ... v
> _p21002e1_9
                              v_p21002f   ->   v_p21002f_1 v_p21002f_10 ... v_p
> 21002f_9
                              v_p21002g   ->   v_p21002g_1 v_p21002g_10 ... v_p
> 21002g_9
                              v_p21002h   ->   v_p21002h_1 v_p21002h_10 ... v_p
> 21002h_9
                              v_p21002i   ->   v_p21002i_1 v_p21002i_10 ... v_p
> 21002i_9
                              v_p21002j   ->   v_p21002j_1 v_p21002j_10 ... v_p
> 21002j_9
                              v_p21002k   ->   v_p21002k_1 v_p21002k_10 ... v_p
> 21002k_9
                              v_p21002l   ->   v_p21002l_1 v_p21002l_10 ... v_p
> 21002l_9
                              v_p21002m   ->   v_p21002m_1 v_p21002m_10 ... v_p
> 21002m_9
                              v_p21002n   ->   v_p21002n_1 v_p21002n_10 ... v_p
> 21002n_9
                              v_p21002t   ->   v_p21002t_1 v_p21002t_10 ... v_p
> 21002t_9
-----------------------------------------------------------------------------
.     duplicates drop conglome vivienda hogar codperso, force

Duplicates in terms of conglome vivienda hogar codperso

(0 observations are duplicates)
.     save "datos crudos/enaho02-2014-2100_wide.dta", replace
file datos crudos/enaho02-2014-2100_wide.dta saved
. }

. 
. capture confirm file "datos crudos/enaho02-2014-2200.dta"

. if _rc == 0 {
.     use "datos crudos/enaho02-2014-2200.dta", clear
. 
.     * --- Armonizacion de nombres (Typos INEI) ---
.     capture rename p713b14 p713b
.     capture rename p713d14 p713d
.     capture rename p713e14 p713e
.     capture rename factor_07 factor07
.     * --------------------------------------------
. 
.     * --- Estandarizacion extrema de llaves (Anti-Ceros y Espacios) ---
.     foreach var in conglome vivienda hogar codperso codinfor { 
  2.         capture confirm variable `var'
  3.         if _rc == 0 {
  4.             capture tostring `var', replace force
  5.             capture replace `var' = trim(`var')
  6.             capture destring `var', replace force
  7.         }
  8.     }
.     * -----------------------------------------------------------------
.     drop if missing(conglome) | missing(vivienda) | missing(hogar) | missing(
> codperso)
(0 observations deleted)
.     duplicates drop

Duplicates in terms of all variables

(0 observations are duplicates)
.     bysort conglome vivienda hogar codperso: gen num_subprod_agri = _n
.     tostring num_subprod_agri, generate(j_str)
j_str generated as str2
.     replace j_str = "_" + j_str
variable j_str was str2 now str3
(32,139 real changes made)
.     drop num_subprod_agri
. 
.     * --- Ahorro de Memoria: Borrado Quirúrgico ---
.     capture drop año
.     capture drop a?o
.     capture drop mes
.     capture drop nconglome
.     capture drop ubigeo
.     capture drop dominio
.     capture drop estrato
.     capture drop periodo
.     capture drop codinfor
.     capture drop factor*
.     capture drop factora*
.     * ---------------------------------------------
.     ds conglome vivienda hogar codperso j_str, not
p2200a    p22001a   p22001c   p22002a1  p22002c   p22002d   p22002f   p22002h
p2200b    p22001b   p22002a   p22002b   p22002c1  p22002e   p22002g   p22002t
.     local vars `r(varlist)'
.     foreach v of local vars {
  2.         rename `v' v_`v'
  3.     }
.     ds conglome vivienda hogar codperso j_str, not
v_p2200a    v_p22001b   v_p22002a1  v_p22002c1  v_p22002f   v_p22002t
v_p2200b    v_p22001c   v_p22002b   v_p22002d   v_p22002g
v_p22001a   v_p22002a   v_p22002c   v_p22002e   v_p22002h
.     local vars_wide `r(varlist)'
.     reshape wide `vars_wide', i(conglome vivienda hogar codperso) j(j_str) st
> ring
(j = _1 _10 _11 _12 _13 _14 _15 _2 _3 _4 _5 _6 _7 _8 _9)

Data                               Long   ->   Wide
-----------------------------------------------------------------------------
Number of observations           32,139   ->   7,854       
Number of variables                  21   ->   244         
j variable (15 values)            j_str   ->   (dropped)
xij variables:
                               v_p2200a   ->   v_p2200a_1 v_p2200a_10 ... v_p22
> 00a_9
                               v_p2200b   ->   v_p2200b_1 v_p2200b_10 ... v_p22
> 00b_9
                              v_p22001a   ->   v_p22001a_1 v_p22001a_10 ... v_p
> 22001a_9
                              v_p22001b   ->   v_p22001b_1 v_p22001b_10 ... v_p
> 22001b_9
                              v_p22001c   ->   v_p22001c_1 v_p22001c_10 ... v_p
> 22001c_9
                              v_p22002a   ->   v_p22002a_1 v_p22002a_10 ... v_p
> 22002a_9
                             v_p22002a1   ->   v_p22002a1_1 v_p22002a1_10 ... v
> _p22002a1_9
                              v_p22002b   ->   v_p22002b_1 v_p22002b_10 ... v_p
> 22002b_9
                              v_p22002c   ->   v_p22002c_1 v_p22002c_10 ... v_p
> 22002c_9
                             v_p22002c1   ->   v_p22002c1_1 v_p22002c1_10 ... v
> _p22002c1_9
                              v_p22002d   ->   v_p22002d_1 v_p22002d_10 ... v_p
> 22002d_9
                              v_p22002e   ->   v_p22002e_1 v_p22002e_10 ... v_p
> 22002e_9
                              v_p22002f   ->   v_p22002f_1 v_p22002f_10 ... v_p
> 22002f_9
                              v_p22002g   ->   v_p22002g_1 v_p22002g_10 ... v_p
> 22002g_9
                              v_p22002h   ->   v_p22002h_1 v_p22002h_10 ... v_p
> 22002h_9
                              v_p22002t   ->   v_p22002t_1 v_p22002t_10 ... v_p
> 22002t_9
-----------------------------------------------------------------------------
.     duplicates drop conglome vivienda hogar codperso, force

Duplicates in terms of conglome vivienda hogar codperso

(0 observations are duplicates)
.     save "datos crudos/enaho02-2014-2200_wide.dta", replace
file datos crudos/enaho02-2014-2200_wide.dta saved
. }

. 
. capture confirm file "datos crudos/enaho02-2014-2300.dta"

. if _rc == 0 {
.     use "datos crudos/enaho02-2014-2300.dta", clear
. 
.     * --- Armonizacion de nombres (Typos INEI) ---
.     capture rename p713b14 p713b
.     capture rename p713d14 p713d
.     capture rename p713e14 p713e
.     capture rename factor_07 factor07
.     * --------------------------------------------
. 
.     * --- Estandarizacion extrema de llaves (Anti-Ceros y Espacios) ---
.     foreach var in conglome vivienda hogar codperso codinfor { 
  2.         capture confirm variable `var'
  3.         if _rc == 0 {
  4.             capture tostring `var', replace force
  5.             capture replace `var' = trim(`var')
  6.             capture destring `var', replace force
  7.         }
  8.     }
.     * -----------------------------------------------------------------
.     drop if missing(conglome) | missing(vivienda) | missing(hogar) | missing(
> codperso)
(0 observations deleted)
.     duplicates drop

Duplicates in terms of all variables

(0 observations are duplicates)
.     bysort conglome vivienda hogar codperso: gen num_forestal = _n
.     tostring num_forestal, generate(j_str)
j_str generated as str1
.     replace j_str = "_" + j_str
variable j_str was str1 now str2
(9,662 real changes made)
.     drop num_forestal
. 
.     * --- Ahorro de Memoria: Borrado Quirúrgico ---
.     capture drop año
.     capture drop a?o
.     capture drop mes
.     capture drop nconglome
.     capture drop ubigeo
.     capture drop dominio
.     capture drop estrato
.     capture drop periodo
.     capture drop codinfor
.     capture drop factor*
.     capture drop factora*
.     * ---------------------------------------------
.     ds conglome vivienda hogar codperso j_str, not
p2300a   p2300b   p23001   p23002a  p23002b  p23002c  p23002t
.     local vars `r(varlist)'
.     foreach v of local vars {
  2.         rename `v' v_`v'
  3.     }
.     ds conglome vivienda hogar codperso j_str, not
v_p2300a   v_p2300b   v_p23001   v_p23002a  v_p23002b  v_p23002c  v_p23002t
.     local vars_wide `r(varlist)'
.     reshape wide `vars_wide', i(conglome vivienda hogar codperso) j(j_str) st
> ring
(j = _1 _2 _3 _4 _5 _6 _7 _8)

Data                               Long   ->   Wide
-----------------------------------------------------------------------------
Number of observations            9,662   ->   3,929       
Number of variables                  12   ->   60          
j variable (8 values)             j_str   ->   (dropped)
xij variables:
                               v_p2300a   ->   v_p2300a_1 v_p2300a_2 ... v_p230
> 0a_8
                               v_p2300b   ->   v_p2300b_1 v_p2300b_2 ... v_p230
> 0b_8
                               v_p23001   ->   v_p23001_1 v_p23001_2 ... v_p230
> 01_8
                              v_p23002a   ->   v_p23002a_1 v_p23002a_2 ... v_p2
> 3002a_8
                              v_p23002b   ->   v_p23002b_1 v_p23002b_2 ... v_p2
> 3002b_8
                              v_p23002c   ->   v_p23002c_1 v_p23002c_2 ... v_p2
> 3002c_8
                              v_p23002t   ->   v_p23002t_1 v_p23002t_2 ... v_p2
> 3002t_8
-----------------------------------------------------------------------------
.     duplicates drop conglome vivienda hogar codperso, force

Duplicates in terms of conglome vivienda hogar codperso

(0 observations are duplicates)
.     save "datos crudos/enaho02-2014-2300_wide.dta", replace
file datos crudos/enaho02-2014-2300_wide.dta saved
. }

. 
. capture confirm file "datos crudos/enaho02-2014-2500.dta"

. if _rc == 0 {
.     use "datos crudos/enaho02-2014-2500.dta", clear
. 
.     * --- Armonizacion de nombres (Typos INEI) ---
.     capture rename p713b14 p713b
.     capture rename p713d14 p713d
.     capture rename p713e14 p713e
.     capture rename factor_07 factor07
.     * --------------------------------------------
. 
.     * --- Estandarizacion extrema de llaves (Anti-Ceros y Espacios) ---
.     foreach var in conglome vivienda hogar codperso codinfor { 
  2.         capture confirm variable `var'
  3.         if _rc == 0 {
  4.             capture tostring `var', replace force
  5.             capture replace `var' = trim(`var')
  6.             capture destring `var', replace force
  7.         }
  8.     }
.     * -----------------------------------------------------------------
.     drop if missing(conglome) | missing(vivienda) | missing(hogar) | missing(
> codperso)
(0 observations deleted)
.     duplicates drop

Duplicates in terms of all variables

(0 observations are duplicates)
.     bysort conglome vivienda hogar codperso: gen num_pecuario = _n
.     tostring num_pecuario, generate(j_str)
j_str generated as str2
.     replace j_str = "_" + j_str
variable j_str was str2 now str3
(44,877 real changes made)
.     drop num_pecuario
. 
.     * --- Ahorro de Memoria: Borrado Quirúrgico ---
.     capture drop año
.     capture drop a?o
.     capture drop mes
.     capture drop nconglome
.     capture drop ubigeo
.     capture drop dominio
.     capture drop estrato
.     capture drop periodo
.     capture drop codinfor
.     capture drop factor*
.     capture drop factora*
.     * ---------------------------------------------
.     ds conglome vivienda hogar codperso j_str, not
p2500a    p25002a2  p25002d1  p25002g1  p25002i2  p25002l1  p25002o1
p2500b    p25002b1  p25002d2  p25002g2  p25002j1  p25002l2  p25002o2
p25001a   p25002b2  p25002e1  p25002h1  p25002j2  p25002m1  p25002o3
p25001b   p25002c1  p25002e2  p25002h2  p25002k1  p25002m2  p25002t
p25002a1  p25002c2  p25002f1  p25002i1  p25002k2  p25002n1
.     local vars `r(varlist)'
.     foreach v of local vars {
  2.         rename `v' v_`v'
  3.     }
.     ds conglome vivienda hogar codperso j_str, not
v_p2500a    v_p25002b1  v_p25002e1  v_p25002h2  v_p25002k2  v_p25002o1
v_p2500b    v_p25002b2  v_p25002e2  v_p25002i1  v_p25002l1  v_p25002o2
v_p25001a   v_p25002c1  v_p25002f1  v_p25002i2  v_p25002l2  v_p25002o3
v_p25001b   v_p25002c2  v_p25002g1  v_p25002j1  v_p25002m1  v_p25002t
v_p25002a1  v_p25002d1  v_p25002g2  v_p25002j2  v_p25002m2
v_p25002a2  v_p25002d2  v_p25002h1  v_p25002k1  v_p25002n1
.     local vars_wide `r(varlist)'
.     reshape wide `vars_wide', i(conglome vivienda hogar codperso) j(j_str) st
> ring
(j = _1 _10 _2 _3 _4 _5 _6 _7 _8 _9)

Data                               Long   ->   Wide
-----------------------------------------------------------------------------
Number of observations           44,877   ->   11,576      
Number of variables                  39   ->   344         
j variable (10 values)            j_str   ->   (dropped)
xij variables:
                               v_p2500a   ->   v_p2500a_1 v_p2500a_10 ... v_p25
> 00a_9
                               v_p2500b   ->   v_p2500b_1 v_p2500b_10 ... v_p25
> 00b_9
                              v_p25001a   ->   v_p25001a_1 v_p25001a_10 ... v_p
> 25001a_9
                              v_p25001b   ->   v_p25001b_1 v_p25001b_10 ... v_p
> 25001b_9
                             v_p25002a1   ->   v_p25002a1_1 v_p25002a1_10 ... v
> _p25002a1_9
                             v_p25002a2   ->   v_p25002a2_1 v_p25002a2_10 ... v
> _p25002a2_9
                             v_p25002b1   ->   v_p25002b1_1 v_p25002b1_10 ... v
> _p25002b1_9
                             v_p25002b2   ->   v_p25002b2_1 v_p25002b2_10 ... v
> _p25002b2_9
                             v_p25002c1   ->   v_p25002c1_1 v_p25002c1_10 ... v
> _p25002c1_9
                             v_p25002c2   ->   v_p25002c2_1 v_p25002c2_10 ... v
> _p25002c2_9
                             v_p25002d1   ->   v_p25002d1_1 v_p25002d1_10 ... v
> _p25002d1_9
                             v_p25002d2   ->   v_p25002d2_1 v_p25002d2_10 ... v
> _p25002d2_9
                             v_p25002e1   ->   v_p25002e1_1 v_p25002e1_10 ... v
> _p25002e1_9
                             v_p25002e2   ->   v_p25002e2_1 v_p25002e2_10 ... v
> _p25002e2_9
                             v_p25002f1   ->   v_p25002f1_1 v_p25002f1_10 ... v
> _p25002f1_9
                             v_p25002g1   ->   v_p25002g1_1 v_p25002g1_10 ... v
> _p25002g1_9
                             v_p25002g2   ->   v_p25002g2_1 v_p25002g2_10 ... v
> _p25002g2_9
                             v_p25002h1   ->   v_p25002h1_1 v_p25002h1_10 ... v
> _p25002h1_9
                             v_p25002h2   ->   v_p25002h2_1 v_p25002h2_10 ... v
> _p25002h2_9
                             v_p25002i1   ->   v_p25002i1_1 v_p25002i1_10 ... v
> _p25002i1_9
                             v_p25002i2   ->   v_p25002i2_1 v_p25002i2_10 ... v
> _p25002i2_9
                             v_p25002j1   ->   v_p25002j1_1 v_p25002j1_10 ... v
> _p25002j1_9
                             v_p25002j2   ->   v_p25002j2_1 v_p25002j2_10 ... v
> _p25002j2_9
                             v_p25002k1   ->   v_p25002k1_1 v_p25002k1_10 ... v
> _p25002k1_9
                             v_p25002k2   ->   v_p25002k2_1 v_p25002k2_10 ... v
> _p25002k2_9
                             v_p25002l1   ->   v_p25002l1_1 v_p25002l1_10 ... v
> _p25002l1_9
                             v_p25002l2   ->   v_p25002l2_1 v_p25002l2_10 ... v
> _p25002l2_9
                             v_p25002m1   ->   v_p25002m1_1 v_p25002m1_10 ... v
> _p25002m1_9
                             v_p25002m2   ->   v_p25002m2_1 v_p25002m2_10 ... v
> _p25002m2_9
                             v_p25002n1   ->   v_p25002n1_1 v_p25002n1_10 ... v
> _p25002n1_9
                             v_p25002o1   ->   v_p25002o1_1 v_p25002o1_10 ... v
> _p25002o1_9
                             v_p25002o2   ->   v_p25002o2_1 v_p25002o2_10 ... v
> _p25002o2_9
                             v_p25002o3   ->   v_p25002o3_1 v_p25002o3_10 ... v
> _p25002o3_9
                              v_p25002t   ->   v_p25002t_1 v_p25002t_10 ... v_p
> 25002t_9
-----------------------------------------------------------------------------
.     duplicates drop conglome vivienda hogar codperso, force

Duplicates in terms of conglome vivienda hogar codperso

(0 observations are duplicates)
.     save "datos crudos/enaho02-2014-2500_wide.dta", replace
file datos crudos/enaho02-2014-2500_wide.dta saved
. }

. 
. capture confirm file "datos crudos/enaho02-2014-2600.dta"

. if _rc == 0 {
.     use "datos crudos/enaho02-2014-2600.dta", clear
. 
.     * --- Armonizacion de nombres (Typos INEI) ---
.     capture rename p713b14 p713b
.     capture rename p713d14 p713d
.     capture rename p713e14 p713e
.     capture rename factor_07 factor07
.     * --------------------------------------------
. 
.     * --- Estandarizacion extrema de llaves (Anti-Ceros y Espacios) ---
.     foreach var in conglome vivienda hogar codperso codinfor { 
  2.         capture confirm variable `var'
  3.         if _rc == 0 {
  4.             capture tostring `var', replace force
  5.             capture replace `var' = trim(`var')
  6.             capture destring `var', replace force
  7.         }
  8.     }
.     * -----------------------------------------------------------------
.     drop if missing(conglome) | missing(vivienda) | missing(hogar) | missing(
> codperso)
(0 observations deleted)
.     duplicates drop

Duplicates in terms of all variables

(0 observations are duplicates)
.     bysort conglome vivienda hogar codperso: gen num_subprod_pec = _n
.     tostring num_subprod_pec, generate(j_str)
j_str generated as str2
.     replace j_str = "_" + j_str
variable j_str was str2 now str3
(30,598 real changes made)
.     drop num_subprod_pec
. 
.     * --- Ahorro de Memoria: Borrado Quirúrgico ---
.     capture drop año
.     capture drop a?o
.     capture drop mes
.     capture drop nconglome
.     capture drop ubigeo
.     capture drop dominio
.     capture drop estrato
.     capture drop periodo
.     capture drop codinfor
.     capture drop factor*
.     capture drop factora*
.     * ---------------------------------------------
.     ds conglome vivienda hogar codperso j_str, not
p2600a   p26001a  p26001c  p26002b  p26002d  p26002f  p26002h
p2600b   p26001b  p26002a  p26002c  p26002e  p26002g  p26002t
.     local vars `r(varlist)'
.     foreach v of local vars {
  2.         rename `v' v_`v'
  3.     }
.     ds conglome vivienda hogar codperso j_str, not
v_p2600a   v_p26001a  v_p26001c  v_p26002b  v_p26002d  v_p26002f  v_p26002h
v_p2600b   v_p26001b  v_p26002a  v_p26002c  v_p26002e  v_p26002g  v_p26002t
.     local vars_wide `r(varlist)'
.     reshape wide `vars_wide', i(conglome vivienda hogar codperso) j(j_str) st
> ring
(j = _1 _10 _11 _2 _3 _4 _5 _6 _7 _8 _9)

Data                               Long   ->   Wide
-----------------------------------------------------------------------------
Number of observations           30,598   ->   9,737       
Number of variables                  19   ->   158         
j variable (11 values)            j_str   ->   (dropped)
xij variables:
                               v_p2600a   ->   v_p2600a_1 v_p2600a_10 ... v_p26
> 00a_9
                               v_p2600b   ->   v_p2600b_1 v_p2600b_10 ... v_p26
> 00b_9
                              v_p26001a   ->   v_p26001a_1 v_p26001a_10 ... v_p
> 26001a_9
                              v_p26001b   ->   v_p26001b_1 v_p26001b_10 ... v_p
> 26001b_9
                              v_p26001c   ->   v_p26001c_1 v_p26001c_10 ... v_p
> 26001c_9
                              v_p26002a   ->   v_p26002a_1 v_p26002a_10 ... v_p
> 26002a_9
                              v_p26002b   ->   v_p26002b_1 v_p26002b_10 ... v_p
> 26002b_9
                              v_p26002c   ->   v_p26002c_1 v_p26002c_10 ... v_p
> 26002c_9
                              v_p26002d   ->   v_p26002d_1 v_p26002d_10 ... v_p
> 26002d_9
                              v_p26002e   ->   v_p26002e_1 v_p26002e_10 ... v_p
> 26002e_9
                              v_p26002f   ->   v_p26002f_1 v_p26002f_10 ... v_p
> 26002f_9
                              v_p26002g   ->   v_p26002g_1 v_p26002g_10 ... v_p
> 26002g_9
                              v_p26002h   ->   v_p26002h_1 v_p26002h_10 ... v_p
> 26002h_9
                              v_p26002t   ->   v_p26002t_1 v_p26002t_10 ... v_p
> 26002t_9
-----------------------------------------------------------------------------
.     duplicates drop conglome vivienda hogar codperso, force

Duplicates in terms of conglome vivienda hogar codperso

(0 observations are duplicates)
.     save "datos crudos/enaho02-2014-2600_wide.dta", replace
file datos crudos/enaho02-2014-2600_wide.dta saved
. }

. 
. capture confirm file "datos crudos/enaho02-2014-2000.dta"

. if _rc == 0 {
.     use "datos crudos/enaho02-2014-2000.dta", clear
. 
.     * --- Armonizacion de nombres (Typos INEI) ---
.     capture rename p713b14 p713b
.     capture rename p713d14 p713d
.     capture rename p713e14 p713e
.     capture rename factor_07 factor07
.     * --------------------------------------------
. 
.     * --- Estandarizacion extrema de llaves (Anti-Ceros y Espacios) ---
.     foreach var in conglome vivienda hogar codperso codinfor { 
  2.         capture confirm variable `var'
  3.         if _rc == 0 {
  4.             capture tostring `var', replace force
  5.             capture replace `var' = trim(`var')
  6.             capture destring `var', replace force
  7.         }
  8.     }
.     * -----------------------------------------------------------------
. 
.     * --- Ahorro de Memoria: Borrado Quirúrgico ---
.     capture drop año
.     capture drop a?o
.     capture drop mes
.     capture drop nconglome
.     capture drop ubigeo
.     capture drop dominio
.     capture drop estrato
.     capture drop periodo
.     capture drop codinfor
.     capture drop factor*
.     capture drop factora*
.     * ---------------------------------------------
.     drop if missing(conglome) | missing(vivienda) | missing(hogar) | missing(
> codperso)
(0 observations deleted)
.     duplicates drop conglome vivienda hogar codperso, force

Duplicates in terms of conglome vivienda hogar codperso

(0 observations are duplicates)
.     save "datos crudos/enaho02-2014-2000_clean.dta", replace
file datos crudos/enaho02-2014-2000_clean.dta saved
. }

. 
. capture confirm file "datos crudos/enaho02-2014-2400.dta"

. if _rc == 0 {
.     use "datos crudos/enaho02-2014-2400.dta", clear
. 
.     * --- Armonizacion de nombres (Typos INEI) ---
.     capture rename p713b14 p713b
.     capture rename p713d14 p713d
.     capture rename p713e14 p713e
.     capture rename factor_07 factor07
.     * --------------------------------------------
. 
.     * --- Estandarizacion extrema de llaves (Anti-Ceros y Espacios) ---
.     foreach var in conglome vivienda hogar codperso codinfor { 
  2.         capture confirm variable `var'
  3.         if _rc == 0 {
  4.             capture tostring `var', replace force
  5.             capture replace `var' = trim(`var')
  6.             capture destring `var', replace force
  7.         }
  8.     }
.     * -----------------------------------------------------------------
. 
.     * --- Ahorro de Memoria: Borrado Quirúrgico ---
.     capture drop año
.     capture drop a?o
.     capture drop mes
.     capture drop nconglome
.     capture drop ubigeo
.     capture drop dominio
.     capture drop estrato
.     capture drop periodo
.     capture drop codinfor
.     capture drop factor*
.     capture drop factora*
.     * ---------------------------------------------
.     drop if missing(conglome) | missing(vivienda) | missing(hogar) | missing(
> codperso)
(0 observations deleted)
.     duplicates drop conglome vivienda hogar codperso, force

Duplicates in terms of conglome vivienda hogar codperso

(0 observations are duplicates)
.     save "datos crudos/enaho02-2014-2400_clean.dta", replace
file datos crudos/enaho02-2014-2400_clean.dta saved
. }

. 
. capture confirm file "datos crudos/enaho02-2014-2700.dta"

. if _rc == 0 {
.     use "datos crudos/enaho02-2014-2700.dta", clear
. 
.     * --- Armonizacion de nombres (Typos INEI) ---
.     capture rename p713b14 p713b
.     capture rename p713d14 p713d
.     capture rename p713e14 p713e
.     capture rename factor_07 factor07
.     * --------------------------------------------
. 
.     * --- Estandarizacion extrema de llaves (Anti-Ceros y Espacios) ---
.     foreach var in conglome vivienda hogar codperso codinfor { 
  2.         capture confirm variable `var'
  3.         if _rc == 0 {
  4.             capture tostring `var', replace force
  5.             capture replace `var' = trim(`var')
  6.             capture destring `var', replace force
  7.         }
  8.     }
.     * -----------------------------------------------------------------
. 
.     * --- Ahorro de Memoria: Borrado Quirúrgico ---
.     capture drop año
.     capture drop a?o
.     capture drop mes
.     capture drop nconglome
.     capture drop ubigeo
.     capture drop dominio
.     capture drop estrato
.     capture drop periodo
.     capture drop codinfor
.     capture drop factor*
.     capture drop factora*
.     * ---------------------------------------------
.     drop if missing(conglome) | missing(vivienda) | missing(hogar) | missing(
> codperso)
(0 observations deleted)
.     duplicates drop conglome vivienda hogar codperso, force

Duplicates in terms of conglome vivienda hogar codperso

(0 observations are duplicates)
.     save "datos crudos/enaho02-2014-2700_clean.dta", replace
file datos crudos/enaho02-2014-2700_clean.dta saved
. }

. 
. use "datos crudos/enaho01-2014-200.dta", clear

. 
.     * --- Estandarizacion extrema de llaves (Anti-Ceros y Espacios) ---
.     foreach var in conglome vivienda hogar codperso codinfor { 
  2.         capture confirm variable `var'
  3.         if _rc == 0 {
  4.             capture tostring `var', replace force
  5.             capture replace `var' = trim(`var')
  6.             capture destring `var', replace force
  7.         }
  8.     }

.     * -----------------------------------------------------------------
. drop if missing(conglome) | missing(vivienda) | missing(hogar) | missing(codp
> erso)
(0 observations deleted)

. duplicates drop conglome vivienda hogar codperso, force

Duplicates in terms of conglome vivienda hogar codperso

(0 observations are duplicates)

. 
. capture confirm file "datos crudos/enaho01a-2014-300_clean.dta"

. if _rc == 0 {
.     merge 1:1 conglome vivienda hogar codperso using "datos crudos/enaho01a-2
> 014-300_clean.dta", force

    Result                      Number of obs
    -----------------------------------------
    Not matched                        12,413
        from master                    12,413  (_merge==1)
        from using                          0  (_merge==2)

    Matched                           111,741  (_merge==3)
    -----------------------------------------
.     drop if _merge == 2
(0 observations deleted)
.     drop _merge
. }

. capture confirm file "datos crudos/enaho01a-2014-400_clean.dta"

. if _rc == 0 {
.     merge 1:1 conglome vivienda hogar codperso using "datos crudos/enaho01a-2
> 014-400_clean.dta", force
(label p203 already defined)
(label p204 already defined)
(label p205 already defined)
(label p206 already defined)
(label p207 already defined)
(label p209 already defined)
(label p301a already defined)
(label ticuest01a already defined)

    Result                      Number of obs
    -----------------------------------------
    Not matched                         7,251
        from master                     7,251  (_merge==1)
        from using                          0  (_merge==2)

    Matched                           116,903  (_merge==3)
    -----------------------------------------
.     drop if _merge == 2
(0 observations deleted)
.     drop _merge
. }

. capture confirm file "datos crudos/enaho01a-2014-500_clean.dta"

. if _rc == 0 {
.     merge 1:1 conglome vivienda hogar codperso using "datos crudos/enaho01a-2
> 014-500_clean.dta", force
(label p203 already defined)
(label p204 already defined)
(label p205 already defined)
(label p206 already defined)
(label p207 already defined)
(label p209 already defined)
(label p301a already defined)
(label ticuest01a already defined)

    Result                      Number of obs
    -----------------------------------------
    Not matched                        36,283
        from master                    36,283  (_merge==1)
        from using                          0  (_merge==2)

    Matched                            87,871  (_merge==3)
    -----------------------------------------
.     drop if _merge == 2
(0 observations deleted)
.     drop _merge
. }

. capture confirm file "datos crudos/enaho01b-2014-1_clean.dta"

. if _rc == 0 {
.     merge 1:1 conglome vivienda hogar codperso using "datos crudos/enaho01b-2
> 014-1_clean.dta", force

    Result                      Number of obs
    -----------------------------------------
    Not matched                        93,306
        from master                    93,306  (_merge==1)
        from using                          0  (_merge==2)

    Matched                            30,848  (_merge==3)
    -----------------------------------------
.     drop if _merge == 2
(0 observations deleted)
.     drop _merge
. }

. capture confirm file "datos crudos/enaho01b-2014-2_clean.dta"

. if _rc == 0 {
.     merge 1:1 conglome vivienda hogar codperso using "datos crudos/enaho01b-2
> 014-2_clean.dta", force
(label ticuest01b already defined)

    Result                      Number of obs
    -----------------------------------------
    Not matched                        93,306
        from master                    93,306  (_merge==1)
        from using                          0  (_merge==2)

    Matched                            30,848  (_merge==3)
    -----------------------------------------
.     drop if _merge == 2
(0 observations deleted)
.     drop _merge
. }

. capture confirm file "datos crudos/enaho01b-2014-3_clean.dta"

. if _rc == 0 {
.     merge 1:1 conglome vivienda hogar codperso using "datos crudos/enaho01b-2
> 014-3_clean.dta", force
.     drop if _merge == 2
.     drop _merge
. }

. capture confirm file "datos crudos/enaho01-2014-700a_wide.dta"

. if _rc == 0 {
.     merge 1:1 conglome vivienda hogar codperso using "datos crudos/enaho01-20
> 14-700a_wide.dta", force

    Result                      Number of obs
    -----------------------------------------
    Not matched                       108,720
        from master                   108,720  (_merge==1)
        from using                          0  (_merge==2)

    Matched                            15,434  (_merge==3)
    -----------------------------------------
.     drop if _merge == 2
(0 observations deleted)
.     drop _merge
. }

. capture confirm file "datos crudos/enaho01-2014-700b_wide.dta"

. if _rc == 0 {
.     merge 1:1 conglome vivienda hogar codperso using "datos crudos/enaho01-20
> 14-700b_wide.dta", force

    Result                      Number of obs
    -----------------------------------------
    Not matched                       115,063
        from master                   115,063  (_merge==1)
        from using                          0  (_merge==2)

    Matched                             9,091  (_merge==3)
    -----------------------------------------
.     drop if _merge == 2
(0 observations deleted)
.     drop _merge
. }

. capture confirm file "datos crudos/enaho02-2014-2000_clean.dta"

. if _rc == 0 {
.     merge 1:1 conglome vivienda hogar codperso using "datos crudos/enaho02-20
> 14-2000_clean.dta", force

    Result                      Number of obs
    -----------------------------------------
    Not matched                       110,952
        from master                   110,952  (_merge==1)
        from using                          0  (_merge==2)

    Matched                            13,202  (_merge==3)
    -----------------------------------------
.     drop if _merge == 2
(0 observations deleted)
.     drop _merge
. }

. capture confirm file "datos crudos/enaho02-2014-2000a_wide.dta"

. if _rc == 0 {
.     merge 1:1 conglome vivienda hogar codperso using "datos crudos/enaho02-20
> 14-2000a_wide.dta", force

    Result                      Number of obs
    -----------------------------------------
    Not matched                       112,521
        from master                   112,521  (_merge==1)
        from using                          0  (_merge==2)

    Matched                            11,633  (_merge==3)
    -----------------------------------------
.     drop if _merge == 2
(0 observations deleted)
.     drop _merge
. }

. capture confirm file "datos crudos/enaho02-2014-2100_wide.dta"

. if _rc == 0 {
.     merge 1:1 conglome vivienda hogar codperso using "datos crudos/enaho02-20
> 14-2100_wide.dta", force

    Result                      Number of obs
    -----------------------------------------
    Not matched                       112,664
        from master                   112,664  (_merge==1)
        from using                          0  (_merge==2)

    Matched                            11,490  (_merge==3)
    -----------------------------------------
.     drop if _merge == 2
(0 observations deleted)
.     drop _merge
. }

. capture confirm file "datos crudos/enaho02-2014-2200_wide.dta"

. if _rc == 0 {
.     merge 1:1 conglome vivienda hogar codperso using "datos crudos/enaho02-20
> 14-2200_wide.dta", force

    Result                      Number of obs
    -----------------------------------------
    Not matched                       116,300
        from master                   116,300  (_merge==1)
        from using                          0  (_merge==2)

    Matched                             7,854  (_merge==3)
    -----------------------------------------
.     drop if _merge == 2
(0 observations deleted)
.     drop _merge
. }

. capture confirm file "datos crudos/enaho02-2014-2300_wide.dta"

. if _rc == 0 {
.     merge 1:1 conglome vivienda hogar codperso using "datos crudos/enaho02-20
> 14-2300_wide.dta", force

    Result                      Number of obs
    -----------------------------------------
    Not matched                       120,225
        from master                   120,225  (_merge==1)
        from using                          0  (_merge==2)

    Matched                             3,929  (_merge==3)
    -----------------------------------------
.     drop if _merge == 2
(0 observations deleted)
.     drop _merge
. }

. capture confirm file "datos crudos/enaho02-2014-2400_clean.dta"

. if _rc == 0 {
.     merge 1:1 conglome vivienda hogar codperso using "datos crudos/enaho02-20
> 14-2400_clean.dta", force

    Result                      Number of obs
    -----------------------------------------
    Not matched                       112,625
        from master                   112,625  (_merge==1)
        from using                          0  (_merge==2)

    Matched                            11,529  (_merge==3)
    -----------------------------------------
.     drop if _merge == 2
(0 observations deleted)
.     drop _merge
. }

. capture confirm file "datos crudos/enaho02-2014-2500_wide.dta"

. if _rc == 0 {
.     merge 1:1 conglome vivienda hogar codperso using "datos crudos/enaho02-20
> 14-2500_wide.dta", force

    Result                      Number of obs
    -----------------------------------------
    Not matched                       112,578
        from master                   112,578  (_merge==1)
        from using                          0  (_merge==2)

    Matched                            11,576  (_merge==3)
    -----------------------------------------
.     drop if _merge == 2
(0 observations deleted)
.     drop _merge
. }

. capture confirm file "datos crudos/enaho02-2014-2600_wide.dta"

. if _rc == 0 {
.     merge 1:1 conglome vivienda hogar codperso using "datos crudos/enaho02-20
> 14-2600_wide.dta", force

    Result                      Number of obs
    -----------------------------------------
    Not matched                       114,417
        from master                   114,417  (_merge==1)
        from using                          0  (_merge==2)

    Matched                             9,737  (_merge==3)
    -----------------------------------------
.     drop if _merge == 2
(0 observations deleted)
.     drop _merge
. }

. capture confirm file "datos crudos/enaho02-2014-2700_clean.dta"

. if _rc == 0 {
.     merge 1:1 conglome vivienda hogar codperso using "datos crudos/enaho02-20
> 14-2700_clean.dta", force

    Result                      Number of obs
    -----------------------------------------
    Not matched                       112,987
        from master                   112,987  (_merge==1)
        from using                          0  (_merge==2)

    Matched                            11,167  (_merge==3)
    -----------------------------------------
.     drop if _merge == 2
(0 observations deleted)
.     drop _merge
. }

. save "datos crudos/temp_personas_2014.dta", replace
file datos crudos/temp_personas_2014.dta saved

. 
. use "datos crudos/temp_personas_2014.dta", clear

. capture confirm file "datos crudos/enaho01-2014-100_clean.dta"

. if _rc == 0 {
.     merge m:1 conglome vivienda hogar using "datos crudos/enaho01-2014-100_cl
> ean.dta", force
(label p501 already defined)
(label p502 already defined)
(label p503 already defined)
(label p504 already defined)
(label p5041 already defined)
(label p5042 already defined)
(label p5043 already defined)
(label p5044 already defined)
(label p5045 already defined)
(label p5046 already defined)
(label p5047 already defined)
(label p5048 already defined)
(label p5049 already defined)
(label p50410 already defined)
(label p50411 already defined)
(label p507 already defined)
(label p508 already defined)
(label p509 already defined)
(label p510 already defined)
(label p510a1 already defined)
(label p510b already defined)
(label p5111 already defined)
(label p5112 already defined)
(label p5113 already defined)
(label p5114 already defined)
(label p5115 already defined)
(label p5116 already defined)
(label p5117 already defined)
(label p5118 already defined)
(label p5119 already defined)
(label p51110 already defined)
(label p51111 already defined)
(label p51112 already defined)
(label p511a already defined)
(label p512a already defined)
(label p513 already defined)
(label p514 already defined)
(label p5151 already defined)
(label p5152 already defined)
(label p5153 already defined)
(label p5154 already defined)
(label p5155 already defined)
(label p5156 already defined)
(label p5157 already defined)
(label p5158 already defined)
(label p5159 already defined)
(label p51510 already defined)
(label p51511 already defined)
(label p517 already defined)
(label p517a already defined)
(label p517b1 already defined)
(label p517c already defined)
(label p517d1 already defined)
(label p519 already defined)
(label p520a already defined)
(label p521 already defined)
(label p521a already defined)
(label p521c already defined)
(label p521d already defined)
(label p523 already defined)
(label p524a2 already defined)
(label p524b2 already defined)
(label p524c2 already defined)
(label p524d2 already defined)
(label p524e2 already defined)
(label p528 already defined)
(label p5291a already defined)
(label p5291c already defined)
(label p5292a already defined)
(label p5292c already defined)
(label p5293a already defined)
(label p5293c already defined)
(label p5294a already defined)
(label p5294c already defined)
(label p5295a already defined)
(label p5295c already defined)
(label p5296a already defined)
(label p5296c already defined)
(label p5297a already defined)
(label p530b already defined)
(label p535 already defined)
(label p5371 already defined)
(label p5372 already defined)
(label p5373 already defined)
(label p5374 already defined)
(label p5375 already defined)
(label p5376 already defined)
(label p5377 already defined)
(label p5378 already defined)
(label p5379 already defined)
(label p53710 already defined)
(label p53711 already defined)
(label p53712 already defined)
(label p538a2 already defined)
(label p538b2 already defined)
(label p538c2 already defined)
(label p538d2 already defined)
(label p539 already defined)
(label p5401a already defined)
(label p5401c already defined)
(label p5402a already defined)
(label p5402c already defined)
(label p5403a already defined)
(label p5403c already defined)
(label p5404a already defined)
(label p5404c already defined)
(label p5405a already defined)
(label p5405c already defined)
(label p5406a already defined)
(label p5406c already defined)
(label p5407a already defined)
(label p541b already defined)
(label p542 already defined)
(label p5441a already defined)
(label p5442a already defined)
(label p5443a already defined)
(label p5444a already defined)
(label p5445a already defined)
(label p5446a already defined)
(label p5447a already defined)
(label p5448a already defined)
(label p545 already defined)
(label p546 already defined)
(label p547 already defined)
(label p548 already defined)
(label p549 already defined)
(label p550 already defined)
(label p552 already defined)
(label p555 already defined)
(label p5561a already defined)
(label p5561b already defined)
(label p5561d already defined)
(label p5562a already defined)
(label p5562b already defined)
(label p5562d already defined)
(label p5563a already defined)
(label p5563b already defined)
(label p5563c1 already defined)
(label p5563d already defined)
(label p5563f already defined)
(label p5563g already defined)
(label p5564a already defined)
(label p5564b already defined)
(label p5564d already defined)
(label p5565a already defined)
(label p5565b already defined)
(label p5565d already defined)
(label p5566a already defined)
(label p5566b already defined)
(label p5566d already defined)
(label p5567a already defined)
(label p5567b already defined)
(label p5567d already defined)
(label p5568a already defined)
(label p5568b already defined)
(label p5568d already defined)
(label p5571a already defined)
(label p5571b already defined)
(label p5572a already defined)
(label p5572b already defined)
(label p5573a already defined)
(label p5573b already defined)
(label p5574a already defined)
(label p5574b already defined)
(label p5575a already defined)
(label p5575b already defined)
(label p5576a already defined)
(label p5576b already defined)
(label p5577a already defined)
(label p5577b already defined)
(label p5578a already defined)
(label p5578b already defined)
(label p5581a already defined)
(label p5582a already defined)
(label p5583a already defined)
(label p5584a already defined)
(label p5585a already defined)
(label p5586a already defined)
(label p5587a already defined)
(label p558a1 already defined)
(label p558a2 already defined)
(label p558a3 already defined)
(label p558a4 already defined)
(label p558a5 already defined)
(label p558b3 already defined)
(label p558c already defined)
(label p558d already defined)
(label p559_01 already defined)
(label p559_02 already defined)
(label p559_03 already defined)
(label p559_04 already defined)
(label p559_05 already defined)
(label p559_06 already defined)
(label p559_07 already defined)
(label p559_08 already defined)
(label p559_09 already defined)
(label p559_10 already defined)
(label p559_11 already defined)
(label p559_12 already defined)
(label p559_13 already defined)
(label p559_14 already defined)
(label p559_15 already defined)
(label p559b_01 already defined)
(label p559b_02 already defined)
(label p559b_03 already defined)
(label p559b_04 already defined)
(label p559b_05 already defined)
(label p559b_06 already defined)
(label p559b_07 already defined)
(label p559b_08 already defined)
(label p559b_09 already defined)
(label p559b_10 already defined)
(label p559b_11 already defined)
(label p559b_12 already defined)
(label p559b_13 already defined)
(label p559b_14 already defined)
(label p559b_15 already defined)
(label p559c_01 already defined)
(label p559c_02 already defined)
(label p559c_03 already defined)
(label p559c_04 already defined)
(label p559c_05 already defined)
(label p559c_06 already defined)
(label p559c_07 already defined)
(label p559c_08 already defined)
(label p559c_09 already defined)
(label p559c_10 already defined)
(label p559c_11 already defined)
(label p559c_12 already defined)
(label p559c_13 already defined)
(label p559c_14 already defined)
(label p559c_15 already defined)
(label p559e_01 already defined)
(label p559e_02 already defined)
(label p559e_03 already defined)
(label p559e_04 already defined)
(label p559e_05 already defined)
(label p559e_06 already defined)
(label p559e_07 already defined)
(label p559e_08 already defined)
(label p559e_09 already defined)
(label p559e_10 already defined)
(label p559e_11 already defined)
(label p559e_12 already defined)
(label p559e_13 already defined)
(label p559e_14 already defined)
(label p559e_15 already defined)
(label p560t_01 already defined)
(label p560t_02 already defined)
(label p560t_03 already defined)
(label p560t_04 already defined)
(label p560t_05 already defined)
(label p560t_06 already defined)
(label p560t_07 already defined)
(label p560t_08 already defined)
(label p560t_09 already defined)
(label p560t_10 already defined)
(label p560a1_01 already defined)
(label p560a1_02 already defined)
(label p560a1_03 already defined)
(label p560a1_04 already defined)
(label p560a1_05 already defined)
(label p560a1_06 already defined)
(label p560a1_07 already defined)
(label p560a1_08 already defined)
(label p560a1_09 already defined)
(label p560a1_10 already defined)
(label p560c_01 already defined)
(label p560c_02 already defined)
(label p560c_03 already defined)
(label p560c_04 already defined)
(label p560c_05 already defined)
(label p560c_06 already defined)
(label p560c_07 already defined)
(label p560c_08 already defined)
(label p560c_09 already defined)
(label p560c_10 already defined)
(label p560e_01 already defined)
(label p560e_02 already defined)
(label p560e_03 already defined)
(label p560e_04 already defined)
(label p560e_05 already defined)
(label p560e_06 already defined)
(label p560e_07 already defined)
(label p560e_08 already defined)
(label p560e_09 already defined)
(label p560e_10 already defined)
(label p599 already defined)
(label LABB already defined)
(label LABC already defined)
(label ocu500 already defined)
(label t556 already defined)
(label t549 already defined)
(label t5587a already defined)
(label t558c already defined)
(label t560_01 already defined)
(label t560_02 already defined)
(label t560_03 already defined)
(label t560_04 already defined)
(label t560_05 already defined)
(label t560_06 already defined)
(label t560_071 already defined)
(label t560_072 already defined)
(label t560_073 already defined)
(label t560_074 already defined)
(label t560_075 already defined)
(label t560_076 already defined)
(label t560_077 already defined)
(label t560_078 already defined)
(label t560_08 already defined)
(label t560_09 already defined)
(label t560_10 already defined)
(label ocupinf already defined)
(label emplpsec already defined)
(label p203 already defined)
(label p203b already defined)
(label p204 already defined)
(label p205 already defined)
(label p206 already defined)
(label p207 already defined)
(label p208a1 already defined)
(label p209 already defined)
(label p210 already defined)
(label p211a already defined)
(label p217 already defined)
(label ocupac_r3 already defined)
(label t211 already defined)
(label ticuest01 already defined)
(label t314b_5 already defined)
(label ticuest01a already defined)
(label imputado already defined)
(label t313a already defined)
(label p316_7 already defined)
(label p316_6 already defined)
(label p316_5 already defined)
(label p316_4 already defined)
(label p316_3 already defined)
(label p316_2 already defined)
(label p316_1 already defined)
(label p3156 already defined)
(label p3155 already defined)
(label p3154 already defined)
(label p3153 already defined)
(label p3152 already defined)
(label p3151 already defined)
(label p314d already defined)
(label p314b_5 already defined)
(label p314b_4 already defined)
(label p314b_3 already defined)
(label p314b_2 already defined)
(label p314b_1 already defined)
(label p314a already defined)
(label p313 already defined)
(label p3122a6 already defined)
(label p3122a5 already defined)
(label p3122a4 already defined)
(label p3122a3 already defined)
(label p3122a2 already defined)
(label p3122a1 already defined)
(label p3122 already defined)
(label p3121a6 already defined)
(label p3121a5 already defined)
(label p3121a4 already defined)
(label p3121a3 already defined)
(label p3121a2 already defined)
(label p3121a1 already defined)
(label p3121 already defined)
(label p311c_8 already defined)
(label p311c_7 already defined)
(label p311c_4 already defined)
(label p311c_3 already defined)
(label p311c_2 already defined)
(label p311c_1 already defined)
(label p311a7_8 already defined)
(label p311a7_7 already defined)
(label p311a7_6 already defined)
(label p311a7_5 already defined)
(label p311a7_4 already defined)
(label p311a7_3 already defined)
(label p311a7_2 already defined)
(label p311a7_1 already defined)
(label p311a6_8 already defined)
(label p311a6_7 already defined)
(label p311a6_6 already defined)
(label p311a6_5 already defined)
(label p311a6_4 already defined)
(label p311a6_3 already defined)
(label p311a6_2 already defined)
(label p311a6_1 already defined)
(label p311a5_8 already defined)
(label p311a5_7 already defined)
(label p311a5_6 already defined)
(label p311a5_5 already defined)
(label p311a5_4 already defined)
(label p311a5_3 already defined)
(label p311a5_2 already defined)
(label p311a5_1 already defined)
(label p311a4_8 already defined)
(label p311a4_7 already defined)
(label p311a4_6 already defined)
(label p311a4_5 already defined)
(label p311a4_4 already defined)
(label p311a4_3 already defined)
(label p311a4_2 already defined)
(label p311a4_1 already defined)
(label p311a3_8 already defined)
(label p311a3_7 already defined)
(label p311a3_6 already defined)
(label p311a3_5 already defined)
(label p311a3_4 already defined)
(label p311a3_3 already defined)
(label p311a3_2 already defined)
(label p311a3_1 already defined)
(label p311a2_8 already defined)
(label p311a2_7 already defined)
(label p311a2_6 already defined)
(label p311a2_5 already defined)
(label p311a2_4 already defined)
(label p311a2_3 already defined)
(label p311a2_2 already defined)
(label p311a2_1 already defined)
(label p311a1_8 already defined)
(label p311a1_7 already defined)
(label p311a1_6 already defined)
(label p311a1_5 already defined)
(label p311a1_4 already defined)
(label p311a1_3 already defined)
(label p311a1_2 already defined)
(label p311a1_1 already defined)
(label p311_8 already defined)
(label p311_7 already defined)
(label p311_6 already defined)
(label p311_5 already defined)
(label p311_4 already defined)
(label p311_3 already defined)
(label p311_2 already defined)
(label p311_1 already defined)
(label p311n_8 already defined)
(label p311n_7 already defined)
(label p311n_6 already defined)
(label p311n_5 already defined)
(label p311n_4 already defined)
(label p311n_3 already defined)
(label p311n_2 already defined)
(label p311n_1 already defined)
(label p310e0 already defined)
(label p310b1 already defined)
(label p310c0 already defined)
(label p310b already defined)
(label p310 already defined)
(label p308b5 already defined)
(label p308b4 already defined)
(label p308b3 already defined)
(label p308b2 already defined)
(label p308b1 already defined)
(label p308d already defined)
(label p308a already defined)
(label p307 already defined)
(label p306 already defined)
(label p305 already defined)
(label p304d already defined)
(label p304a already defined)
(label p303 already defined)
(label p302b already defined)
(label p302a already defined)
(label p302x already defined)
(label p302 already defined)
(label p301b0 already defined)
(label p301a0 already defined)
(label p301d already defined)
(label p301a already defined)
(label p300a already defined)
(label ticuest01b already defined)
(label p301_01 already defined)
(label p209_01 already defined)
(label p207_01 already defined)
(label p206_01 already defined)
(label p205_01 already defined)
(label p204_01 already defined)
(label p203_01 already defined)
(label p22a_9 already defined)
(label p22a_8 already defined)
(label p22a_7 already defined)
(label p22a_6 already defined)
(label p22a_5 already defined)
(label p22a_4 already defined)
(label p22a_3 already defined)
(label p22a_2 already defined)
(label p22a_1 already defined)
(label p221_9 already defined)
(label p221_8 already defined)
(label p221_7 already defined)
(label p221_6 already defined)
(label p221_5 already defined)
(label p221_4 already defined)
(label p221_3 already defined)
(label p221_2 already defined)
(label p221_1 already defined)
(label p21 already defined)
(label p10_4 already defined)
(label p10_3 already defined)
(label p10_2 already defined)
(label p10_1 already defined)
(label p9 already defined)
(label p7 already defined)
(label p6 already defined)
(label p4 already defined)
(label p3 already defined)
(label p2a1_4 already defined)
(label p2a1_3 already defined)
(label p2a1_2 already defined)
(label p2a1_1 already defined)
(label p1_21 already defined)
(label p1_20 already defined)
(label p1_19 already defined)
(label p1_18 already defined)
(label p1_17 already defined)
(label p1_16 already defined)
(label p1_15 already defined)
(label p1_14 already defined)
(label p1_13 already defined)
(label p1_12 already defined)
(label p1_11 already defined)
(label p1_10 already defined)
(label p1_09 already defined)
(label p1_08 already defined)
(label p1_07 already defined)
(label p1_06 already defined)
(label p1_05 already defined)
(label p1_04 already defined)
(label p1_03 already defined)
(label p1_02 already defined)
(label p1_01 already defined)

    Result                      Number of obs
    -----------------------------------------
    Not matched                         9,277
        from master                         0  (_merge==1)
        from using                      9,277  (_merge==2)

    Matched                           124,154  (_merge==3)
    -----------------------------------------
.     drop if _merge == 2
(9,277 observations deleted)
.     drop _merge
. }

. capture confirm file "datos crudos/enaho01-2014-700_clean.dta"

. if _rc == 0 {
.     merge m:1 conglome vivienda hogar using "datos crudos/enaho01-2014-700_cl
> ean.dta", force
(label ticuest01 already defined)

    Result                      Number of obs
    -----------------------------------------
    Not matched                             0
    Matched                           124,154  (_merge==3)
    -----------------------------------------
.     drop if _merge == 2
(0 observations deleted)
.     drop _merge
. }

. capture confirm file "datos crudos/sumaria-2014_clean.dta"

. if _rc == 0 {
.     merge m:1 conglome vivienda hogar using "datos crudos/sumaria-2014_clean.
> dta", force
(label estrsocial already defined)

    Result                      Number of obs
    -----------------------------------------
    Not matched                             0
    Matched                           124,154  (_merge==3)
    -----------------------------------------
.     drop if _merge == 2
(0 observations deleted)
.     drop _merge
. }

. save "datos crudos/2014.dta", replace
file datos crudos/2014.dta saved

. 
. use "datos crudos/2014.dta", clear

. rename conglome con_14

. rename vivienda viv_14

. rename hogar hog_14

. save "datos crudos/2014n.dta", replace
file datos crudos/2014n.dta saved

. 
. use "datos crudos/enaho01_2012_2016_100_panel.dta", clear

.     * --- Armonizar llaves maestras del Panel Antiguo ---
.     capture rename cenl numpanh

.     capture rename num_hog numpanh

.     * -----------------------------------------------------------
.     * --- Armonizar nombres mutantes del Panel ---
.     capture rename factor_07_14 factor07_14

.     capture rename factor07_14_14 factor07_14

.     capture rename factor07_14a factor07_14

.     capture rename facpanel* fac_panel*

.     * -----------------------------------------------------------
.     * --- KEEP SEGURO (Evita error 111 si faltan variables) ---
.     local keep_vars numpanh mes_14 conglome_14 vivienda_14 hogar_14 ubigeo_14
>  dominio_14 estrato_14 factor07_14

.     foreach v in p101_14 p105a_14 tipenc_14 fecent_14 result_14 panel_14 peri
> odo_14 {
  2.         capture confirm variable `v'
  3.         if _rc == 0 {
  4.             local keep_vars `keep_vars' `v'
  5.         }
  6.     }

.     foreach prefix in hpan hpanel fac_panel facpanel {
  2.         capture ds `prefix'*
  3.         if _rc == 0 {
  4.             local keep_vars `keep_vars' `r(varlist)'
  5.         }
  6.     }

.     local keep_vars: list uniq keep_vars

.     keep `keep_vars'

.     * -----------------------------------------------------------
. rename conglome_14 con_14

. rename vivienda_14 viv_14

. rename hogar_14 hog_14

.     * --- Estandarizacion extrema del Panel ---
.     foreach var in con_14 viv_14 hog_14 numpanh {
  2.         capture confirm variable `var'
  3.         if _rc == 0 {
  4.             capture tostring `var', replace force
  5.             capture replace `var' = trim(`var')
  6.             capture destring `var', replace force
  7.         }
  8.     }

. capture destring mes_14, replace force

. keep if inrange(mes_14, 1, 12)
(123,337 observations deleted)

. drop if missing(con_14) | missing(viv_14) | missing(hog_14)
(0 observations deleted)

. duplicates drop con_14 viv_14 hog_14, force

Duplicates in terms of con_14 viv_14 hog_14

(0 observations are duplicates)

. gen ID = 2014

. merge 1:m con_14 viv_14 hog_14 using "datos crudos/2014n.dta", force
(label LABB already defined)
(label LABC already defined)

    Result                      Number of obs
    -----------------------------------------
    Not matched                         9,277
        from master                     9,277  (_merge==1)
        from using                          0  (_merge==2)

    Matched                           124,154  (_merge==3)
    -----------------------------------------

. drop if _merge == 1
(9,277 observations deleted)

. drop _merge

. rename con_14 conglome

. rename viv_14 vivienda

. rename hog_14 hogar

. save "resultados/2014_enahop.dta", replace
file resultados/2014_enahop.dta saved

. 
. **************************************************
. * PROCESANDO AÑO 2015
. **************************************************
. 
. capture confirm file "datos crudos/enaho01-2015-100.dta"

. if _rc == 0 {
.     use "datos crudos/enaho01-2015-100.dta", clear
. 
.     * --- Armonizacion de nombres (Typos INEI) ---
.     capture rename p713b15 p713b
.     capture rename p713d15 p713d
.     capture rename p713e15 p713e
.     capture rename factor_07 factor07
.     * --------------------------------------------
. 
.     * --- Estandarizacion extrema de llaves (Anti-Ceros y Espacios) ---
.     foreach var in conglome vivienda hogar codperso codinfor { 
  2.         capture confirm variable `var'
  3.         if _rc == 0 {
  4.             capture tostring `var', replace force
  5.             capture replace `var' = trim(`var')
  6.             capture destring `var', replace force
  7.         }
  8.     }
.     * -----------------------------------------------------------------
. 
.     * --- Ahorro de Memoria: Borrado Quirúrgico ---
.     capture drop año
.     capture drop a?o
.     capture drop mes
.     capture drop nconglome
.     capture drop ubigeo
.     capture drop dominio
.     capture drop estrato
.     capture drop periodo
.     capture drop codinfor
.     capture drop factor*
.     capture drop factora*
.     * ---------------------------------------------
.     drop if missing(conglome) | missing(vivienda) | missing(hogar)
(0 observations deleted)
.     duplicates drop conglome vivienda hogar, force

Duplicates in terms of conglome vivienda hogar

(95,286 observations deleted)
.     save "datos crudos/enaho01-2015-100_clean.dta", replace
file datos crudos/enaho01-2015-100_clean.dta saved
. }

. 
. capture confirm file "datos crudos/enaho01-2015-700.dta"

. if _rc == 0 {
.     use "datos crudos/enaho01-2015-700.dta", clear
. 
.     * --- Armonizacion de nombres (Typos INEI) ---
.     capture rename p713b15 p713b
.     capture rename p713d15 p713d
.     capture rename p713e15 p713e
.     capture rename factor_07 factor07
.     * --------------------------------------------
. 
.     * --- Estandarizacion extrema de llaves (Anti-Ceros y Espacios) ---
.     foreach var in conglome vivienda hogar codperso codinfor { 
  2.         capture confirm variable `var'
  3.         if _rc == 0 {
  4.             capture tostring `var', replace force
  5.             capture replace `var' = trim(`var')
  6.             capture destring `var', replace force
  7.         }
  8.     }
.     * -----------------------------------------------------------------
. 
.     * --- Ahorro de Memoria: Borrado Quirúrgico ---
.     capture drop año
.     capture drop a?o
.     capture drop mes
.     capture drop nconglome
.     capture drop ubigeo
.     capture drop dominio
.     capture drop estrato
.     capture drop periodo
.     capture drop codinfor
.     capture drop factor*
.     capture drop factora*
.     * ---------------------------------------------
.     drop if missing(conglome) | missing(vivienda) | missing(hogar)
(0 observations deleted)
.     duplicates drop conglome vivienda hogar, force

Duplicates in terms of conglome vivienda hogar

(0 observations are duplicates)
.     save "datos crudos/enaho01-2015-700_clean.dta", replace
file datos crudos/enaho01-2015-700_clean.dta saved
. }

. 
. capture confirm file "datos crudos/sumaria-2015.dta"

. if _rc == 0 {
.     use "datos crudos/sumaria-2015.dta", clear
. 
.     * --- Armonizacion de nombres (Typos INEI) ---
.     capture rename p713b15 p713b
.     capture rename p713d15 p713d
.     capture rename p713e15 p713e
.     capture rename factor_07 factor07
.     * --------------------------------------------
. 
.     * --- Estandarizacion extrema de llaves (Anti-Ceros y Espacios) ---
.     foreach var in conglome vivienda hogar codperso codinfor { 
  2.         capture confirm variable `var'
  3.         if _rc == 0 {
  4.             capture tostring `var', replace force
  5.             capture replace `var' = trim(`var')
  6.             capture destring `var', replace force
  7.         }
  8.     }
.     * -----------------------------------------------------------------
. 
.     * --- Ahorro de Memoria: Borrado Quirúrgico ---
.     capture drop año
.     capture drop a?o
.     capture drop mes
.     capture drop nconglome
.     capture drop ubigeo
.     capture drop dominio
.     capture drop estrato
.     capture drop periodo
.     capture drop codinfor
.     capture drop factor*
.     capture drop factora*
.     * ---------------------------------------------
.     drop if missing(conglome) | missing(vivienda) | missing(hogar)
(0 observations deleted)
.     duplicates drop conglome vivienda hogar, force

Duplicates in terms of conglome vivienda hogar

(0 observations are duplicates)
.     save "datos crudos/sumaria-2015_clean.dta", replace
file datos crudos/sumaria-2015_clean.dta saved
. }

. 
. capture confirm file "datos crudos/enaho01a-2015-300.dta"

. if _rc == 0 {
.     use "datos crudos/enaho01a-2015-300.dta", clear
. 
.     * --- Armonizacion de nombres (Typos INEI) ---
.     capture rename p713b15 p713b
.     capture rename p713d15 p713d
.     capture rename p713e15 p713e
.     capture rename factor_07 factor07
.     * --------------------------------------------
. 
.     * --- Estandarizacion extrema de llaves (Anti-Ceros y Espacios) ---
.     foreach var in conglome vivienda hogar codperso codinfor { 
  2.         capture confirm variable `var'
  3.         if _rc == 0 {
  4.             capture tostring `var', replace force
  5.             capture replace `var' = trim(`var')
  6.             capture destring `var', replace force
  7.         }
  8.     }
.     * -----------------------------------------------------------------
. 
.     * --- Ahorro de Memoria: Borrado Quirúrgico ---
.     capture drop año
.     capture drop a?o
.     capture drop mes
.     capture drop nconglome
.     capture drop ubigeo
.     capture drop dominio
.     capture drop estrato
.     capture drop periodo
.     capture drop codinfor
.     capture drop factor*
.     capture drop factora*
.     * ---------------------------------------------
.     drop if missing(conglome) | missing(vivienda) | missing(hogar) | missing(
> codperso)
(0 observations deleted)
.     duplicates drop conglome vivienda hogar codperso, force

Duplicates in terms of conglome vivienda hogar codperso

(0 observations are duplicates)
.     save "datos crudos/enaho01a-2015-300_clean.dta", replace
file datos crudos/enaho01a-2015-300_clean.dta saved
. }

. 
. capture confirm file "datos crudos/enaho01a-2015-400.dta"

. if _rc == 0 {
.     use "datos crudos/enaho01a-2015-400.dta", clear
. 
.     * --- Armonizacion de nombres (Typos INEI) ---
.     capture rename p713b15 p713b
.     capture rename p713d15 p713d
.     capture rename p713e15 p713e
.     capture rename factor_07 factor07
.     * --------------------------------------------
. 
.     * --- Estandarizacion extrema de llaves (Anti-Ceros y Espacios) ---
.     foreach var in conglome vivienda hogar codperso codinfor { 
  2.         capture confirm variable `var'
  3.         if _rc == 0 {
  4.             capture tostring `var', replace force
  5.             capture replace `var' = trim(`var')
  6.             capture destring `var', replace force
  7.         }
  8.     }
.     * -----------------------------------------------------------------
. 
.     * --- Ahorro de Memoria: Borrado Quirúrgico ---
.     capture drop año
.     capture drop a?o
.     capture drop mes
.     capture drop nconglome
.     capture drop ubigeo
.     capture drop dominio
.     capture drop estrato
.     capture drop periodo
.     capture drop codinfor
.     capture drop factor*
.     capture drop factora*
.     * ---------------------------------------------
.     drop if missing(conglome) | missing(vivienda) | missing(hogar) | missing(
> codperso)
(0 observations deleted)
.     duplicates drop conglome vivienda hogar codperso, force

Duplicates in terms of conglome vivienda hogar codperso

(0 observations are duplicates)
.     save "datos crudos/enaho01a-2015-400_clean.dta", replace
file datos crudos/enaho01a-2015-400_clean.dta saved
. }

. 
. capture confirm file "datos crudos/enaho01a-2015-500.dta"

. if _rc == 0 {
.     use "datos crudos/enaho01a-2015-500.dta", clear
. 
.     * --- Armonizacion de nombres (Typos INEI) ---
.     capture rename p713b15 p713b
.     capture rename p713d15 p713d
.     capture rename p713e15 p713e
.     capture rename factor_07 factor07
.     * --------------------------------------------
. 
.     * --- Estandarizacion extrema de llaves (Anti-Ceros y Espacios) ---
.     foreach var in conglome vivienda hogar codperso codinfor { 
  2.         capture confirm variable `var'
  3.         if _rc == 0 {
  4.             capture tostring `var', replace force
  5.             capture replace `var' = trim(`var')
  6.             capture destring `var', replace force
  7.         }
  8.     }
.     * -----------------------------------------------------------------
. 
.     * --- Ahorro de Memoria: Borrado Quirúrgico ---
.     capture drop año
.     capture drop a?o
.     capture drop mes
.     capture drop nconglome
.     capture drop ubigeo
.     capture drop dominio
.     capture drop estrato
.     capture drop periodo
.     capture drop codinfor
.     capture drop factor*
.     capture drop factora*
.     * ---------------------------------------------
.     drop if missing(conglome) | missing(vivienda) | missing(hogar) | missing(
> codperso)
(0 observations deleted)
.     duplicates drop conglome vivienda hogar codperso, force

Duplicates in terms of conglome vivienda hogar codperso

(0 observations are duplicates)
.     save "datos crudos/enaho01a-2015-500_clean.dta", replace
file datos crudos/enaho01a-2015-500_clean.dta saved
. }

. 
. capture confirm file "datos crudos/enaho01b-2015-1.dta"

. if _rc == 0 {
.     use "datos crudos/enaho01b-2015-1.dta", clear
. 
.     * --- Armonizacion de nombres (Typos INEI) ---
.     capture rename p713b15 p713b
.     capture rename p713d15 p713d
.     capture rename p713e15 p713e
.     capture rename factor_07 factor07
.     * --------------------------------------------
. 
.     * --- Estandarizacion extrema de llaves (Anti-Ceros y Espacios) ---
.     foreach var in conglome vivienda hogar codperso codinfor { 
  2.         capture confirm variable `var'
  3.         if _rc == 0 {
  4.             capture tostring `var', replace force
  5.             capture replace `var' = trim(`var')
  6.             capture destring `var', replace force
  7.         }
  8.     }
.     * -----------------------------------------------------------------
. 
.     * --- Ahorro de Memoria: Borrado Quirúrgico ---
.     capture drop año
.     capture drop a?o
.     capture drop mes
.     capture drop nconglome
.     capture drop ubigeo
.     capture drop dominio
.     capture drop estrato
.     capture drop periodo
.     capture drop codinfor
.     capture drop factor*
.     capture drop factora*
.     * ---------------------------------------------
.     drop if missing(conglome) | missing(vivienda) | missing(hogar) | missing(
> codperso)
(0 observations deleted)
.     duplicates drop conglome vivienda hogar codperso, force

Duplicates in terms of conglome vivienda hogar codperso

(0 observations are duplicates)
.     save "datos crudos/enaho01b-2015-1_clean.dta", replace
file datos crudos/enaho01b-2015-1_clean.dta saved
. }

. 
. capture confirm file "datos crudos/enaho01b-2015-2.dta"

. if _rc == 0 {
.     use "datos crudos/enaho01b-2015-2.dta", clear
. 
.     * --- Armonizacion de nombres (Typos INEI) ---
.     capture rename p713b15 p713b
.     capture rename p713d15 p713d
.     capture rename p713e15 p713e
.     capture rename factor_07 factor07
.     * --------------------------------------------
. 
.     * --- Estandarizacion extrema de llaves (Anti-Ceros y Espacios) ---
.     foreach var in conglome vivienda hogar codperso codinfor { 
  2.         capture confirm variable `var'
  3.         if _rc == 0 {
  4.             capture tostring `var', replace force
  5.             capture replace `var' = trim(`var')
  6.             capture destring `var', replace force
  7.         }
  8.     }
.     * -----------------------------------------------------------------
. 
.     * --- Ahorro de Memoria: Borrado Quirúrgico ---
.     capture drop año
.     capture drop a?o
.     capture drop mes
.     capture drop nconglome
.     capture drop ubigeo
.     capture drop dominio
.     capture drop estrato
.     capture drop periodo
.     capture drop codinfor
.     capture drop factor*
.     capture drop factora*
.     * ---------------------------------------------
.     drop if missing(conglome) | missing(vivienda) | missing(hogar) | missing(
> codperso)
(0 observations deleted)
.     duplicates drop conglome vivienda hogar codperso, force

Duplicates in terms of conglome vivienda hogar codperso

(0 observations are duplicates)
.     save "datos crudos/enaho01b-2015-2_clean.dta", replace
file datos crudos/enaho01b-2015-2_clean.dta saved
. }

. 
. capture confirm file "datos crudos/enaho01b-2015-3.dta"

. if _rc == 0 {
.     use "datos crudos/enaho01b-2015-3.dta", clear
. 
.     * --- Armonizacion de nombres (Typos INEI) ---
.     capture rename p713b15 p713b
.     capture rename p713d15 p713d
.     capture rename p713e15 p713e
.     capture rename factor_07 factor07
.     * --------------------------------------------
. 
.     * --- Estandarizacion extrema de llaves (Anti-Ceros y Espacios) ---
.     foreach var in conglome vivienda hogar codperso codinfor { 
  2.         capture confirm variable `var'
  3.         if _rc == 0 {
  4.             capture tostring `var', replace force
  5.             capture replace `var' = trim(`var')
  6.             capture destring `var', replace force
  7.         }
  8.     }
.     * -----------------------------------------------------------------
. 
.     * --- Ahorro de Memoria: Borrado Quirúrgico ---
.     capture drop año
.     capture drop a?o
.     capture drop mes
.     capture drop nconglome
.     capture drop ubigeo
.     capture drop dominio
.     capture drop estrato
.     capture drop periodo
.     capture drop codinfor
.     capture drop factor*
.     capture drop factora*
.     * ---------------------------------------------
.     drop if missing(conglome) | missing(vivienda) | missing(hogar) | missing(
> codperso)
.     duplicates drop conglome vivienda hogar codperso, force
.     save "datos crudos/enaho01b-2015-3_clean.dta", replace
. }

. 
. capture confirm file "datos crudos/enaho01-2015-700a.dta"

. if _rc == 0 {
.     use "datos crudos/enaho01-2015-700a.dta", clear
. 
.     * --- Armonizacion de nombres (Typos INEI) ---
.     capture rename p713b15 p713b
.     capture rename p713d15 p713d
.     capture rename p713e15 p713e
.     capture rename factor_07 factor07
.     * --------------------------------------------
.     capture rename p702 codperso
.     capture tostring codperso, replace force
.     capture tostring codinfor, replace force
.     capture replace codperso = trim(codperso)
.     capture replace codinfor = trim(codinfor)
.     capture replace codperso = codinfor if codperso == "" | codperso == "."
. 
.     * --- Estandarizacion extrema de llaves (Anti-Ceros y Espacios) ---
.     foreach var in conglome vivienda hogar codperso codinfor { 
  2.         capture confirm variable `var'
  3.         if _rc == 0 {
  4.             capture tostring `var', replace force
  5.             capture replace `var' = trim(`var')
  6.             capture destring `var', replace force
  7.         }
  8.     }
.     * -----------------------------------------------------------------
.     gen programa_social1 = 0
.     replace programa_social1 = 1 if inlist(p703,1,2,3,4,5,6,7,8,10)
(25,371 real changes made)
.     drop if missing(conglome) | missing(vivienda) | missing(hogar) | missing(
> codperso)
(0 observations deleted)
.     duplicates drop conglome vivienda hogar codperso p703, force

Duplicates in terms of conglome vivienda hogar codperso p703

(0 observations are duplicates)
.     bysort conglome vivienda hogar codperso: gen num_item = _n
.     tostring num_item, generate(j_str)
j_str generated as str1
.     replace j_str = "_" + j_str
variable j_str was str1 now str2
(25,371 real changes made)
.     drop num_item
. 
.     * --- Ahorro de Memoria: Borrado Quirúrgico ---
.     capture drop año
.     capture drop a?o
.     capture drop mes
.     capture drop nconglome
.     capture drop ubigeo
.     capture drop dominio
.     capture drop estrato
.     capture drop periodo
.     capture drop codinfor
.     capture drop factor*
.     capture drop factora*
.     * ---------------------------------------------
.     ds conglome vivienda hogar codperso j_str, not
p703          p7061         p7064         p706a2        p706a5
p704          p7062         p7065         p706a3        programa_s~1
p705          p7063         p706a1        p706a4
.     local vars `r(varlist)'
.     foreach v of local vars {
  2.         rename `v' v_`v'
  3.     }
.     ds conglome vivienda hogar codperso j_str, not
v_p703        v_p7061       v_p7064       v_p706a2      v_p706a5
v_p704        v_p7062       v_p7065       v_p706a3      v_programa~1
v_p705        v_p7063       v_p706a1      v_p706a4
.     local vars_wide `r(varlist)'
.     reshape wide `vars_wide', i(conglome vivienda hogar codperso) j(j_str) st
> ring
(j = _1 _2 _3 _4)

Data                               Long   ->   Wide
-----------------------------------------------------------------------------
Number of observations           25,371   ->   18,201      
Number of variables                  19   ->   60          
j variable (4 values)             j_str   ->   (dropped)
xij variables:
                                 v_p703   ->   v_p703_1 v_p703_2 ... v_p703_4
                                 v_p704   ->   v_p704_1 v_p704_2 ... v_p704_4
                                 v_p705   ->   v_p705_1 v_p705_2 ... v_p705_4
                                v_p7061   ->   v_p7061_1 v_p7061_2 ... v_p7061_
> 4
                                v_p7062   ->   v_p7062_1 v_p7062_2 ... v_p7062_
> 4
                                v_p7063   ->   v_p7063_1 v_p7063_2 ... v_p7063_
> 4
                                v_p7064   ->   v_p7064_1 v_p7064_2 ... v_p7064_
> 4
                                v_p7065   ->   v_p7065_1 v_p7065_2 ... v_p7065_
> 4
                               v_p706a1   ->   v_p706a1_1 v_p706a1_2 ... v_p706
> a1_4
                               v_p706a2   ->   v_p706a2_1 v_p706a2_2 ... v_p706
> a2_4
                               v_p706a3   ->   v_p706a3_1 v_p706a3_2 ... v_p706
> a3_4
                               v_p706a4   ->   v_p706a4_1 v_p706a4_2 ... v_p706
> a4_4
                               v_p706a5   ->   v_p706a5_1 v_p706a5_2 ... v_p706
> a5_4
                     v_programa_social1   ->   v_programa_social1_1 v_programa_
> social1_2 ... v_programa_social1_4
-----------------------------------------------------------------------------
.     duplicates drop conglome vivienda hogar codperso, force

Duplicates in terms of conglome vivienda hogar codperso

(0 observations are duplicates)
.     save "datos crudos/enaho01-2015-700a_wide.dta", replace
file datos crudos/enaho01-2015-700a_wide.dta saved
. }

. 
. capture confirm file "datos crudos/enaho01-2015-700b.dta"

. if _rc == 0 {
.     use "datos crudos/enaho01-2015-700b.dta", clear
. 
.     * --- Armonizacion de nombres (Typos INEI) ---
.     capture rename p713b15 p713b
.     capture rename p713d15 p713d
.     capture rename p713e15 p713e
.     capture rename factor_07 factor07
.     * --------------------------------------------
.     capture rename p711n codperso
.     capture tostring codperso, replace force
.     capture tostring codinfor, replace force
.     capture replace codperso = trim(codperso)
.     capture replace codinfor = trim(codinfor)
.     capture replace codperso = codinfor if codperso == "" | codperso == "."
. 
.     * --- Estandarizacion extrema de llaves (Anti-Ceros y Espacios) ---
.     foreach var in conglome vivienda hogar codperso codinfor { 
  2.         capture confirm variable `var'
  3.         if _rc == 0 {
  4.             capture tostring `var', replace force
  5.             capture replace `var' = trim(`var')
  6.             capture destring `var', replace force
  7.         }
  8.     }
.     * -----------------------------------------------------------------
.     gen programa_social2 = 0
.     replace programa_social2 = 1 if inlist(p712,1,2,3,4,5,6,7,8,9,10,11,12,13
> ,15,16,17,18,19,29,30)
(14,921 real changes made)
.     capture gen periodo_prog15 = p713d - p713b
.     drop if missing(conglome) | missing(vivienda) | missing(hogar) | missing(
> codperso)
(0 observations deleted)
.     duplicates drop conglome vivienda hogar codperso p712, force

Duplicates in terms of conglome vivienda hogar codperso p712

(0 observations are duplicates)
.     bysort conglome vivienda hogar codperso: gen num_item = _n
.     tostring num_item, generate(j_str)
j_str generated as str1
.     replace j_str = "_" + j_str
variable j_str was str1 now str2
(14,921 real changes made)
.     drop num_item
. 
.     * --- Ahorro de Memoria: Borrado Quirúrgico ---
.     capture drop año
.     capture drop a?o
.     capture drop mes
.     capture drop nconglome
.     capture drop ubigeo
.     capture drop dominio
.     capture drop estrato
.     capture drop periodo
.     capture drop codinfor
.     capture drop factor*
.     capture drop factora*
.     * ---------------------------------------------
.     ds conglome vivienda hogar codperso j_str, not
p712          p713b         p713d         programa_s~2
p713a         p713c         p713e
.     local vars `r(varlist)'
.     foreach v of local vars {
  2.         rename `v' v_`v'
  3.     }
.     ds conglome vivienda hogar codperso j_str, not
v_p712        v_p713b       v_p713d       v_programa~2
v_p713a       v_p713c       v_p713e
.     local vars_wide `r(varlist)'
.     reshape wide `vars_wide', i(conglome vivienda hogar codperso) j(j_str) st
> ring
(j = _1 _2 _3 _4 _5)

Data                               Long   ->   Wide
-----------------------------------------------------------------------------
Number of observations           14,921   ->   12,068      
Number of variables                  12   ->   39          
j variable (5 values)             j_str   ->   (dropped)
xij variables:
                                 v_p712   ->   v_p712_1 v_p712_2 ... v_p712_5
                                v_p713a   ->   v_p713a_1 v_p713a_2 ... v_p713a_
> 5
                                v_p713b   ->   v_p713b_1 v_p713b_2 ... v_p713b_
> 5
                                v_p713c   ->   v_p713c_1 v_p713c_2 ... v_p713c_
> 5
                                v_p713d   ->   v_p713d_1 v_p713d_2 ... v_p713d_
> 5
                                v_p713e   ->   v_p713e_1 v_p713e_2 ... v_p713e_
> 5
                     v_programa_social2   ->   v_programa_social2_1 v_programa_
> social2_2 ... v_programa_social2_5
-----------------------------------------------------------------------------
.     duplicates drop conglome vivienda hogar codperso, force

Duplicates in terms of conglome vivienda hogar codperso

(0 observations are duplicates)
.     save "datos crudos/enaho01-2015-700b_wide.dta", replace
file datos crudos/enaho01-2015-700b_wide.dta saved
. }

. 
. capture confirm file "datos crudos/enaho02-2015-2000a.dta"

. if _rc == 0 {
.     use "datos crudos/enaho02-2015-2000a.dta", clear
. 
.     * --- Armonizacion de nombres (Typos INEI) ---
.     capture rename p713b15 p713b
.     capture rename p713d15 p713d
.     capture rename p713e15 p713e
.     capture rename factor_07 factor07
.     * --------------------------------------------
. 
.     * --- Estandarizacion extrema de llaves (Anti-Ceros y Espacios) ---
.     foreach var in conglome vivienda hogar codperso codinfor { 
  2.         capture confirm variable `var'
  3.         if _rc == 0 {
  4.             capture tostring `var', replace force
  5.             capture replace `var' = trim(`var')
  6.             capture destring `var', replace force
  7.         }
  8.     }
.     * -----------------------------------------------------------------
.     drop if missing(conglome) | missing(vivienda) | missing(hogar) | missing(
> codperso)
(0 observations deleted)
.     duplicates drop

Duplicates in terms of all variables

(0 observations are duplicates)
.     bysort conglome vivienda hogar codperso: gen num_parcela = _n
.     tostring num_parcela, generate(j_str)
j_str generated as str2
.     replace j_str = "_" + j_str
variable j_str was str2 now str3
(32,312 real changes made)
.     drop num_parcela
. 
.     * --- Ahorro de Memoria: Borrado Quirúrgico ---
.     capture drop año
.     capture drop a?o
.     capture drop mes
.     capture drop nconglome
.     capture drop ubigeo
.     capture drop dominio
.     capture drop estrato
.     capture drop periodo
.     capture drop codinfor
.     capture drop factor*
.     capture drop factora*
.     * ---------------------------------------------
.     ds conglome vivienda hogar codperso j_str, not
p2005a   p2005c1  p2005c3  p2005c5  p2005c7  p2005e   p2005f2  p2005f4
p2005b   p2005c2  p2005c4  p2005c6  p2005d   p2005f1  p2005f3
.     local vars `r(varlist)'
.     foreach v of local vars {
  2.         rename `v' v_`v'
  3.     }
.     ds conglome vivienda hogar codperso j_str, not
v_p2005a   v_p2005c2  v_p2005c5  v_p2005d   v_p2005f2
v_p2005b   v_p2005c3  v_p2005c6  v_p2005e   v_p2005f3
v_p2005c1  v_p2005c4  v_p2005c7  v_p2005f1  v_p2005f4
.     local vars_wide `r(varlist)'
.     reshape wide `vars_wide', i(conglome vivienda hogar codperso) j(j_str) st
> ring
(j = _1 _10 _11 _12 _13 _14 _15 _16 _17 _18 _19 _2 _20 _21 _22 _23 _24 _25 _26 
> _27 _28 _29 _3 _30 _4 _5 _6 _7 _8 _9)

Data                               Long   ->   Wide
-----------------------------------------------------------------------------
Number of observations           32,312   ->   12,031      
Number of variables                  20   ->   454         
j variable (30 values)            j_str   ->   (dropped)
xij variables:
                               v_p2005a   ->   v_p2005a_1 v_p2005a_10 ... v_p20
> 05a_9
                               v_p2005b   ->   v_p2005b_1 v_p2005b_10 ... v_p20
> 05b_9
                              v_p2005c1   ->   v_p2005c1_1 v_p2005c1_10 ... v_p
> 2005c1_9
                              v_p2005c2   ->   v_p2005c2_1 v_p2005c2_10 ... v_p
> 2005c2_9
                              v_p2005c3   ->   v_p2005c3_1 v_p2005c3_10 ... v_p
> 2005c3_9
                              v_p2005c4   ->   v_p2005c4_1 v_p2005c4_10 ... v_p
> 2005c4_9
                              v_p2005c5   ->   v_p2005c5_1 v_p2005c5_10 ... v_p
> 2005c5_9
                              v_p2005c6   ->   v_p2005c6_1 v_p2005c6_10 ... v_p
> 2005c6_9
                              v_p2005c7   ->   v_p2005c7_1 v_p2005c7_10 ... v_p
> 2005c7_9
                               v_p2005d   ->   v_p2005d_1 v_p2005d_10 ... v_p20
> 05d_9
                               v_p2005e   ->   v_p2005e_1 v_p2005e_10 ... v_p20
> 05e_9
                              v_p2005f1   ->   v_p2005f1_1 v_p2005f1_10 ... v_p
> 2005f1_9
                              v_p2005f2   ->   v_p2005f2_1 v_p2005f2_10 ... v_p
> 2005f2_9
                              v_p2005f3   ->   v_p2005f3_1 v_p2005f3_10 ... v_p
> 2005f3_9
                              v_p2005f4   ->   v_p2005f4_1 v_p2005f4_10 ... v_p
> 2005f4_9
-----------------------------------------------------------------------------
.     duplicates drop conglome vivienda hogar codperso, force

Duplicates in terms of conglome vivienda hogar codperso

(0 observations are duplicates)
.     save "datos crudos/enaho02-2015-2000a_wide.dta", replace
file datos crudos/enaho02-2015-2000a_wide.dta saved
. }

. 
. capture confirm file "datos crudos/enaho02-2015-2100.dta"

. if _rc == 0 {
.     use "datos crudos/enaho02-2015-2100.dta", clear
. 
.     * --- Armonizacion de nombres (Typos INEI) ---
.     capture rename p713b15 p713b
.     capture rename p713d15 p713d
.     capture rename p713e15 p713e
.     capture rename factor_07 factor07
.     * --------------------------------------------
. 
.     * --- Estandarizacion extrema de llaves (Anti-Ceros y Espacios) ---
.     foreach var in conglome vivienda hogar codperso codinfor { 
  2.         capture confirm variable `var'
  3.         if _rc == 0 {
  4.             capture tostring `var', replace force
  5.             capture replace `var' = trim(`var')
  6.             capture destring `var', replace force
  7.         }
  8.     }
.     * -----------------------------------------------------------------
.     drop if missing(conglome) | missing(vivienda) | missing(hogar) | missing(
> codperso)
(0 observations deleted)
.     duplicates drop

Duplicates in terms of all variables

(0 observations are duplicates)
.     bysort conglome vivienda hogar codperso: gen num_cultivo = _n
.     tostring num_cultivo, generate(j_str)
j_str generated as str2
.     replace j_str = "_" + j_str
variable j_str was str2 now str3
(84,384 real changes made)
.     drop num_cultivo
. 
.     * --- Ahorro de Memoria: Borrado Quirúrgico ---
.     capture drop año
.     capture drop a?o
.     capture drop mes
.     capture drop nconglome
.     capture drop ubigeo
.     capture drop dominio
.     capture drop estrato
.     capture drop periodo
.     capture drop codinfor
.     capture drop factor*
.     capture drop factora*
.     * ---------------------------------------------
.     ds conglome vivienda hogar codperso j_str, not
p2100a    p21001b   p21002a1  p21002d   p21002f   p21002i   p21002l   p21002t
p2100b    p21001c   p21002b   p21002e   p21002g   p21002j   p21002m
p21001a   p21002a   p21002c   p21002e1  p21002h   p21002k   p21002n
.     local vars `r(varlist)'
.     foreach v of local vars {
  2.         rename `v' v_`v'
  3.     }
.     ds conglome vivienda hogar codperso j_str, not
v_p2100a    v_p21001c   v_p21002c   v_p21002f   v_p21002j   v_p21002n
v_p2100b    v_p21002a   v_p21002d   v_p21002g   v_p21002k   v_p21002t
v_p21001a   v_p21002a1  v_p21002e   v_p21002h   v_p21002l
v_p21001b   v_p21002b   v_p21002e1  v_p21002i   v_p21002m
.     local vars_wide `r(varlist)'
.     reshape wide `vars_wide', i(conglome vivienda hogar codperso) j(j_str) st
> ring
(j = _1 _10 _11 _12 _13 _14 _15 _16 _17 _18 _19 _2 _20 _21 _22 _23 _24 _25 _26 
> _27 _28 _29 _3 _30 _31 _32 _33 _34 _35 _36 _37 _38 _39 _4 _40 _41 _42 _43 _44
>  _45 _46 _47 _48 _5 _6 _7 _8 _9)

Data                               Long   ->   Wide
-----------------------------------------------------------------------------
Number of observations           84,384   ->   11,854      
Number of variables                  27   ->   1,060       
j variable (48 values)            j_str   ->   (dropped)
xij variables:
                               v_p2100a   ->   v_p2100a_1 v_p2100a_10 ... v_p21
> 00a_9
                               v_p2100b   ->   v_p2100b_1 v_p2100b_10 ... v_p21
> 00b_9
                              v_p21001a   ->   v_p21001a_1 v_p21001a_10 ... v_p
> 21001a_9
                              v_p21001b   ->   v_p21001b_1 v_p21001b_10 ... v_p
> 21001b_9
                              v_p21001c   ->   v_p21001c_1 v_p21001c_10 ... v_p
> 21001c_9
                              v_p21002a   ->   v_p21002a_1 v_p21002a_10 ... v_p
> 21002a_9
                             v_p21002a1   ->   v_p21002a1_1 v_p21002a1_10 ... v
> _p21002a1_9
                              v_p21002b   ->   v_p21002b_1 v_p21002b_10 ... v_p
> 21002b_9
                              v_p21002c   ->   v_p21002c_1 v_p21002c_10 ... v_p
> 21002c_9
                              v_p21002d   ->   v_p21002d_1 v_p21002d_10 ... v_p
> 21002d_9
                              v_p21002e   ->   v_p21002e_1 v_p21002e_10 ... v_p
> 21002e_9
                             v_p21002e1   ->   v_p21002e1_1 v_p21002e1_10 ... v
> _p21002e1_9
                              v_p21002f   ->   v_p21002f_1 v_p21002f_10 ... v_p
> 21002f_9
                              v_p21002g   ->   v_p21002g_1 v_p21002g_10 ... v_p
> 21002g_9
                              v_p21002h   ->   v_p21002h_1 v_p21002h_10 ... v_p
> 21002h_9
                              v_p21002i   ->   v_p21002i_1 v_p21002i_10 ... v_p
> 21002i_9
                              v_p21002j   ->   v_p21002j_1 v_p21002j_10 ... v_p
> 21002j_9
                              v_p21002k   ->   v_p21002k_1 v_p21002k_10 ... v_p
> 21002k_9
                              v_p21002l   ->   v_p21002l_1 v_p21002l_10 ... v_p
> 21002l_9
                              v_p21002m   ->   v_p21002m_1 v_p21002m_10 ... v_p
> 21002m_9
                              v_p21002n   ->   v_p21002n_1 v_p21002n_10 ... v_p
> 21002n_9
                              v_p21002t   ->   v_p21002t_1 v_p21002t_10 ... v_p
> 21002t_9
-----------------------------------------------------------------------------
.     duplicates drop conglome vivienda hogar codperso, force

Duplicates in terms of conglome vivienda hogar codperso

(0 observations are duplicates)
.     save "datos crudos/enaho02-2015-2100_wide.dta", replace
file datos crudos/enaho02-2015-2100_wide.dta saved
. }

. 
. capture confirm file "datos crudos/enaho02-2015-2200.dta"

. if _rc == 0 {
.     use "datos crudos/enaho02-2015-2200.dta", clear
. 
.     * --- Armonizacion de nombres (Typos INEI) ---
.     capture rename p713b15 p713b
.     capture rename p713d15 p713d
.     capture rename p713e15 p713e
.     capture rename factor_07 factor07
.     * --------------------------------------------
. 
.     * --- Estandarizacion extrema de llaves (Anti-Ceros y Espacios) ---
.     foreach var in conglome vivienda hogar codperso codinfor { 
  2.         capture confirm variable `var'
  3.         if _rc == 0 {
  4.             capture tostring `var', replace force
  5.             capture replace `var' = trim(`var')
  6.             capture destring `var', replace force
  7.         }
  8.     }
.     * -----------------------------------------------------------------
.     drop if missing(conglome) | missing(vivienda) | missing(hogar) | missing(
> codperso)
(0 observations deleted)
.     duplicates drop

Duplicates in terms of all variables

(0 observations are duplicates)
.     bysort conglome vivienda hogar codperso: gen num_subprod_agri = _n
.     tostring num_subprod_agri, generate(j_str)
j_str generated as str2
.     replace j_str = "_" + j_str
variable j_str was str2 now str3
(33,479 real changes made)
.     drop num_subprod_agri
. 
.     * --- Ahorro de Memoria: Borrado Quirúrgico ---
.     capture drop año
.     capture drop a?o
.     capture drop mes
.     capture drop nconglome
.     capture drop ubigeo
.     capture drop dominio
.     capture drop estrato
.     capture drop periodo
.     capture drop codinfor
.     capture drop factor*
.     capture drop factora*
.     * ---------------------------------------------
.     ds conglome vivienda hogar codperso j_str, not
p2200a    p22001a   p22001c   p22002a1  p22002c   p22002d   p22002f   p22002h
p2200b    p22001b   p22002a   p22002b   p22002c1  p22002e   p22002g   p22002t
.     local vars `r(varlist)'
.     foreach v of local vars {
  2.         rename `v' v_`v'
  3.     }
.     ds conglome vivienda hogar codperso j_str, not
v_p2200a    v_p22001b   v_p22002a1  v_p22002c1  v_p22002f   v_p22002t
v_p2200b    v_p22001c   v_p22002b   v_p22002d   v_p22002g
v_p22001a   v_p22002a   v_p22002c   v_p22002e   v_p22002h
.     local vars_wide `r(varlist)'
.     reshape wide `vars_wide', i(conglome vivienda hogar codperso) j(j_str) st
> ring
(j = _1 _10 _11 _12 _13 _14 _15 _2 _3 _4 _5 _6 _7 _8 _9)

Data                               Long   ->   Wide
-----------------------------------------------------------------------------
Number of observations           33,479   ->   8,089       
Number of variables                  21   ->   244         
j variable (15 values)            j_str   ->   (dropped)
xij variables:
                               v_p2200a   ->   v_p2200a_1 v_p2200a_10 ... v_p22
> 00a_9
                               v_p2200b   ->   v_p2200b_1 v_p2200b_10 ... v_p22
> 00b_9
                              v_p22001a   ->   v_p22001a_1 v_p22001a_10 ... v_p
> 22001a_9
                              v_p22001b   ->   v_p22001b_1 v_p22001b_10 ... v_p
> 22001b_9
                              v_p22001c   ->   v_p22001c_1 v_p22001c_10 ... v_p
> 22001c_9
                              v_p22002a   ->   v_p22002a_1 v_p22002a_10 ... v_p
> 22002a_9
                             v_p22002a1   ->   v_p22002a1_1 v_p22002a1_10 ... v
> _p22002a1_9
                              v_p22002b   ->   v_p22002b_1 v_p22002b_10 ... v_p
> 22002b_9
                              v_p22002c   ->   v_p22002c_1 v_p22002c_10 ... v_p
> 22002c_9
                             v_p22002c1   ->   v_p22002c1_1 v_p22002c1_10 ... v
> _p22002c1_9
                              v_p22002d   ->   v_p22002d_1 v_p22002d_10 ... v_p
> 22002d_9
                              v_p22002e   ->   v_p22002e_1 v_p22002e_10 ... v_p
> 22002e_9
                              v_p22002f   ->   v_p22002f_1 v_p22002f_10 ... v_p
> 22002f_9
                              v_p22002g   ->   v_p22002g_1 v_p22002g_10 ... v_p
> 22002g_9
                              v_p22002h   ->   v_p22002h_1 v_p22002h_10 ... v_p
> 22002h_9
                              v_p22002t   ->   v_p22002t_1 v_p22002t_10 ... v_p
> 22002t_9
-----------------------------------------------------------------------------
.     duplicates drop conglome vivienda hogar codperso, force

Duplicates in terms of conglome vivienda hogar codperso

(0 observations are duplicates)
.     save "datos crudos/enaho02-2015-2200_wide.dta", replace
file datos crudos/enaho02-2015-2200_wide.dta saved
. }

. 
. capture confirm file "datos crudos/enaho02-2015-2300.dta"

. if _rc == 0 {
.     use "datos crudos/enaho02-2015-2300.dta", clear
. 
.     * --- Armonizacion de nombres (Typos INEI) ---
.     capture rename p713b15 p713b
.     capture rename p713d15 p713d
.     capture rename p713e15 p713e
.     capture rename factor_07 factor07
.     * --------------------------------------------
. 
.     * --- Estandarizacion extrema de llaves (Anti-Ceros y Espacios) ---
.     foreach var in conglome vivienda hogar codperso codinfor { 
  2.         capture confirm variable `var'
  3.         if _rc == 0 {
  4.             capture tostring `var', replace force
  5.             capture replace `var' = trim(`var')
  6.             capture destring `var', replace force
  7.         }
  8.     }
.     * -----------------------------------------------------------------
.     drop if missing(conglome) | missing(vivienda) | missing(hogar) | missing(
> codperso)
(0 observations deleted)
.     duplicates drop

Duplicates in terms of all variables

(0 observations are duplicates)
.     bysort conglome vivienda hogar codperso: gen num_forestal = _n
.     tostring num_forestal, generate(j_str)
j_str generated as str1
.     replace j_str = "_" + j_str
variable j_str was str1 now str2
(9,801 real changes made)
.     drop num_forestal
. 
.     * --- Ahorro de Memoria: Borrado Quirúrgico ---
.     capture drop año
.     capture drop a?o
.     capture drop mes
.     capture drop nconglome
.     capture drop ubigeo
.     capture drop dominio
.     capture drop estrato
.     capture drop periodo
.     capture drop codinfor
.     capture drop factor*
.     capture drop factora*
.     * ---------------------------------------------
.     ds conglome vivienda hogar codperso j_str, not
p2300a   p2300b   p23001   p23002a  p23002b  p23002c  p23002t
.     local vars `r(varlist)'
.     foreach v of local vars {
  2.         rename `v' v_`v'
  3.     }
.     ds conglome vivienda hogar codperso j_str, not
v_p2300a   v_p2300b   v_p23001   v_p23002a  v_p23002b  v_p23002c  v_p23002t
.     local vars_wide `r(varlist)'
.     reshape wide `vars_wide', i(conglome vivienda hogar codperso) j(j_str) st
> ring
(j = _1 _2 _3 _4 _5 _6 _7 _8)

Data                               Long   ->   Wide
-----------------------------------------------------------------------------
Number of observations            9,801   ->   3,888       
Number of variables                  12   ->   60          
j variable (8 values)             j_str   ->   (dropped)
xij variables:
                               v_p2300a   ->   v_p2300a_1 v_p2300a_2 ... v_p230
> 0a_8
                               v_p2300b   ->   v_p2300b_1 v_p2300b_2 ... v_p230
> 0b_8
                               v_p23001   ->   v_p23001_1 v_p23001_2 ... v_p230
> 01_8
                              v_p23002a   ->   v_p23002a_1 v_p23002a_2 ... v_p2
> 3002a_8
                              v_p23002b   ->   v_p23002b_1 v_p23002b_2 ... v_p2
> 3002b_8
                              v_p23002c   ->   v_p23002c_1 v_p23002c_2 ... v_p2
> 3002c_8
                              v_p23002t   ->   v_p23002t_1 v_p23002t_2 ... v_p2
> 3002t_8
-----------------------------------------------------------------------------
.     duplicates drop conglome vivienda hogar codperso, force

Duplicates in terms of conglome vivienda hogar codperso

(0 observations are duplicates)
.     save "datos crudos/enaho02-2015-2300_wide.dta", replace
file datos crudos/enaho02-2015-2300_wide.dta saved
. }

. 
. capture confirm file "datos crudos/enaho02-2015-2500.dta"

. if _rc == 0 {
.     use "datos crudos/enaho02-2015-2500.dta", clear
. 
.     * --- Armonizacion de nombres (Typos INEI) ---
.     capture rename p713b15 p713b
.     capture rename p713d15 p713d
.     capture rename p713e15 p713e
.     capture rename factor_07 factor07
.     * --------------------------------------------
. 
.     * --- Estandarizacion extrema de llaves (Anti-Ceros y Espacios) ---
.     foreach var in conglome vivienda hogar codperso codinfor { 
  2.         capture confirm variable `var'
  3.         if _rc == 0 {
  4.             capture tostring `var', replace force
  5.             capture replace `var' = trim(`var')
  6.             capture destring `var', replace force
  7.         }
  8.     }
.     * -----------------------------------------------------------------
.     drop if missing(conglome) | missing(vivienda) | missing(hogar) | missing(
> codperso)
(0 observations deleted)
.     duplicates drop

Duplicates in terms of all variables

(0 observations are duplicates)
.     bysort conglome vivienda hogar codperso: gen num_pecuario = _n
.     tostring num_pecuario, generate(j_str)
j_str generated as str2
.     replace j_str = "_" + j_str
variable j_str was str2 now str3
(44,517 real changes made)
.     drop num_pecuario
. 
.     * --- Ahorro de Memoria: Borrado Quirúrgico ---
.     capture drop año
.     capture drop a?o
.     capture drop mes
.     capture drop nconglome
.     capture drop ubigeo
.     capture drop dominio
.     capture drop estrato
.     capture drop periodo
.     capture drop codinfor
.     capture drop factor*
.     capture drop factora*
.     * ---------------------------------------------
.     ds conglome vivienda hogar codperso j_str, not
p2500a    p25002a2  p25002d1  p25002g1  p25002i2  p25002l1  p25002o1
p2500b    p25002b1  p25002d2  p25002g2  p25002j1  p25002l2  p25002o2
p25001a   p25002b2  p25002e1  p25002h1  p25002j2  p25002m1  p25002o3
p25001b   p25002c1  p25002e2  p25002h2  p25002k1  p25002m2  p25002t
p25002a1  p25002c2  p25002f1  p25002i1  p25002k2  p25002n1
.     local vars `r(varlist)'
.     foreach v of local vars {
  2.         rename `v' v_`v'
  3.     }
.     ds conglome vivienda hogar codperso j_str, not
v_p2500a    v_p25002b1  v_p25002e1  v_p25002h2  v_p25002k2  v_p25002o1
v_p2500b    v_p25002b2  v_p25002e2  v_p25002i1  v_p25002l1  v_p25002o2
v_p25001a   v_p25002c1  v_p25002f1  v_p25002i2  v_p25002l2  v_p25002o3
v_p25001b   v_p25002c2  v_p25002g1  v_p25002j1  v_p25002m1  v_p25002t
v_p25002a1  v_p25002d1  v_p25002g2  v_p25002j2  v_p25002m2
v_p25002a2  v_p25002d2  v_p25002h1  v_p25002k1  v_p25002n1
.     local vars_wide `r(varlist)'
.     reshape wide `vars_wide', i(conglome vivienda hogar codperso) j(j_str) st
> ring
(j = _1 _10 _2 _3 _4 _5 _6 _7 _8 _9)

Data                               Long   ->   Wide
-----------------------------------------------------------------------------
Number of observations           44,517   ->   11,828      
Number of variables                  39   ->   344         
j variable (10 values)            j_str   ->   (dropped)
xij variables:
                               v_p2500a   ->   v_p2500a_1 v_p2500a_10 ... v_p25
> 00a_9
                               v_p2500b   ->   v_p2500b_1 v_p2500b_10 ... v_p25
> 00b_9
                              v_p25001a   ->   v_p25001a_1 v_p25001a_10 ... v_p
> 25001a_9
                              v_p25001b   ->   v_p25001b_1 v_p25001b_10 ... v_p
> 25001b_9
                             v_p25002a1   ->   v_p25002a1_1 v_p25002a1_10 ... v
> _p25002a1_9
                             v_p25002a2   ->   v_p25002a2_1 v_p25002a2_10 ... v
> _p25002a2_9
                             v_p25002b1   ->   v_p25002b1_1 v_p25002b1_10 ... v
> _p25002b1_9
                             v_p25002b2   ->   v_p25002b2_1 v_p25002b2_10 ... v
> _p25002b2_9
                             v_p25002c1   ->   v_p25002c1_1 v_p25002c1_10 ... v
> _p25002c1_9
                             v_p25002c2   ->   v_p25002c2_1 v_p25002c2_10 ... v
> _p25002c2_9
                             v_p25002d1   ->   v_p25002d1_1 v_p25002d1_10 ... v
> _p25002d1_9
                             v_p25002d2   ->   v_p25002d2_1 v_p25002d2_10 ... v
> _p25002d2_9
                             v_p25002e1   ->   v_p25002e1_1 v_p25002e1_10 ... v
> _p25002e1_9
                             v_p25002e2   ->   v_p25002e2_1 v_p25002e2_10 ... v
> _p25002e2_9
                             v_p25002f1   ->   v_p25002f1_1 v_p25002f1_10 ... v
> _p25002f1_9
                             v_p25002g1   ->   v_p25002g1_1 v_p25002g1_10 ... v
> _p25002g1_9
                             v_p25002g2   ->   v_p25002g2_1 v_p25002g2_10 ... v
> _p25002g2_9
                             v_p25002h1   ->   v_p25002h1_1 v_p25002h1_10 ... v
> _p25002h1_9
                             v_p25002h2   ->   v_p25002h2_1 v_p25002h2_10 ... v
> _p25002h2_9
                             v_p25002i1   ->   v_p25002i1_1 v_p25002i1_10 ... v
> _p25002i1_9
                             v_p25002i2   ->   v_p25002i2_1 v_p25002i2_10 ... v
> _p25002i2_9
                             v_p25002j1   ->   v_p25002j1_1 v_p25002j1_10 ... v
> _p25002j1_9
                             v_p25002j2   ->   v_p25002j2_1 v_p25002j2_10 ... v
> _p25002j2_9
                             v_p25002k1   ->   v_p25002k1_1 v_p25002k1_10 ... v
> _p25002k1_9
                             v_p25002k2   ->   v_p25002k2_1 v_p25002k2_10 ... v
> _p25002k2_9
                             v_p25002l1   ->   v_p25002l1_1 v_p25002l1_10 ... v
> _p25002l1_9
                             v_p25002l2   ->   v_p25002l2_1 v_p25002l2_10 ... v
> _p25002l2_9
                             v_p25002m1   ->   v_p25002m1_1 v_p25002m1_10 ... v
> _p25002m1_9
                             v_p25002m2   ->   v_p25002m2_1 v_p25002m2_10 ... v
> _p25002m2_9
                             v_p25002n1   ->   v_p25002n1_1 v_p25002n1_10 ... v
> _p25002n1_9
                             v_p25002o1   ->   v_p25002o1_1 v_p25002o1_10 ... v
> _p25002o1_9
                             v_p25002o2   ->   v_p25002o2_1 v_p25002o2_10 ... v
> _p25002o2_9
                             v_p25002o3   ->   v_p25002o3_1 v_p25002o3_10 ... v
> _p25002o3_9
                              v_p25002t   ->   v_p25002t_1 v_p25002t_10 ... v_p
> 25002t_9
-----------------------------------------------------------------------------
.     duplicates drop conglome vivienda hogar codperso, force

Duplicates in terms of conglome vivienda hogar codperso

(0 observations are duplicates)
.     save "datos crudos/enaho02-2015-2500_wide.dta", replace
file datos crudos/enaho02-2015-2500_wide.dta saved
. }

. 
. capture confirm file "datos crudos/enaho02-2015-2600.dta"

. if _rc == 0 {
.     use "datos crudos/enaho02-2015-2600.dta", clear
. 
.     * --- Armonizacion de nombres (Typos INEI) ---
.     capture rename p713b15 p713b
.     capture rename p713d15 p713d
.     capture rename p713e15 p713e
.     capture rename factor_07 factor07
.     * --------------------------------------------
. 
.     * --- Estandarizacion extrema de llaves (Anti-Ceros y Espacios) ---
.     foreach var in conglome vivienda hogar codperso codinfor { 
  2.         capture confirm variable `var'
  3.         if _rc == 0 {
  4.             capture tostring `var', replace force
  5.             capture replace `var' = trim(`var')
  6.             capture destring `var', replace force
  7.         }
  8.     }
.     * -----------------------------------------------------------------
.     drop if missing(conglome) | missing(vivienda) | missing(hogar) | missing(
> codperso)
(0 observations deleted)
.     duplicates drop

Duplicates in terms of all variables

(0 observations are duplicates)
.     bysort conglome vivienda hogar codperso: gen num_subprod_pec = _n
.     tostring num_subprod_pec, generate(j_str)
j_str generated as str2
.     replace j_str = "_" + j_str
variable j_str was str2 now str3
(30,863 real changes made)
.     drop num_subprod_pec
. 
.     * --- Ahorro de Memoria: Borrado Quirúrgico ---
.     capture drop año
.     capture drop a?o
.     capture drop mes
.     capture drop nconglome
.     capture drop ubigeo
.     capture drop dominio
.     capture drop estrato
.     capture drop periodo
.     capture drop codinfor
.     capture drop factor*
.     capture drop factora*
.     * ---------------------------------------------
.     ds conglome vivienda hogar codperso j_str, not
p2600a   p26001a  p26001c  p26002b  p26002d  p26002f  p26002h
p2600b   p26001b  p26002a  p26002c  p26002e  p26002g  p26002t
.     local vars `r(varlist)'
.     foreach v of local vars {
  2.         rename `v' v_`v'
  3.     }
.     ds conglome vivienda hogar codperso j_str, not
v_p2600a   v_p26001a  v_p26001c  v_p26002b  v_p26002d  v_p26002f  v_p26002h
v_p2600b   v_p26001b  v_p26002a  v_p26002c  v_p26002e  v_p26002g  v_p26002t
.     local vars_wide `r(varlist)'
.     reshape wide `vars_wide', i(conglome vivienda hogar codperso) j(j_str) st
> ring
(j = _1 _10 _11 _12 _2 _3 _4 _5 _6 _7 _8 _9)

Data                               Long   ->   Wide
-----------------------------------------------------------------------------
Number of observations           30,863   ->   9,961       
Number of variables                  19   ->   172         
j variable (12 values)            j_str   ->   (dropped)
xij variables:
                               v_p2600a   ->   v_p2600a_1 v_p2600a_10 ... v_p26
> 00a_9
                               v_p2600b   ->   v_p2600b_1 v_p2600b_10 ... v_p26
> 00b_9
                              v_p26001a   ->   v_p26001a_1 v_p26001a_10 ... v_p
> 26001a_9
                              v_p26001b   ->   v_p26001b_1 v_p26001b_10 ... v_p
> 26001b_9
                              v_p26001c   ->   v_p26001c_1 v_p26001c_10 ... v_p
> 26001c_9
                              v_p26002a   ->   v_p26002a_1 v_p26002a_10 ... v_p
> 26002a_9
                              v_p26002b   ->   v_p26002b_1 v_p26002b_10 ... v_p
> 26002b_9
                              v_p26002c   ->   v_p26002c_1 v_p26002c_10 ... v_p
> 26002c_9
                              v_p26002d   ->   v_p26002d_1 v_p26002d_10 ... v_p
> 26002d_9
                              v_p26002e   ->   v_p26002e_1 v_p26002e_10 ... v_p
> 26002e_9
                              v_p26002f   ->   v_p26002f_1 v_p26002f_10 ... v_p
> 26002f_9
                              v_p26002g   ->   v_p26002g_1 v_p26002g_10 ... v_p
> 26002g_9
                              v_p26002h   ->   v_p26002h_1 v_p26002h_10 ... v_p
> 26002h_9
                              v_p26002t   ->   v_p26002t_1 v_p26002t_10 ... v_p
> 26002t_9
-----------------------------------------------------------------------------
.     duplicates drop conglome vivienda hogar codperso, force

Duplicates in terms of conglome vivienda hogar codperso

(0 observations are duplicates)
.     save "datos crudos/enaho02-2015-2600_wide.dta", replace
file datos crudos/enaho02-2015-2600_wide.dta saved
. }

. 
. capture confirm file "datos crudos/enaho02-2015-2000.dta"

. if _rc == 0 {
.     use "datos crudos/enaho02-2015-2000.dta", clear
. 
.     * --- Armonizacion de nombres (Typos INEI) ---
.     capture rename p713b15 p713b
.     capture rename p713d15 p713d
.     capture rename p713e15 p713e
.     capture rename factor_07 factor07
.     * --------------------------------------------
. 
.     * --- Estandarizacion extrema de llaves (Anti-Ceros y Espacios) ---
.     foreach var in conglome vivienda hogar codperso codinfor { 
  2.         capture confirm variable `var'
  3.         if _rc == 0 {
  4.             capture tostring `var', replace force
  5.             capture replace `var' = trim(`var')
  6.             capture destring `var', replace force
  7.         }
  8.     }
.     * -----------------------------------------------------------------
. 
.     * --- Ahorro de Memoria: Borrado Quirúrgico ---
.     capture drop año
.     capture drop a?o
.     capture drop mes
.     capture drop nconglome
.     capture drop ubigeo
.     capture drop dominio
.     capture drop estrato
.     capture drop periodo
.     capture drop codinfor
.     capture drop factor*
.     capture drop factora*
.     * ---------------------------------------------
.     drop if missing(conglome) | missing(vivienda) | missing(hogar) | missing(
> codperso)
(0 observations deleted)
.     duplicates drop conglome vivienda hogar codperso, force

Duplicates in terms of conglome vivienda hogar codperso

(0 observations are duplicates)
.     save "datos crudos/enaho02-2015-2000_clean.dta", replace
file datos crudos/enaho02-2015-2000_clean.dta saved
. }

. 
. capture confirm file "datos crudos/enaho02-2015-2400.dta"

. if _rc == 0 {
.     use "datos crudos/enaho02-2015-2400.dta", clear
. 
.     * --- Armonizacion de nombres (Typos INEI) ---
.     capture rename p713b15 p713b
.     capture rename p713d15 p713d
.     capture rename p713e15 p713e
.     capture rename factor_07 factor07
.     * --------------------------------------------
. 
.     * --- Estandarizacion extrema de llaves (Anti-Ceros y Espacios) ---
.     foreach var in conglome vivienda hogar codperso codinfor { 
  2.         capture confirm variable `var'
  3.         if _rc == 0 {
  4.             capture tostring `var', replace force
  5.             capture replace `var' = trim(`var')
  6.             capture destring `var', replace force
  7.         }
  8.     }
.     * -----------------------------------------------------------------
. 
.     * --- Ahorro de Memoria: Borrado Quirúrgico ---
.     capture drop año
.     capture drop a?o
.     capture drop mes
.     capture drop nconglome
.     capture drop ubigeo
.     capture drop dominio
.     capture drop estrato
.     capture drop periodo
.     capture drop codinfor
.     capture drop factor*
.     capture drop factora*
.     * ---------------------------------------------
.     drop if missing(conglome) | missing(vivienda) | missing(hogar) | missing(
> codperso)
(0 observations deleted)
.     duplicates drop conglome vivienda hogar codperso, force

Duplicates in terms of conglome vivienda hogar codperso

(0 observations are duplicates)
.     save "datos crudos/enaho02-2015-2400_clean.dta", replace
file datos crudos/enaho02-2015-2400_clean.dta saved
. }

. 
. capture confirm file "datos crudos/enaho02-2015-2700.dta"

. if _rc == 0 {
.     use "datos crudos/enaho02-2015-2700.dta", clear
. 
.     * --- Armonizacion de nombres (Typos INEI) ---
.     capture rename p713b15 p713b
.     capture rename p713d15 p713d
.     capture rename p713e15 p713e
.     capture rename factor_07 factor07
.     * --------------------------------------------
. 
.     * --- Estandarizacion extrema de llaves (Anti-Ceros y Espacios) ---
.     foreach var in conglome vivienda hogar codperso codinfor { 
  2.         capture confirm variable `var'
  3.         if _rc == 0 {
  4.             capture tostring `var', replace force
  5.             capture replace `var' = trim(`var')
  6.             capture destring `var', replace force
  7.         }
  8.     }
.     * -----------------------------------------------------------------
. 
.     * --- Ahorro de Memoria: Borrado Quirúrgico ---
.     capture drop año
.     capture drop a?o
.     capture drop mes
.     capture drop nconglome
.     capture drop ubigeo
.     capture drop dominio
.     capture drop estrato
.     capture drop periodo
.     capture drop codinfor
.     capture drop factor*
.     capture drop factora*
.     * ---------------------------------------------
.     drop if missing(conglome) | missing(vivienda) | missing(hogar) | missing(
> codperso)
(0 observations deleted)
.     duplicates drop conglome vivienda hogar codperso, force

Duplicates in terms of conglome vivienda hogar codperso

(0 observations are duplicates)
.     save "datos crudos/enaho02-2015-2700_clean.dta", replace
file datos crudos/enaho02-2015-2700_clean.dta saved
. }

. 
. use "datos crudos/enaho01-2015-200.dta", clear

. 
.     * --- Estandarizacion extrema de llaves (Anti-Ceros y Espacios) ---
.     foreach var in conglome vivienda hogar codperso codinfor { 
  2.         capture confirm variable `var'
  3.         if _rc == 0 {
  4.             capture tostring `var', replace force
  5.             capture replace `var' = trim(`var')
  6.             capture destring `var', replace force
  7.         }
  8.     }

.     * -----------------------------------------------------------------
. drop if missing(conglome) | missing(vivienda) | missing(hogar) | missing(codp
> erso)
(0 observations deleted)

. duplicates drop conglome vivienda hogar codperso, force

Duplicates in terms of conglome vivienda hogar codperso

(0 observations are duplicates)

. 
. capture confirm file "datos crudos/enaho01a-2015-300_clean.dta"

. if _rc == 0 {
.     merge 1:1 conglome vivienda hogar codperso using "datos crudos/enaho01a-2
> 015-300_clean.dta", force
(label p209 already defined)
(label p207 already defined)
(label p206 already defined)
(label p205 already defined)
(label p204 already defined)
(label p203 already defined)

    Result                      Number of obs
    -----------------------------------------
    Not matched                        13,869
        from master                    13,869  (_merge==1)
        from using                          0  (_merge==2)

    Matched                           113,605  (_merge==3)
    -----------------------------------------
.     drop if _merge == 2
(0 observations deleted)
.     drop _merge
. }

. capture confirm file "datos crudos/enaho01a-2015-400_clean.dta"

. if _rc == 0 {
.     merge 1:1 conglome vivienda hogar codperso using "datos crudos/enaho01a-2
> 015-400_clean.dta", force
(label p203 already defined)
(label p204 already defined)
(label p205 already defined)
(label p206 already defined)
(label p207 already defined)
(label p209 already defined)
(label p301a already defined)
(label ticuest01a already defined)

    Result                      Number of obs
    -----------------------------------------
    Not matched                         7,959
        from master                     7,959  (_merge==1)
        from using                          0  (_merge==2)

    Matched                           119,515  (_merge==3)
    -----------------------------------------
.     drop if _merge == 2
(0 observations deleted)
.     drop _merge
. }

. capture confirm file "datos crudos/enaho01a-2015-500_clean.dta"

. if _rc == 0 {
.     merge 1:1 conglome vivienda hogar codperso using "datos crudos/enaho01a-2
> 015-500_clean.dta", force
(label p203 already defined)
(label p204 already defined)
(label p205 already defined)
(label p206 already defined)
(label p207 already defined)
(label p209 already defined)
(label p301a already defined)
(label ticuest01a already defined)
(label LABB already defined)

    Result                      Number of obs
    -----------------------------------------
    Not matched                        39,390
        from master                    39,390  (_merge==1)
        from using                          0  (_merge==2)

    Matched                            88,084  (_merge==3)
    -----------------------------------------
.     drop if _merge == 2
(0 observations deleted)
.     drop _merge
. }

. capture confirm file "datos crudos/enaho01b-2015-1_clean.dta"

. if _rc == 0 {
.     merge 1:1 conglome vivienda hogar codperso using "datos crudos/enaho01b-2
> 015-1_clean.dta", force

    Result                      Number of obs
    -----------------------------------------
    Not matched                        95,286
        from master                    95,286  (_merge==1)
        from using                          0  (_merge==2)

    Matched                            32,188  (_merge==3)
    -----------------------------------------
.     drop if _merge == 2
(0 observations deleted)
.     drop _merge
. }

. capture confirm file "datos crudos/enaho01b-2015-2_clean.dta"

. if _rc == 0 {
.     merge 1:1 conglome vivienda hogar codperso using "datos crudos/enaho01b-2
> 015-2_clean.dta", force
(label ticuest01b already defined)

    Result                      Number of obs
    -----------------------------------------
    Not matched                        95,286
        from master                    95,286  (_merge==1)
        from using                          0  (_merge==2)

    Matched                            32,188  (_merge==3)
    -----------------------------------------
.     drop if _merge == 2
(0 observations deleted)
.     drop _merge
. }

. capture confirm file "datos crudos/enaho01b-2015-3_clean.dta"

. if _rc == 0 {
.     merge 1:1 conglome vivienda hogar codperso using "datos crudos/enaho01b-2
> 015-3_clean.dta", force
.     drop if _merge == 2
.     drop _merge
. }

. capture confirm file "datos crudos/enaho01-2015-700a_wide.dta"

. if _rc == 0 {
.     merge 1:1 conglome vivienda hogar codperso using "datos crudos/enaho01-20
> 15-700a_wide.dta", force

    Result                      Number of obs
    -----------------------------------------
    Not matched                       109,273
        from master                   109,273  (_merge==1)
        from using                          0  (_merge==2)

    Matched                            18,201  (_merge==3)
    -----------------------------------------
.     drop if _merge == 2
(0 observations deleted)
.     drop _merge
. }

. capture confirm file "datos crudos/enaho01-2015-700b_wide.dta"

. if _rc == 0 {
.     merge 1:1 conglome vivienda hogar codperso using "datos crudos/enaho01-20
> 15-700b_wide.dta", force

    Result                      Number of obs
    -----------------------------------------
    Not matched                       115,406
        from master                   115,406  (_merge==1)
        from using                          0  (_merge==2)

    Matched                            12,068  (_merge==3)
    -----------------------------------------
.     drop if _merge == 2
(0 observations deleted)
.     drop _merge
. }

. capture confirm file "datos crudos/enaho02-2015-2000_clean.dta"

. if _rc == 0 {
.     merge 1:1 conglome vivienda hogar codperso using "datos crudos/enaho02-20
> 15-2000_clean.dta", force

    Result                      Number of obs
    -----------------------------------------
    Not matched                       113,919
        from master                   113,919  (_merge==1)
        from using                          0  (_merge==2)

    Matched                            13,555  (_merge==3)
    -----------------------------------------
.     drop if _merge == 2
(0 observations deleted)
.     drop _merge
. }

. capture confirm file "datos crudos/enaho02-2015-2000a_wide.dta"

. if _rc == 0 {
.     merge 1:1 conglome vivienda hogar codperso using "datos crudos/enaho02-20
> 15-2000a_wide.dta", force

    Result                      Number of obs
    -----------------------------------------
    Not matched                       115,443
        from master                   115,443  (_merge==1)
        from using                          0  (_merge==2)

    Matched                            12,031  (_merge==3)
    -----------------------------------------
.     drop if _merge == 2
(0 observations deleted)
.     drop _merge
. }

. capture confirm file "datos crudos/enaho02-2015-2100_wide.dta"

. if _rc == 0 {
.     merge 1:1 conglome vivienda hogar codperso using "datos crudos/enaho02-20
> 15-2100_wide.dta", force

    Result                      Number of obs
    -----------------------------------------
    Not matched                       115,620
        from master                   115,620  (_merge==1)
        from using                          0  (_merge==2)

    Matched                            11,854  (_merge==3)
    -----------------------------------------
.     drop if _merge == 2
(0 observations deleted)
.     drop _merge
. }

. capture confirm file "datos crudos/enaho02-2015-2200_wide.dta"

. if _rc == 0 {
.     merge 1:1 conglome vivienda hogar codperso using "datos crudos/enaho02-20
> 15-2200_wide.dta", force

    Result                      Number of obs
    -----------------------------------------
    Not matched                       119,385
        from master                   119,385  (_merge==1)
        from using                          0  (_merge==2)

    Matched                             8,089  (_merge==3)
    -----------------------------------------
.     drop if _merge == 2
(0 observations deleted)
.     drop _merge
. }

. capture confirm file "datos crudos/enaho02-2015-2300_wide.dta"

. if _rc == 0 {
.     merge 1:1 conglome vivienda hogar codperso using "datos crudos/enaho02-20
> 15-2300_wide.dta", force

    Result                      Number of obs
    -----------------------------------------
    Not matched                       123,586
        from master                   123,586  (_merge==1)
        from using                          0  (_merge==2)

    Matched                             3,888  (_merge==3)
    -----------------------------------------
.     drop if _merge == 2
(0 observations deleted)
.     drop _merge
. }

. capture confirm file "datos crudos/enaho02-2015-2400_clean.dta"

. if _rc == 0 {
.     merge 1:1 conglome vivienda hogar codperso using "datos crudos/enaho02-20
> 15-2400_clean.dta", force

    Result                      Number of obs
    -----------------------------------------
    Not matched                       115,561
        from master                   115,561  (_merge==1)
        from using                          0  (_merge==2)

    Matched                            11,913  (_merge==3)
    -----------------------------------------
.     drop if _merge == 2
(0 observations deleted)
.     drop _merge
. }

. capture confirm file "datos crudos/enaho02-2015-2500_wide.dta"

. if _rc == 0 {
.     merge 1:1 conglome vivienda hogar codperso using "datos crudos/enaho02-20
> 15-2500_wide.dta", force

    Result                      Number of obs
    -----------------------------------------
    Not matched                       115,646
        from master                   115,646  (_merge==1)
        from using                          0  (_merge==2)

    Matched                            11,828  (_merge==3)
    -----------------------------------------
.     drop if _merge == 2
(0 observations deleted)
.     drop _merge
. }

. capture confirm file "datos crudos/enaho02-2015-2600_wide.dta"

. if _rc == 0 {
.     merge 1:1 conglome vivienda hogar codperso using "datos crudos/enaho02-20
> 15-2600_wide.dta", force

    Result                      Number of obs
    -----------------------------------------
    Not matched                       117,513
        from master                   117,513  (_merge==1)
        from using                          0  (_merge==2)

    Matched                             9,961  (_merge==3)
    -----------------------------------------
.     drop if _merge == 2
(0 observations deleted)
.     drop _merge
. }

. capture confirm file "datos crudos/enaho02-2015-2700_clean.dta"

. if _rc == 0 {
.     merge 1:1 conglome vivienda hogar codperso using "datos crudos/enaho02-20
> 15-2700_clean.dta", force

    Result                      Number of obs
    -----------------------------------------
    Not matched                       116,058
        from master                   116,058  (_merge==1)
        from using                          0  (_merge==2)

    Matched                            11,416  (_merge==3)
    -----------------------------------------
.     drop if _merge == 2
(0 observations deleted)
.     drop _merge
. }

. save "datos crudos/temp_personas_2015.dta", replace
file datos crudos/temp_personas_2015.dta saved

. 
. use "datos crudos/temp_personas_2015.dta", clear

. capture confirm file "datos crudos/enaho01-2015-100_clean.dta"

. if _rc == 0 {
.     merge m:1 conglome vivienda hogar using "datos crudos/enaho01-2015-100_cl
> ean.dta", force
(label p501 already defined)
(label p502 already defined)
(label p503 already defined)
(label p504 already defined)
(label p5041 already defined)
(label p5042 already defined)
(label p5043 already defined)
(label p5044 already defined)
(label p5045 already defined)
(label p5046 already defined)
(label p5047 already defined)
(label p5048 already defined)
(label p5049 already defined)
(label p50410 already defined)
(label p50411 already defined)
(label p507 already defined)
(label p508 already defined)
(label p509 already defined)
(label p510 already defined)
(label p510a1 already defined)
(label p510b already defined)
(label p5111 already defined)
(label p5112 already defined)
(label p5113 already defined)
(label p5114 already defined)
(label p5115 already defined)
(label p5116 already defined)
(label p5117 already defined)
(label p5118 already defined)
(label p5119 already defined)
(label p51110 already defined)
(label p51111 already defined)
(label p51112 already defined)
(label p511a already defined)
(label p512a already defined)
(label p513 already defined)
(label p514 already defined)
(label p5151 already defined)
(label p5152 already defined)
(label p5153 already defined)
(label p5154 already defined)
(label p5155 already defined)
(label p5156 already defined)
(label p5157 already defined)
(label p5158 already defined)
(label p5159 already defined)
(label p51510 already defined)
(label p51511 already defined)
(label p517 already defined)
(label p517a already defined)
(label p517b1 already defined)
(label p517c already defined)
(label p517d1 already defined)
(label p519 already defined)
(label p520a already defined)
(label p521 already defined)
(label p521a already defined)
(label p521c already defined)
(label p521d already defined)
(label p523 already defined)
(label p524a2 already defined)
(label p524b2 already defined)
(label p524c2 already defined)
(label p524d2 already defined)
(label p524e2 already defined)
(label p528 already defined)
(label p5291a already defined)
(label p5291c already defined)
(label p5292a already defined)
(label p5292c already defined)
(label p5293a already defined)
(label p5293c already defined)
(label p5294a already defined)
(label p5294c already defined)
(label p5295a already defined)
(label p5295c already defined)
(label p5296a already defined)
(label p5296c already defined)
(label p5297a already defined)
(label p530b already defined)
(label p535 already defined)
(label p5371 already defined)
(label p5372 already defined)
(label p5373 already defined)
(label p5374 already defined)
(label p5375 already defined)
(label p5376 already defined)
(label p5377 already defined)
(label p5378 already defined)
(label p5379 already defined)
(label p53710 already defined)
(label p53711 already defined)
(label p53712 already defined)
(label p538a2 already defined)
(label p538b2 already defined)
(label p538c2 already defined)
(label p538d2 already defined)
(label p539 already defined)
(label p5401a already defined)
(label p5401c already defined)
(label p5402a already defined)
(label p5402c already defined)
(label p5403a already defined)
(label p5403c already defined)
(label p5404a already defined)
(label p5404c already defined)
(label p5405a already defined)
(label p5405c already defined)
(label p5406a already defined)
(label p5406c already defined)
(label p5407a already defined)
(label p541b already defined)
(label p542 already defined)
(label p5441a already defined)
(label p5442a already defined)
(label p5443a already defined)
(label p5444a already defined)
(label p5445a already defined)
(label p5446a already defined)
(label p5447a already defined)
(label p5448a already defined)
(label p545 already defined)
(label p546 already defined)
(label p547 already defined)
(label p548 already defined)
(label p549 already defined)
(label p550 already defined)
(label p552 already defined)
(label p555 already defined)
(label p5561a already defined)
(label p5561b already defined)
(label p5561d already defined)
(label p5562a already defined)
(label p5562b already defined)
(label p5562d already defined)
(label p5563a already defined)
(label p5563b already defined)
(label p5563c1 already defined)
(label p5563d already defined)
(label p5563f already defined)
(label p5563g already defined)
(label p5564a already defined)
(label p5564b already defined)
(label p5564d already defined)
(label p5565a already defined)
(label p5565b already defined)
(label p5565d already defined)
(label p5566a already defined)
(label p5566b already defined)
(label p5566d already defined)
(label p5567a already defined)
(label p5567b already defined)
(label p5567d already defined)
(label p5568a already defined)
(label p5568b already defined)
(label p5568d already defined)
(label p5569b already defined)
(label p5569d already defined)
(label p5571a already defined)
(label p5571b already defined)
(label p5572a already defined)
(label p5572b already defined)
(label p5573a already defined)
(label p5573b already defined)
(label p5574a already defined)
(label p5574b already defined)
(label p5575a already defined)
(label p5575b already defined)
(label p5576a already defined)
(label p5576b already defined)
(label p5577a already defined)
(label p5577b already defined)
(label p5578a already defined)
(label p5578b already defined)
(label p5581a already defined)
(label p5582a already defined)
(label p5583a already defined)
(label p5584a already defined)
(label p5585a already defined)
(label p5586a already defined)
(label p5587a already defined)
(label p558a1 already defined)
(label p558a2 already defined)
(label p558a3 already defined)
(label p558a4 already defined)
(label p558a5 already defined)
(label p558b3 already defined)
(label p558c already defined)
(label p558d already defined)
(label p558e1 already defined)
(label p558e2 already defined)
(label p558e3 already defined)
(label p558e4 already defined)
(label p558e5 already defined)
(label p558e6 already defined)
(label p558f already defined)
(label p558g1 already defined)
(label p558g2 already defined)
(label p558g3 already defined)
(label p558g4 already defined)
(label p558g5 already defined)
(label p558h1_1 already defined)
(label p558h1_2 already defined)
(label p558h1_3 already defined)
(label p558h1_4 already defined)
(label p558h1_5 already defined)
(label p558h1_6 already defined)
(label p558h2_1 already defined)
(label p558h2_2 already defined)
(label p558h2_3 already defined)
(label p558h2_4 already defined)
(label p558h2_5 already defined)
(label p558h2_6 already defined)
(label p558h3_1 already defined)
(label p558h3_2 already defined)
(label p558h3_3 already defined)
(label p558h3_4 already defined)
(label p558h3_5 already defined)
(label p558h3_6 already defined)
(label p558h4_1 already defined)
(label p558h4_2 already defined)
(label p558h4_3 already defined)
(label p558h4_4 already defined)
(label p558h4_5 already defined)
(label p558h4_6 already defined)
(label p558h5_1 already defined)
(label p558h5_2 already defined)
(label p558h5_3 already defined)
(label p558h5_4 already defined)
(label p558h5_5 already defined)
(label p558h5_6 already defined)
(label p558h6_1 already defined)
(label p558h6_2 already defined)
(label p558h6_3 already defined)
(label p558h6_4 already defined)
(label p558h6_5 already defined)
(label p558h6_6 already defined)
(label p558h7_1 already defined)
(label p558h7_2 already defined)
(label p558h7_3 already defined)
(label p558h7_4 already defined)
(label p558h7_5 already defined)
(label p558h7_6 already defined)
(label p558h8_1 already defined)
(label p558h8_2 already defined)
(label p558h8_3 already defined)
(label p558h8_4 already defined)
(label p558h8_5 already defined)
(label p558h8_6 already defined)
(label p558h9_1 already defined)
(label p558h9_2 already defined)
(label p558h9_3 already defined)
(label p558h9_4 already defined)
(label p558h9_5 already defined)
(label p558h9_6 already defined)
(label p558h10_1 already defined)
(label p558h10_2 already defined)
(label p558h10_3 already defined)
(label p558h10_4 already defined)
(label p558h10_5 already defined)
(label p558h10_6 already defined)
(label p558h11_1 already defined)
(label p558h11_2 already defined)
(label p558h11_3 already defined)
(label p558h11_4 already defined)
(label p558h11_5 already defined)
(label p558h11_6 already defined)
(label p558h12_1 already defined)
(label p558h12_2 already defined)
(label p558h12_3 already defined)
(label p558h12_4 already defined)
(label p558h12_5 already defined)
(label p558h12_6 already defined)
(label p559_01 already defined)
(label p559_02 already defined)
(label p559_03 already defined)
(label p559_04 already defined)
(label p559_05 already defined)
(label p559_06 already defined)
(label p559_07 already defined)
(label p559_08 already defined)
(label p559_09 already defined)
(label p559_10 already defined)
(label p559_11 already defined)
(label p559_12 already defined)
(label p559_13 already defined)
(label p559_14 already defined)
(label p559_15 already defined)
(label p559b_01 already defined)
(label p559b_02 already defined)
(label p559b_03 already defined)
(label p559b_04 already defined)
(label p559b_05 already defined)
(label p559b_06 already defined)
(label p559b_07 already defined)
(label p559b_08 already defined)
(label p559b_09 already defined)
(label p559b_10 already defined)
(label p559b_11 already defined)
(label p559b_12 already defined)
(label p559b_13 already defined)
(label p559b_14 already defined)
(label p559b_15 already defined)
(label p559c_01 already defined)
(label p559c_02 already defined)
(label p559c_03 already defined)
(label p559c_04 already defined)
(label p559c_05 already defined)
(label p559c_06 already defined)
(label p559c_07 already defined)
(label p559c_08 already defined)
(label p559c_09 already defined)
(label p559c_10 already defined)
(label p559c_11 already defined)
(label p559c_12 already defined)
(label p559c_13 already defined)
(label p559c_14 already defined)
(label p559c_15 already defined)
(label p559e_01 already defined)
(label p559e_02 already defined)
(label p559e_03 already defined)
(label p559e_04 already defined)
(label p559e_05 already defined)
(label p559e_06 already defined)
(label p559e_07 already defined)
(label p559e_08 already defined)
(label p559e_09 already defined)
(label p559e_10 already defined)
(label p559e_11 already defined)
(label p559e_12 already defined)
(label p559e_13 already defined)
(label p559e_14 already defined)
(label p559e_15 already defined)
(label p560t_01 already defined)
(label p560t_02 already defined)
(label p560t_03 already defined)
(label p560t_04 already defined)
(label p560t_05 already defined)
(label p560t_06 already defined)
(label p560t_07 already defined)
(label p560t_08 already defined)
(label p560t_09 already defined)
(label p560t_10 already defined)
(label p560a1_01 already defined)
(label p560a1_02 already defined)
(label p560a1_03 already defined)
(label p560a1_04 already defined)
(label p560a1_05 already defined)
(label p560a1_06 already defined)
(label p560a1_07 already defined)
(label p560a1_08 already defined)
(label p560a1_09 already defined)
(label p560a1_10 already defined)
(label p560c_01 already defined)
(label p560c_02 already defined)
(label p560c_03 already defined)
(label p560c_04 already defined)
(label p560c_05 already defined)
(label p560c_06 already defined)
(label p560c_07 already defined)
(label p560c_08 already defined)
(label p560c_09 already defined)
(label p560c_10 already defined)
(label p560e_01 already defined)
(label p560e_02 already defined)
(label p560e_03 already defined)
(label p560e_04 already defined)
(label p560e_05 already defined)
(label p560e_06 already defined)
(label p560e_07 already defined)
(label p560e_08 already defined)
(label p560e_09 already defined)
(label p560e_10 already defined)
(label p599 already defined)
(label ocu500 already defined)
(label LABC already defined)
(label t546 already defined)
(label t549 already defined)
(label t556 already defined)
(label t5587a already defined)
(label t558c already defined)
(label t560_01 already defined)
(label t560_02 already defined)
(label t560_03 already defined)
(label t560_04 already defined)
(label t560_05 already defined)
(label t560_06 already defined)
(label t560_071 already defined)
(label t560_072 already defined)
(label t560_073 already defined)
(label t560_074 already defined)
(label t560_075 already defined)
(label t560_076 already defined)
(label t560_077 already defined)
(label t560_078 already defined)
(label t560_08 already defined)
(label t560_09 already defined)
(label t560_10 already defined)
(label ocupinf already defined)
(label emplpsec already defined)
(label p203 already defined)
(label p203b already defined)
(label p204 already defined)
(label p205 already defined)
(label p206 already defined)
(label p207 already defined)
(label p208a1 already defined)
(label p209 already defined)
(label p210 already defined)
(label p211a already defined)
(label p217 already defined)
(label t211 already defined)
(label ocupac_r3 already defined)
(label ticuest01 already defined)
(label p300a already defined)
(label p301a already defined)
(label p301d already defined)
(label p301b0 already defined)
(label p302 already defined)
(label p302x already defined)
(label p302a already defined)
(label p302b already defined)
(label p303 already defined)
(label p304a already defined)
(label p304d already defined)
(label p305 already defined)
(label p306 already defined)
(label p307 already defined)
(label p308a already defined)
(label p308d already defined)
(label p308b1 already defined)
(label p308b2 already defined)
(label p308b3 already defined)
(label p308b4 already defined)
(label p308b5 already defined)
(label p310 already defined)
(label p310b already defined)
(label p310b1 already defined)
(label p310c0 already defined)
(label p310e0 already defined)
(label p311n_1 already defined)
(label p311n_2 already defined)
(label p311n_3 already defined)
(label p311n_4 already defined)
(label p311n_5 already defined)
(label p311n_6 already defined)
(label p311n_7 already defined)
(label p311n_8 already defined)
(label p311_1 already defined)
(label p311_2 already defined)
(label p311_3 already defined)
(label p311_4 already defined)
(label p311_5 already defined)
(label p311_6 already defined)
(label p311_7 already defined)
(label p311_8 already defined)
(label p311a1_1 already defined)
(label p311a1_2 already defined)
(label p311a1_3 already defined)
(label p311a1_4 already defined)
(label p311a1_5 already defined)
(label p311a1_6 already defined)
(label p311a1_7 already defined)
(label p311a1_8 already defined)
(label p311a2_1 already defined)
(label p311a2_2 already defined)
(label p311a2_3 already defined)
(label p311a2_4 already defined)
(label p311a2_5 already defined)
(label p311a2_6 already defined)
(label p311a2_7 already defined)
(label p311a2_8 already defined)
(label p311a3_1 already defined)
(label p311a3_2 already defined)
(label p311a3_3 already defined)
(label p311a3_4 already defined)
(label p311a3_5 already defined)
(label p311a3_6 already defined)
(label p311a3_7 already defined)
(label p311a3_8 already defined)
(label p311a4_1 already defined)
(label p311a4_2 already defined)
(label p311a4_3 already defined)
(label p311a4_4 already defined)
(label p311a4_5 already defined)
(label p311a4_6 already defined)
(label p311a4_7 already defined)
(label p311a4_8 already defined)
(label p311a5_1 already defined)
(label p311a5_2 already defined)
(label p311a5_3 already defined)
(label p311a5_4 already defined)
(label p311a5_5 already defined)
(label p311a5_6 already defined)
(label p311a5_7 already defined)
(label p311a5_8 already defined)
(label p311a6_1 already defined)
(label p311a6_2 already defined)
(label p311a6_3 already defined)
(label p311a6_4 already defined)
(label p311a6_5 already defined)
(label p311a6_6 already defined)
(label p311a6_7 already defined)
(label p311a6_8 already defined)
(label p311a7_1 already defined)
(label p311a7_2 already defined)
(label p311a7_3 already defined)
(label p311a7_4 already defined)
(label p311a7_5 already defined)
(label p311a7_6 already defined)
(label p311a7_7 already defined)
(label p311a7_8 already defined)
(label p311c_1 already defined)
(label p311c_2 already defined)
(label p311c_3 already defined)
(label p311c_4 already defined)
(label p311c_7 already defined)
(label p311c_8 already defined)
(label p3121 already defined)
(label p3121a1 already defined)
(label p3121a2 already defined)
(label p3121a3 already defined)
(label p3121a4 already defined)
(label p3121a5 already defined)
(label p3121a6 already defined)
(label p3122 already defined)
(label p3122a1 already defined)
(label p3122a2 already defined)
(label p3122a3 already defined)
(label p3122a4 already defined)
(label p3122a5 already defined)
(label p3122a6 already defined)
(label p313 already defined)
(label p314a already defined)
(label p314b_1 already defined)
(label p314b_2 already defined)
(label p314b_3 already defined)
(label p314b_4 already defined)
(label p314b_5 already defined)
(label p314b_6 already defined)
(label p314d already defined)
(label p3151 already defined)
(label p3152 already defined)
(label p3153 already defined)
(label p3154 already defined)
(label p3155 already defined)
(label p3156 already defined)
(label p316_1 already defined)
(label p316_2 already defined)
(label p316_3 already defined)
(label p316_4 already defined)
(label p316_5 already defined)
(label p316_6 already defined)
(label p316_7 already defined)
(label p316_8 already defined)
(label LABB already defined)
(label p316_10 already defined)
(label t313a already defined)
(label imputado already defined)
(label ticuest01a already defined)
(label t314b_6 already defined)
(label t22a_9 already defined)
(label t22a_8 already defined)
(label t22a_7 already defined)
(label t22a_6 already defined)
(label t22a_5 already defined)
(label t22a_4 already defined)
(label t22a_3 already defined)
(label t22a_2 already defined)
(label t22a_1 already defined)
(label t2_1_16 already defined)
(label ticuest01b already defined)
(label p301_01 already defined)
(label p209_01 already defined)
(label p207_01 already defined)
(label p206_01 already defined)
(label p205_01 already defined)
(label p204_01 already defined)
(label p203_01 already defined)
(label p22a_9 already defined)
(label p22a_8 already defined)
(label p22a_7 already defined)
(label p22a_6 already defined)
(label p22a_5 already defined)
(label p22a_4 already defined)
(label p22a_3 already defined)
(label p22a_2 already defined)
(label p22a_1 already defined)
(label p221_9 already defined)
(label p221_8 already defined)
(label p221_7 already defined)
(label p221_6 already defined)
(label p221_5 already defined)
(label p221_4 already defined)
(label p221_3 already defined)
(label p221_2 already defined)
(label p221_1 already defined)
(label p21 already defined)
(label p10_4 already defined)
(label p10_3 already defined)
(label p10_2 already defined)
(label p10_1 already defined)
(label p9 already defined)
(label p7 already defined)
(label p6 already defined)
(label p4 already defined)
(label p3 already defined)
(label p2a1_4 already defined)
(label p2a1_3 already defined)
(label p2a1_2 already defined)
(label p2a1_1 already defined)
(label p1_21 already defined)
(label p1_20 already defined)
(label p1_19 already defined)
(label p1_18 already defined)
(label p1_17 already defined)
(label p1_16 already defined)
(label p1_15 already defined)
(label p1_14 already defined)
(label p1_13 already defined)
(label p1_12 already defined)
(label p1_11 already defined)
(label p1_10 already defined)
(label p1_09 already defined)
(label p1_08 already defined)
(label p1_07 already defined)
(label p1_06 already defined)
(label p1_05 already defined)
(label p1_04 already defined)
(label p1_03 already defined)
(label p1_02 already defined)
(label p1_01 already defined)

    Result                      Number of obs
    -----------------------------------------
    Not matched                         7,675
        from master                         0  (_merge==1)
        from using                      7,675  (_merge==2)

    Matched                           127,474  (_merge==3)
    -----------------------------------------
.     drop if _merge == 2
(7,675 observations deleted)
.     drop _merge
. }

. capture confirm file "datos crudos/enaho01-2015-700_clean.dta"

. if _rc == 0 {
.     merge m:1 conglome vivienda hogar using "datos crudos/enaho01-2015-700_cl
> ean.dta", force

    Result                      Number of obs
    -----------------------------------------
    Not matched                             0
    Matched                           127,474  (_merge==3)
    -----------------------------------------
.     drop if _merge == 2
(0 observations deleted)
.     drop _merge
. }

. capture confirm file "datos crudos/sumaria-2015_clean.dta"

. if _rc == 0 {
.     merge m:1 conglome vivienda hogar using "datos crudos/sumaria-2015_clean.
> dta", force
(label estrsocial already defined)

    Result                      Number of obs
    -----------------------------------------
    Not matched                             0
    Matched                           127,474  (_merge==3)
    -----------------------------------------
.     drop if _merge == 2
(0 observations deleted)
.     drop _merge
. }

. save "datos crudos/2015.dta", replace
file datos crudos/2015.dta saved

. 
. use "datos crudos/2015.dta", clear

. rename conglome con_15

. rename vivienda viv_15

. rename hogar hog_15

. save "datos crudos/2015n.dta", replace
file datos crudos/2015n.dta saved

. 
. use "datos crudos/enaho01_2012_2016_100_panel.dta", clear

.     * --- Armonizar llaves maestras del Panel Antiguo ---
.     capture rename cenl numpanh

.     capture rename num_hog numpanh

.     * -----------------------------------------------------------
.     * --- Armonizar nombres mutantes del Panel ---
.     capture rename factor_07_15 factor07_15

.     capture rename factor07_15_15 factor07_15

.     capture rename factor07_15a factor07_15

.     capture rename facpanel* fac_panel*

.     * -----------------------------------------------------------
.     * --- KEEP SEGURO (Evita error 111 si faltan variables) ---
.     local keep_vars numpanh mes_15 conglome_15 vivienda_15 hogar_15 ubigeo_15
>  dominio_15 estrato_15 factor07_15

.     foreach v in p101_15 p105a_15 tipenc_15 fecent_15 result_15 panel_15 peri
> odo_15 {
  2.         capture confirm variable `v'
  3.         if _rc == 0 {
  4.             local keep_vars `keep_vars' `v'
  5.         }
  6.     }

.     foreach prefix in hpan hpanel fac_panel facpanel {
  2.         capture ds `prefix'*
  3.         if _rc == 0 {
  4.             local keep_vars `keep_vars' `r(varlist)'
  5.         }
  6.     }

.     local keep_vars: list uniq keep_vars

.     keep `keep_vars'

.     * -----------------------------------------------------------
. rename conglome_15 con_15

. rename vivienda_15 viv_15

. rename hogar_15 hog_15

.     * --- Estandarizacion extrema del Panel ---
.     foreach var in con_15 viv_15 hog_15 numpanh {
  2.         capture confirm variable `var'
  3.         if _rc == 0 {
  4.             capture tostring `var', replace force
  5.             capture replace `var' = trim(`var')
  6.             capture destring `var', replace force
  7.         }
  8.     }

. capture destring mes_15, replace force

. keep if inrange(mes_15, 1, 12)
(123,599 observations deleted)

. drop if missing(con_15) | missing(viv_15) | missing(hog_15)
(0 observations deleted)

. duplicates drop con_15 viv_15 hog_15, force

Duplicates in terms of con_15 viv_15 hog_15

(0 observations are duplicates)

. gen ID = 2015

. merge 1:m con_15 viv_15 hog_15 using "datos crudos/2015n.dta", force
(label LABB already defined)
(label LABC already defined)

    Result                      Number of obs
    -----------------------------------------
    Not matched                         7,675
        from master                     7,675  (_merge==1)
        from using                          0  (_merge==2)

    Matched                           127,474  (_merge==3)
    -----------------------------------------

. drop if _merge == 1
(7,675 observations deleted)

. drop _merge

. rename con_15 conglome

. rename viv_15 vivienda

. rename hog_15 hogar

. save "resultados/2015_enahop.dta", replace
file resultados/2015_enahop.dta saved

. 
. **************************************************
. * PROCESANDO AÑO 2016
. **************************************************
. 
. capture confirm file "datos crudos/enaho01-2016-100.dta"

. if _rc == 0 {
.     use "datos crudos/enaho01-2016-100.dta", clear
. 
.     * --- Armonizacion de nombres (Typos INEI) ---
.     capture rename p713b16 p713b
.     capture rename p713d16 p713d
.     capture rename p713e16 p713e
.     capture rename factor_07 factor07
.     * --------------------------------------------
. 
.     * --- Estandarizacion extrema de llaves (Anti-Ceros y Espacios) ---
.     foreach var in conglome vivienda hogar codperso codinfor { 
  2.         capture confirm variable `var'
  3.         if _rc == 0 {
  4.             capture tostring `var', replace force
  5.             capture replace `var' = trim(`var')
  6.             capture destring `var', replace force
  7.         }
  8.     }
.     * -----------------------------------------------------------------
. 
.     * --- Ahorro de Memoria: Borrado Quirúrgico ---
.     capture drop año
.     capture drop a?o
.     capture drop mes
.     capture drop nconglome
.     capture drop ubigeo
.     capture drop dominio
.     capture drop estrato
.     capture drop periodo
.     capture drop codinfor
.     capture drop factor*
.     capture drop factora*
.     * ---------------------------------------------
.     drop if missing(conglome) | missing(vivienda) | missing(hogar)
(0 observations deleted)
.     duplicates drop conglome vivienda hogar, force

Duplicates in terms of conglome vivienda hogar

(102,642 observations deleted)
.     save "datos crudos/enaho01-2016-100_clean.dta", replace
file datos crudos/enaho01-2016-100_clean.dta saved
. }

. 
. capture confirm file "datos crudos/enaho01-2016-700.dta"

. if _rc == 0 {
.     use "datos crudos/enaho01-2016-700.dta", clear
. 
.     * --- Armonizacion de nombres (Typos INEI) ---
.     capture rename p713b16 p713b
.     capture rename p713d16 p713d
.     capture rename p713e16 p713e
.     capture rename factor_07 factor07
.     * --------------------------------------------
. 
.     * --- Estandarizacion extrema de llaves (Anti-Ceros y Espacios) ---
.     foreach var in conglome vivienda hogar codperso codinfor { 
  2.         capture confirm variable `var'
  3.         if _rc == 0 {
  4.             capture tostring `var', replace force
  5.             capture replace `var' = trim(`var')
  6.             capture destring `var', replace force
  7.         }
  8.     }
.     * -----------------------------------------------------------------
. 
.     * --- Ahorro de Memoria: Borrado Quirúrgico ---
.     capture drop año
.     capture drop a?o
.     capture drop mes
.     capture drop nconglome
.     capture drop ubigeo
.     capture drop dominio
.     capture drop estrato
.     capture drop periodo
.     capture drop codinfor
.     capture drop factor*
.     capture drop factora*
.     * ---------------------------------------------
.     drop if missing(conglome) | missing(vivienda) | missing(hogar)
(0 observations deleted)
.     duplicates drop conglome vivienda hogar, force

Duplicates in terms of conglome vivienda hogar

(0 observations are duplicates)
.     save "datos crudos/enaho01-2016-700_clean.dta", replace
file datos crudos/enaho01-2016-700_clean.dta saved
. }

. 
. capture confirm file "datos crudos/sumaria-2016.dta"

. if _rc == 0 {
.     use "datos crudos/sumaria-2016.dta", clear
. 
.     * --- Armonizacion de nombres (Typos INEI) ---
.     capture rename p713b16 p713b
.     capture rename p713d16 p713d
.     capture rename p713e16 p713e
.     capture rename factor_07 factor07
.     * --------------------------------------------
. 
.     * --- Estandarizacion extrema de llaves (Anti-Ceros y Espacios) ---
.     foreach var in conglome vivienda hogar codperso codinfor { 
  2.         capture confirm variable `var'
  3.         if _rc == 0 {
  4.             capture tostring `var', replace force
  5.             capture replace `var' = trim(`var')
  6.             capture destring `var', replace force
  7.         }
  8.     }
.     * -----------------------------------------------------------------
. 
.     * --- Ahorro de Memoria: Borrado Quirúrgico ---
.     capture drop año
.     capture drop a?o
.     capture drop mes
.     capture drop nconglome
.     capture drop ubigeo
.     capture drop dominio
.     capture drop estrato
.     capture drop periodo
.     capture drop codinfor
.     capture drop factor*
.     capture drop factora*
.     * ---------------------------------------------
.     drop if missing(conglome) | missing(vivienda) | missing(hogar)
(0 observations deleted)
.     duplicates drop conglome vivienda hogar, force

Duplicates in terms of conglome vivienda hogar

(0 observations are duplicates)
.     save "datos crudos/sumaria-2016_clean.dta", replace
file datos crudos/sumaria-2016_clean.dta saved
. }

. 
. capture confirm file "datos crudos/enaho01a-2016-300.dta"

. if _rc == 0 {
.     use "datos crudos/enaho01a-2016-300.dta", clear
. 
.     * --- Armonizacion de nombres (Typos INEI) ---
.     capture rename p713b16 p713b
.     capture rename p713d16 p713d
.     capture rename p713e16 p713e
.     capture rename factor_07 factor07
.     * --------------------------------------------
. 
.     * --- Estandarizacion extrema de llaves (Anti-Ceros y Espacios) ---
.     foreach var in conglome vivienda hogar codperso codinfor { 
  2.         capture confirm variable `var'
  3.         if _rc == 0 {
  4.             capture tostring `var', replace force
  5.             capture replace `var' = trim(`var')
  6.             capture destring `var', replace force
  7.         }
  8.     }
.     * -----------------------------------------------------------------
. 
.     * --- Ahorro de Memoria: Borrado Quirúrgico ---
.     capture drop año
.     capture drop a?o
.     capture drop mes
.     capture drop nconglome
.     capture drop ubigeo
.     capture drop dominio
.     capture drop estrato
.     capture drop periodo
.     capture drop codinfor
.     capture drop factor*
.     capture drop factora*
.     * ---------------------------------------------
.     drop if missing(conglome) | missing(vivienda) | missing(hogar) | missing(
> codperso)
(0 observations deleted)
.     duplicates drop conglome vivienda hogar codperso, force

Duplicates in terms of conglome vivienda hogar codperso

(0 observations are duplicates)
.     save "datos crudos/enaho01a-2016-300_clean.dta", replace
file datos crudos/enaho01a-2016-300_clean.dta saved
. }

. 
. capture confirm file "datos crudos/enaho01a-2016-400.dta"

. if _rc == 0 {
.     use "datos crudos/enaho01a-2016-400.dta", clear
. 
.     * --- Armonizacion de nombres (Typos INEI) ---
.     capture rename p713b16 p713b
.     capture rename p713d16 p713d
.     capture rename p713e16 p713e
.     capture rename factor_07 factor07
.     * --------------------------------------------
. 
.     * --- Estandarizacion extrema de llaves (Anti-Ceros y Espacios) ---
.     foreach var in conglome vivienda hogar codperso codinfor { 
  2.         capture confirm variable `var'
  3.         if _rc == 0 {
  4.             capture tostring `var', replace force
  5.             capture replace `var' = trim(`var')
  6.             capture destring `var', replace force
  7.         }
  8.     }
.     * -----------------------------------------------------------------
. 
.     * --- Ahorro de Memoria: Borrado Quirúrgico ---
.     capture drop año
.     capture drop a?o
.     capture drop mes
.     capture drop nconglome
.     capture drop ubigeo
.     capture drop dominio
.     capture drop estrato
.     capture drop periodo
.     capture drop codinfor
.     capture drop factor*
.     capture drop factora*
.     * ---------------------------------------------
.     drop if missing(conglome) | missing(vivienda) | missing(hogar) | missing(
> codperso)
(0 observations deleted)
.     duplicates drop conglome vivienda hogar codperso, force

Duplicates in terms of conglome vivienda hogar codperso

(0 observations are duplicates)
.     save "datos crudos/enaho01a-2016-400_clean.dta", replace
file datos crudos/enaho01a-2016-400_clean.dta saved
. }

. 
. capture confirm file "datos crudos/enaho01a-2016-500.dta"

. if _rc == 0 {
.     use "datos crudos/enaho01a-2016-500.dta", clear
. 
.     * --- Armonizacion de nombres (Typos INEI) ---
.     capture rename p713b16 p713b
.     capture rename p713d16 p713d
.     capture rename p713e16 p713e
.     capture rename factor_07 factor07
.     * --------------------------------------------
. 
.     * --- Estandarizacion extrema de llaves (Anti-Ceros y Espacios) ---
.     foreach var in conglome vivienda hogar codperso codinfor { 
  2.         capture confirm variable `var'
  3.         if _rc == 0 {
  4.             capture tostring `var', replace force
  5.             capture replace `var' = trim(`var')
  6.             capture destring `var', replace force
  7.         }
  8.     }
.     * -----------------------------------------------------------------
. 
.     * --- Ahorro de Memoria: Borrado Quirúrgico ---
.     capture drop año
.     capture drop a?o
.     capture drop mes
.     capture drop nconglome
.     capture drop ubigeo
.     capture drop dominio
.     capture drop estrato
.     capture drop periodo
.     capture drop codinfor
.     capture drop factor*
.     capture drop factora*
.     * ---------------------------------------------
.     drop if missing(conglome) | missing(vivienda) | missing(hogar) | missing(
> codperso)
(0 observations deleted)
.     duplicates drop conglome vivienda hogar codperso, force

Duplicates in terms of conglome vivienda hogar codperso

(0 observations are duplicates)
.     save "datos crudos/enaho01a-2016-500_clean.dta", replace
file datos crudos/enaho01a-2016-500_clean.dta saved
. }

. 
. capture confirm file "datos crudos/enaho01b-2016-1.dta"

. if _rc == 0 {
.     use "datos crudos/enaho01b-2016-1.dta", clear
. 
.     * --- Armonizacion de nombres (Typos INEI) ---
.     capture rename p713b16 p713b
.     capture rename p713d16 p713d
.     capture rename p713e16 p713e
.     capture rename factor_07 factor07
.     * --------------------------------------------
. 
.     * --- Estandarizacion extrema de llaves (Anti-Ceros y Espacios) ---
.     foreach var in conglome vivienda hogar codperso codinfor { 
  2.         capture confirm variable `var'
  3.         if _rc == 0 {
  4.             capture tostring `var', replace force
  5.             capture replace `var' = trim(`var')
  6.             capture destring `var', replace force
  7.         }
  8.     }
.     * -----------------------------------------------------------------
. 
.     * --- Ahorro de Memoria: Borrado Quirúrgico ---
.     capture drop año
.     capture drop a?o
.     capture drop mes
.     capture drop nconglome
.     capture drop ubigeo
.     capture drop dominio
.     capture drop estrato
.     capture drop periodo
.     capture drop codinfor
.     capture drop factor*
.     capture drop factora*
.     * ---------------------------------------------
.     drop if missing(conglome) | missing(vivienda) | missing(hogar) | missing(
> codperso)
(0 observations deleted)
.     duplicates drop conglome vivienda hogar codperso, force

Duplicates in terms of conglome vivienda hogar codperso

(0 observations are duplicates)
.     save "datos crudos/enaho01b-2016-1_clean.dta", replace
file datos crudos/enaho01b-2016-1_clean.dta saved
. }

. 
. capture confirm file "datos crudos/enaho01b-2016-2.dta"

. if _rc == 0 {
.     use "datos crudos/enaho01b-2016-2.dta", clear
. 
.     * --- Armonizacion de nombres (Typos INEI) ---
.     capture rename p713b16 p713b
.     capture rename p713d16 p713d
.     capture rename p713e16 p713e
.     capture rename factor_07 factor07
.     * --------------------------------------------
. 
.     * --- Estandarizacion extrema de llaves (Anti-Ceros y Espacios) ---
.     foreach var in conglome vivienda hogar codperso codinfor { 
  2.         capture confirm variable `var'
  3.         if _rc == 0 {
  4.             capture tostring `var', replace force
  5.             capture replace `var' = trim(`var')
  6.             capture destring `var', replace force
  7.         }
  8.     }
.     * -----------------------------------------------------------------
. 
.     * --- Ahorro de Memoria: Borrado Quirúrgico ---
.     capture drop año
.     capture drop a?o
.     capture drop mes
.     capture drop nconglome
.     capture drop ubigeo
.     capture drop dominio
.     capture drop estrato
.     capture drop periodo
.     capture drop codinfor
.     capture drop factor*
.     capture drop factora*
.     * ---------------------------------------------
.     drop if missing(conglome) | missing(vivienda) | missing(hogar) | missing(
> codperso)
(0 observations deleted)
.     duplicates drop conglome vivienda hogar codperso, force

Duplicates in terms of conglome vivienda hogar codperso

(0 observations are duplicates)
.     save "datos crudos/enaho01b-2016-2_clean.dta", replace
file datos crudos/enaho01b-2016-2_clean.dta saved
. }

. 
. capture confirm file "datos crudos/enaho01b-2016-3.dta"

. if _rc == 0 {
.     use "datos crudos/enaho01b-2016-3.dta", clear
. 
.     * --- Armonizacion de nombres (Typos INEI) ---
.     capture rename p713b16 p713b
.     capture rename p713d16 p713d
.     capture rename p713e16 p713e
.     capture rename factor_07 factor07
.     * --------------------------------------------
. 
.     * --- Estandarizacion extrema de llaves (Anti-Ceros y Espacios) ---
.     foreach var in conglome vivienda hogar codperso codinfor { 
  2.         capture confirm variable `var'
  3.         if _rc == 0 {
  4.             capture tostring `var', replace force
  5.             capture replace `var' = trim(`var')
  6.             capture destring `var', replace force
  7.         }
  8.     }
.     * -----------------------------------------------------------------
. 
.     * --- Ahorro de Memoria: Borrado Quirúrgico ---
.     capture drop año
.     capture drop a?o
.     capture drop mes
.     capture drop nconglome
.     capture drop ubigeo
.     capture drop dominio
.     capture drop estrato
.     capture drop periodo
.     capture drop codinfor
.     capture drop factor*
.     capture drop factora*
.     * ---------------------------------------------
.     drop if missing(conglome) | missing(vivienda) | missing(hogar) | missing(
> codperso)
.     duplicates drop conglome vivienda hogar codperso, force
.     save "datos crudos/enaho01b-2016-3_clean.dta", replace
. }

. 
. capture confirm file "datos crudos/enaho01-2016-700a.dta"

. if _rc == 0 {
.     use "datos crudos/enaho01-2016-700a.dta", clear
. 
.     * --- Armonizacion de nombres (Typos INEI) ---
.     capture rename p713b16 p713b
.     capture rename p713d16 p713d
.     capture rename p713e16 p713e
.     capture rename factor_07 factor07
.     * --------------------------------------------
.     capture rename p702 codperso
.     capture tostring codperso, replace force
.     capture tostring codinfor, replace force
.     capture replace codperso = trim(codperso)
.     capture replace codinfor = trim(codinfor)
.     capture replace codperso = codinfor if codperso == "" | codperso == "."
. 
.     * --- Estandarizacion extrema de llaves (Anti-Ceros y Espacios) ---
.     foreach var in conglome vivienda hogar codperso codinfor { 
  2.         capture confirm variable `var'
  3.         if _rc == 0 {
  4.             capture tostring `var', replace force
  5.             capture replace `var' = trim(`var')
  6.             capture destring `var', replace force
  7.         }
  8.     }
.     * -----------------------------------------------------------------
.     gen programa_social1 = 0
.     replace programa_social1 = 1 if inlist(p703,1,2,3,4,5,6,7,8,10)
(30,036 real changes made)
.     drop if missing(conglome) | missing(vivienda) | missing(hogar) | missing(
> codperso)
(0 observations deleted)
.     duplicates drop conglome vivienda hogar codperso p703, force

Duplicates in terms of conglome vivienda hogar codperso p703

(0 observations are duplicates)
.     bysort conglome vivienda hogar codperso: gen num_item = _n
.     tostring num_item, generate(j_str)
j_str generated as str1
.     replace j_str = "_" + j_str
variable j_str was str1 now str2
(30,036 real changes made)
.     drop num_item
. 
.     * --- Ahorro de Memoria: Borrado Quirúrgico ---
.     capture drop año
.     capture drop a?o
.     capture drop mes
.     capture drop nconglome
.     capture drop ubigeo
.     capture drop dominio
.     capture drop estrato
.     capture drop periodo
.     capture drop codinfor
.     capture drop factor*
.     capture drop factora*
.     * ---------------------------------------------
.     ds conglome vivienda hogar codperso j_str, not
p703          p7061         p7064         p706a2        p706a5
p704          p7062         p7065         p706a3        programa_s~1
p705          p7063         p706a1        p706a4
.     local vars `r(varlist)'
.     foreach v of local vars {
  2.         rename `v' v_`v'
  3.     }
.     ds conglome vivienda hogar codperso j_str, not
v_p703        v_p7061       v_p7064       v_p706a2      v_p706a5
v_p704        v_p7062       v_p7065       v_p706a3      v_programa~1
v_p705        v_p7063       v_p706a1      v_p706a4
.     local vars_wide `r(varlist)'
.     reshape wide `vars_wide', i(conglome vivienda hogar codperso) j(j_str) st
> ring
(j = _1 _2 _3 _4)

Data                               Long   ->   Wide
-----------------------------------------------------------------------------
Number of observations           30,036   ->   21,540      
Number of variables                  19   ->   60          
j variable (4 values)             j_str   ->   (dropped)
xij variables:
                                 v_p703   ->   v_p703_1 v_p703_2 ... v_p703_4
                                 v_p704   ->   v_p704_1 v_p704_2 ... v_p704_4
                                 v_p705   ->   v_p705_1 v_p705_2 ... v_p705_4
                                v_p7061   ->   v_p7061_1 v_p7061_2 ... v_p7061_
> 4
                                v_p7062   ->   v_p7062_1 v_p7062_2 ... v_p7062_
> 4
                                v_p7063   ->   v_p7063_1 v_p7063_2 ... v_p7063_
> 4
                                v_p7064   ->   v_p7064_1 v_p7064_2 ... v_p7064_
> 4
                                v_p7065   ->   v_p7065_1 v_p7065_2 ... v_p7065_
> 4
                               v_p706a1   ->   v_p706a1_1 v_p706a1_2 ... v_p706
> a1_4
                               v_p706a2   ->   v_p706a2_1 v_p706a2_2 ... v_p706
> a2_4
                               v_p706a3   ->   v_p706a3_1 v_p706a3_2 ... v_p706
> a3_4
                               v_p706a4   ->   v_p706a4_1 v_p706a4_2 ... v_p706
> a4_4
                               v_p706a5   ->   v_p706a5_1 v_p706a5_2 ... v_p706
> a5_4
                     v_programa_social1   ->   v_programa_social1_1 v_programa_
> social1_2 ... v_programa_social1_4
-----------------------------------------------------------------------------
.     duplicates drop conglome vivienda hogar codperso, force

Duplicates in terms of conglome vivienda hogar codperso

(0 observations are duplicates)
.     save "datos crudos/enaho01-2016-700a_wide.dta", replace
file datos crudos/enaho01-2016-700a_wide.dta saved
. }

. 
. capture confirm file "datos crudos/enaho01-2016-700b.dta"

. if _rc == 0 {
.     use "datos crudos/enaho01-2016-700b.dta", clear
. 
.     * --- Armonizacion de nombres (Typos INEI) ---
.     capture rename p713b16 p713b
.     capture rename p713d16 p713d
.     capture rename p713e16 p713e
.     capture rename factor_07 factor07
.     * --------------------------------------------
.     capture rename p711n codperso
.     capture tostring codperso, replace force
.     capture tostring codinfor, replace force
.     capture replace codperso = trim(codperso)
.     capture replace codinfor = trim(codinfor)
.     capture replace codperso = codinfor if codperso == "" | codperso == "."
. 
.     * --- Estandarizacion extrema de llaves (Anti-Ceros y Espacios) ---
.     foreach var in conglome vivienda hogar codperso codinfor { 
  2.         capture confirm variable `var'
  3.         if _rc == 0 {
  4.             capture tostring `var', replace force
  5.             capture replace `var' = trim(`var')
  6.             capture destring `var', replace force
  7.         }
  8.     }
.     * -----------------------------------------------------------------
.     gen programa_social2 = 0
.     replace programa_social2 = 1 if inlist(p712,1,2,3,4,5,6,7,8,9,10,11,12,13
> ,15,16,17,18,19,29,30)
(17,962 real changes made)
.     capture gen periodo_prog16 = p713d - p713b
.     drop if missing(conglome) | missing(vivienda) | missing(hogar) | missing(
> codperso)
(0 observations deleted)
.     duplicates drop conglome vivienda hogar codperso p712, force

Duplicates in terms of conglome vivienda hogar codperso p712

(0 observations are duplicates)
.     bysort conglome vivienda hogar codperso: gen num_item = _n
.     tostring num_item, generate(j_str)
j_str generated as str1
.     replace j_str = "_" + j_str
variable j_str was str1 now str2
(17,962 real changes made)
.     drop num_item
. 
.     * --- Ahorro de Memoria: Borrado Quirúrgico ---
.     capture drop año
.     capture drop a?o
.     capture drop mes
.     capture drop nconglome
.     capture drop ubigeo
.     capture drop dominio
.     capture drop estrato
.     capture drop periodo
.     capture drop codinfor
.     capture drop factor*
.     capture drop factora*
.     * ---------------------------------------------
.     ds conglome vivienda hogar codperso j_str, not
p712          p713b         p713d         programa_s~2
p713a         p713c         p713e
.     local vars `r(varlist)'
.     foreach v of local vars {
  2.         rename `v' v_`v'
  3.     }
.     ds conglome vivienda hogar codperso j_str, not
v_p712        v_p713b       v_p713d       v_programa~2
v_p713a       v_p713c       v_p713e
.     local vars_wide `r(varlist)'
.     reshape wide `vars_wide', i(conglome vivienda hogar codperso) j(j_str) st
> ring
(j = _1 _2 _3 _4 _5)

Data                               Long   ->   Wide
-----------------------------------------------------------------------------
Number of observations           17,962   ->   13,643      
Number of variables                  12   ->   39          
j variable (5 values)             j_str   ->   (dropped)
xij variables:
                                 v_p712   ->   v_p712_1 v_p712_2 ... v_p712_5
                                v_p713a   ->   v_p713a_1 v_p713a_2 ... v_p713a_
> 5
                                v_p713b   ->   v_p713b_1 v_p713b_2 ... v_p713b_
> 5
                                v_p713c   ->   v_p713c_1 v_p713c_2 ... v_p713c_
> 5
                                v_p713d   ->   v_p713d_1 v_p713d_2 ... v_p713d_
> 5
                                v_p713e   ->   v_p713e_1 v_p713e_2 ... v_p713e_
> 5
                     v_programa_social2   ->   v_programa_social2_1 v_programa_
> social2_2 ... v_programa_social2_5
-----------------------------------------------------------------------------
.     duplicates drop conglome vivienda hogar codperso, force

Duplicates in terms of conglome vivienda hogar codperso

(0 observations are duplicates)
.     save "datos crudos/enaho01-2016-700b_wide.dta", replace
file datos crudos/enaho01-2016-700b_wide.dta saved
. }

. 
. capture confirm file "datos crudos/enaho02-2016-2000a.dta"

. if _rc == 0 {
.     use "datos crudos/enaho02-2016-2000a.dta", clear
. 
.     * --- Armonizacion de nombres (Typos INEI) ---
.     capture rename p713b16 p713b
.     capture rename p713d16 p713d
.     capture rename p713e16 p713e
.     capture rename factor_07 factor07
.     * --------------------------------------------
. 
.     * --- Estandarizacion extrema de llaves (Anti-Ceros y Espacios) ---
.     foreach var in conglome vivienda hogar codperso codinfor { 
  2.         capture confirm variable `var'
  3.         if _rc == 0 {
  4.             capture tostring `var', replace force
  5.             capture replace `var' = trim(`var')
  6.             capture destring `var', replace force
  7.         }
  8.     }
.     * -----------------------------------------------------------------
.     drop if missing(conglome) | missing(vivienda) | missing(hogar) | missing(
> codperso)
(0 observations deleted)
.     duplicates drop

Duplicates in terms of all variables

(0 observations are duplicates)
.     bysort conglome vivienda hogar codperso: gen num_parcela = _n
.     tostring num_parcela, generate(j_str)
j_str generated as str2
.     replace j_str = "_" + j_str
variable j_str was str2 now str3
(31,867 real changes made)
.     drop num_parcela
. 
.     * --- Ahorro de Memoria: Borrado Quirúrgico ---
.     capture drop año
.     capture drop a?o
.     capture drop mes
.     capture drop nconglome
.     capture drop ubigeo
.     capture drop dominio
.     capture drop estrato
.     capture drop periodo
.     capture drop codinfor
.     capture drop factor*
.     capture drop factora*
.     * ---------------------------------------------
.     ds conglome vivienda hogar codperso j_str, not
p2005a   p2005c1  p2005c3  p2005c5  p2005c7  p2005e   p2005f2  p2005f4
p2005b   p2005c2  p2005c4  p2005c6  p2005d   p2005f1  p2005f3
.     local vars `r(varlist)'
.     foreach v of local vars {
  2.         rename `v' v_`v'
  3.     }
.     ds conglome vivienda hogar codperso j_str, not
v_p2005a   v_p2005c2  v_p2005c5  v_p2005d   v_p2005f2
v_p2005b   v_p2005c3  v_p2005c6  v_p2005e   v_p2005f3
v_p2005c1  v_p2005c4  v_p2005c7  v_p2005f1  v_p2005f4
.     local vars_wide `r(varlist)'
.     reshape wide `vars_wide', i(conglome vivienda hogar codperso) j(j_str) st
> ring
(j = _1 _10 _11 _12 _13 _14 _15 _16 _17 _18 _19 _2 _20 _21 _22 _23 _24 _25 _26 
> _27 _28 _29 _3 _30 _4 _5 _6 _7 _8 _9)

Data                               Long   ->   Wide
-----------------------------------------------------------------------------
Number of observations           31,867   ->   12,731      
Number of variables                  20   ->   454         
j variable (30 values)            j_str   ->   (dropped)
xij variables:
                               v_p2005a   ->   v_p2005a_1 v_p2005a_10 ... v_p20
> 05a_9
                               v_p2005b   ->   v_p2005b_1 v_p2005b_10 ... v_p20
> 05b_9
                              v_p2005c1   ->   v_p2005c1_1 v_p2005c1_10 ... v_p
> 2005c1_9
                              v_p2005c2   ->   v_p2005c2_1 v_p2005c2_10 ... v_p
> 2005c2_9
                              v_p2005c3   ->   v_p2005c3_1 v_p2005c3_10 ... v_p
> 2005c3_9
                              v_p2005c4   ->   v_p2005c4_1 v_p2005c4_10 ... v_p
> 2005c4_9
                              v_p2005c5   ->   v_p2005c5_1 v_p2005c5_10 ... v_p
> 2005c5_9
                              v_p2005c6   ->   v_p2005c6_1 v_p2005c6_10 ... v_p
> 2005c6_9
                              v_p2005c7   ->   v_p2005c7_1 v_p2005c7_10 ... v_p
> 2005c7_9
                               v_p2005d   ->   v_p2005d_1 v_p2005d_10 ... v_p20
> 05d_9
                               v_p2005e   ->   v_p2005e_1 v_p2005e_10 ... v_p20
> 05e_9
                              v_p2005f1   ->   v_p2005f1_1 v_p2005f1_10 ... v_p
> 2005f1_9
                              v_p2005f2   ->   v_p2005f2_1 v_p2005f2_10 ... v_p
> 2005f2_9
                              v_p2005f3   ->   v_p2005f3_1 v_p2005f3_10 ... v_p
> 2005f3_9
                              v_p2005f4   ->   v_p2005f4_1 v_p2005f4_10 ... v_p
> 2005f4_9
-----------------------------------------------------------------------------
.     duplicates drop conglome vivienda hogar codperso, force

Duplicates in terms of conglome vivienda hogar codperso

(0 observations are duplicates)
.     save "datos crudos/enaho02-2016-2000a_wide.dta", replace
file datos crudos/enaho02-2016-2000a_wide.dta saved
. }

. 
. capture confirm file "datos crudos/enaho02-2016-2100.dta"

. if _rc == 0 {
.     use "datos crudos/enaho02-2016-2100.dta", clear
. 
.     * --- Armonizacion de nombres (Typos INEI) ---
.     capture rename p713b16 p713b
.     capture rename p713d16 p713d
.     capture rename p713e16 p713e
.     capture rename factor_07 factor07
.     * --------------------------------------------
. 
.     * --- Estandarizacion extrema de llaves (Anti-Ceros y Espacios) ---
.     foreach var in conglome vivienda hogar codperso codinfor { 
  2.         capture confirm variable `var'
  3.         if _rc == 0 {
  4.             capture tostring `var', replace force
  5.             capture replace `var' = trim(`var')
  6.             capture destring `var', replace force
  7.         }
  8.     }
.     * -----------------------------------------------------------------
.     drop if missing(conglome) | missing(vivienda) | missing(hogar) | missing(
> codperso)
(0 observations deleted)
.     duplicates drop

Duplicates in terms of all variables

(0 observations are duplicates)
.     bysort conglome vivienda hogar codperso: gen num_cultivo = _n
.     tostring num_cultivo, generate(j_str)
j_str generated as str2
.     replace j_str = "_" + j_str
variable j_str was str2 now str3
(85,805 real changes made)
.     drop num_cultivo
. 
.     * --- Ahorro de Memoria: Borrado Quirúrgico ---
.     capture drop año
.     capture drop a?o
.     capture drop mes
.     capture drop nconglome
.     capture drop ubigeo
.     capture drop dominio
.     capture drop estrato
.     capture drop periodo
.     capture drop codinfor
.     capture drop factor*
.     capture drop factora*
.     * ---------------------------------------------
.     ds conglome vivienda hogar codperso j_str, not
p2100a    p21001b   p21002a1  p21002d   p21002f   p21002i   p21002l   p21002t
p2100b    p21001c   p21002b   p21002e   p21002g   p21002j   p21002m
p21001a   p21002a   p21002c   p21002e1  p21002h   p21002k   p21002n
.     local vars `r(varlist)'
.     foreach v of local vars {
  2.         rename `v' v_`v'
  3.     }
.     ds conglome vivienda hogar codperso j_str, not
v_p2100a    v_p21001c   v_p21002c   v_p21002f   v_p21002j   v_p21002n
v_p2100b    v_p21002a   v_p21002d   v_p21002g   v_p21002k   v_p21002t
v_p21001a   v_p21002a1  v_p21002e   v_p21002h   v_p21002l
v_p21001b   v_p21002b   v_p21002e1  v_p21002i   v_p21002m
.     local vars_wide `r(varlist)'
.     reshape wide `vars_wide', i(conglome vivienda hogar codperso) j(j_str) st
> ring
(j = _1 _10 _11 _12 _13 _14 _15 _16 _17 _18 _19 _2 _20 _21 _22 _23 _24 _25 _26 
> _27 _28 _29 _3 _30 _31 _32 _33 _34 _35 _36 _37 _38 _39 _4 _40 _41 _42 _43 _44
>  _45 _46 _47 _48 _5 _6 _7 _8 _9)

Data                               Long   ->   Wide
-----------------------------------------------------------------------------
Number of observations           85,805   ->   12,572      
Number of variables                  27   ->   1,060       
j variable (48 values)            j_str   ->   (dropped)
xij variables:
                               v_p2100a   ->   v_p2100a_1 v_p2100a_10 ... v_p21
> 00a_9
                               v_p2100b   ->   v_p2100b_1 v_p2100b_10 ... v_p21
> 00b_9
                              v_p21001a   ->   v_p21001a_1 v_p21001a_10 ... v_p
> 21001a_9
                              v_p21001b   ->   v_p21001b_1 v_p21001b_10 ... v_p
> 21001b_9
                              v_p21001c   ->   v_p21001c_1 v_p21001c_10 ... v_p
> 21001c_9
                              v_p21002a   ->   v_p21002a_1 v_p21002a_10 ... v_p
> 21002a_9
                             v_p21002a1   ->   v_p21002a1_1 v_p21002a1_10 ... v
> _p21002a1_9
                              v_p21002b   ->   v_p21002b_1 v_p21002b_10 ... v_p
> 21002b_9
                              v_p21002c   ->   v_p21002c_1 v_p21002c_10 ... v_p
> 21002c_9
                              v_p21002d   ->   v_p21002d_1 v_p21002d_10 ... v_p
> 21002d_9
                              v_p21002e   ->   v_p21002e_1 v_p21002e_10 ... v_p
> 21002e_9
                             v_p21002e1   ->   v_p21002e1_1 v_p21002e1_10 ... v
> _p21002e1_9
                              v_p21002f   ->   v_p21002f_1 v_p21002f_10 ... v_p
> 21002f_9
                              v_p21002g   ->   v_p21002g_1 v_p21002g_10 ... v_p
> 21002g_9
                              v_p21002h   ->   v_p21002h_1 v_p21002h_10 ... v_p
> 21002h_9
                              v_p21002i   ->   v_p21002i_1 v_p21002i_10 ... v_p
> 21002i_9
                              v_p21002j   ->   v_p21002j_1 v_p21002j_10 ... v_p
> 21002j_9
                              v_p21002k   ->   v_p21002k_1 v_p21002k_10 ... v_p
> 21002k_9
                              v_p21002l   ->   v_p21002l_1 v_p21002l_10 ... v_p
> 21002l_9
                              v_p21002m   ->   v_p21002m_1 v_p21002m_10 ... v_p
> 21002m_9
                              v_p21002n   ->   v_p21002n_1 v_p21002n_10 ... v_p
> 21002n_9
                              v_p21002t   ->   v_p21002t_1 v_p21002t_10 ... v_p
> 21002t_9
-----------------------------------------------------------------------------
.     duplicates drop conglome vivienda hogar codperso, force

Duplicates in terms of conglome vivienda hogar codperso

(0 observations are duplicates)
.     save "datos crudos/enaho02-2016-2100_wide.dta", replace
file datos crudos/enaho02-2016-2100_wide.dta saved
. }

. 
. capture confirm file "datos crudos/enaho02-2016-2200.dta"

. if _rc == 0 {
.     use "datos crudos/enaho02-2016-2200.dta", clear
. 
.     * --- Armonizacion de nombres (Typos INEI) ---
.     capture rename p713b16 p713b
.     capture rename p713d16 p713d
.     capture rename p713e16 p713e
.     capture rename factor_07 factor07
.     * --------------------------------------------
. 
.     * --- Estandarizacion extrema de llaves (Anti-Ceros y Espacios) ---
.     foreach var in conglome vivienda hogar codperso codinfor { 
  2.         capture confirm variable `var'
  3.         if _rc == 0 {
  4.             capture tostring `var', replace force
  5.             capture replace `var' = trim(`var')
  6.             capture destring `var', replace force
  7.         }
  8.     }
.     * -----------------------------------------------------------------
.     drop if missing(conglome) | missing(vivienda) | missing(hogar) | missing(
> codperso)
(0 observations deleted)
.     duplicates drop

Duplicates in terms of all variables

(0 observations are duplicates)
.     bysort conglome vivienda hogar codperso: gen num_subprod_agri = _n
.     tostring num_subprod_agri, generate(j_str)
j_str generated as str2
.     replace j_str = "_" + j_str
variable j_str was str2 now str3
(32,799 real changes made)
.     drop num_subprod_agri
. 
.     * --- Ahorro de Memoria: Borrado Quirúrgico ---
.     capture drop año
.     capture drop a?o
.     capture drop mes
.     capture drop nconglome
.     capture drop ubigeo
.     capture drop dominio
.     capture drop estrato
.     capture drop periodo
.     capture drop codinfor
.     capture drop factor*
.     capture drop factora*
.     * ---------------------------------------------
.     ds conglome vivienda hogar codperso j_str, not
p2200a    p22001a   p22001c   p22002a1  p22002c   p22002d   p22002f   p22002h
p2200b    p22001b   p22002a   p22002b   p22002c1  p22002e   p22002g   p22002t
.     local vars `r(varlist)'
.     foreach v of local vars {
  2.         rename `v' v_`v'
  3.     }
.     ds conglome vivienda hogar codperso j_str, not
v_p2200a    v_p22001b   v_p22002a1  v_p22002c1  v_p22002f   v_p22002t
v_p2200b    v_p22001c   v_p22002b   v_p22002d   v_p22002g
v_p22001a   v_p22002a   v_p22002c   v_p22002e   v_p22002h
.     local vars_wide `r(varlist)'
.     reshape wide `vars_wide', i(conglome vivienda hogar codperso) j(j_str) st
> ring
(j = _1 _10 _11 _12 _13 _14 _15 _2 _3 _4 _5 _6 _7 _8 _9)

Data                               Long   ->   Wide
-----------------------------------------------------------------------------
Number of observations           32,799   ->   8,199       
Number of variables                  21   ->   244         
j variable (15 values)            j_str   ->   (dropped)
xij variables:
                               v_p2200a   ->   v_p2200a_1 v_p2200a_10 ... v_p22
> 00a_9
                               v_p2200b   ->   v_p2200b_1 v_p2200b_10 ... v_p22
> 00b_9
                              v_p22001a   ->   v_p22001a_1 v_p22001a_10 ... v_p
> 22001a_9
                              v_p22001b   ->   v_p22001b_1 v_p22001b_10 ... v_p
> 22001b_9
                              v_p22001c   ->   v_p22001c_1 v_p22001c_10 ... v_p
> 22001c_9
                              v_p22002a   ->   v_p22002a_1 v_p22002a_10 ... v_p
> 22002a_9
                             v_p22002a1   ->   v_p22002a1_1 v_p22002a1_10 ... v
> _p22002a1_9
                              v_p22002b   ->   v_p22002b_1 v_p22002b_10 ... v_p
> 22002b_9
                              v_p22002c   ->   v_p22002c_1 v_p22002c_10 ... v_p
> 22002c_9
                             v_p22002c1   ->   v_p22002c1_1 v_p22002c1_10 ... v
> _p22002c1_9
                              v_p22002d   ->   v_p22002d_1 v_p22002d_10 ... v_p
> 22002d_9
                              v_p22002e   ->   v_p22002e_1 v_p22002e_10 ... v_p
> 22002e_9
                              v_p22002f   ->   v_p22002f_1 v_p22002f_10 ... v_p
> 22002f_9
                              v_p22002g   ->   v_p22002g_1 v_p22002g_10 ... v_p
> 22002g_9
                              v_p22002h   ->   v_p22002h_1 v_p22002h_10 ... v_p
> 22002h_9
                              v_p22002t   ->   v_p22002t_1 v_p22002t_10 ... v_p
> 22002t_9
-----------------------------------------------------------------------------
.     duplicates drop conglome vivienda hogar codperso, force

Duplicates in terms of conglome vivienda hogar codperso

(0 observations are duplicates)
.     save "datos crudos/enaho02-2016-2200_wide.dta", replace
file datos crudos/enaho02-2016-2200_wide.dta saved
. }

. 
. capture confirm file "datos crudos/enaho02-2016-2300.dta"

. if _rc == 0 {
.     use "datos crudos/enaho02-2016-2300.dta", clear
. 
.     * --- Armonizacion de nombres (Typos INEI) ---
.     capture rename p713b16 p713b
.     capture rename p713d16 p713d
.     capture rename p713e16 p713e
.     capture rename factor_07 factor07
.     * --------------------------------------------
. 
.     * --- Estandarizacion extrema de llaves (Anti-Ceros y Espacios) ---
.     foreach var in conglome vivienda hogar codperso codinfor { 
  2.         capture confirm variable `var'
  3.         if _rc == 0 {
  4.             capture tostring `var', replace force
  5.             capture replace `var' = trim(`var')
  6.             capture destring `var', replace force
  7.         }
  8.     }
.     * -----------------------------------------------------------------
.     drop if missing(conglome) | missing(vivienda) | missing(hogar) | missing(
> codperso)
(0 observations deleted)
.     duplicates drop

Duplicates in terms of all variables

(0 observations are duplicates)
.     bysort conglome vivienda hogar codperso: gen num_forestal = _n
.     tostring num_forestal, generate(j_str)
j_str generated as str2
.     replace j_str = "_" + j_str
variable j_str was str2 now str3
(9,378 real changes made)
.     drop num_forestal
. 
.     * --- Ahorro de Memoria: Borrado Quirúrgico ---
.     capture drop año
.     capture drop a?o
.     capture drop mes
.     capture drop nconglome
.     capture drop ubigeo
.     capture drop dominio
.     capture drop estrato
.     capture drop periodo
.     capture drop codinfor
.     capture drop factor*
.     capture drop factora*
.     * ---------------------------------------------
.     ds conglome vivienda hogar codperso j_str, not
p2300a   p2300b   p23001   p23002a  p23002b  p23002c  p23002t
.     local vars `r(varlist)'
.     foreach v of local vars {
  2.         rename `v' v_`v'
  3.     }
.     ds conglome vivienda hogar codperso j_str, not
v_p2300a   v_p2300b   v_p23001   v_p23002a  v_p23002b  v_p23002c  v_p23002t
.     local vars_wide `r(varlist)'
.     reshape wide `vars_wide', i(conglome vivienda hogar codperso) j(j_str) st
> ring
(j = _1 _10 _2 _3 _4 _5 _6 _7 _8 _9)

Data                               Long   ->   Wide
-----------------------------------------------------------------------------
Number of observations            9,378   ->   3,787       
Number of variables                  12   ->   74          
j variable (10 values)            j_str   ->   (dropped)
xij variables:
                               v_p2300a   ->   v_p2300a_1 v_p2300a_10 ... v_p23
> 00a_9
                               v_p2300b   ->   v_p2300b_1 v_p2300b_10 ... v_p23
> 00b_9
                               v_p23001   ->   v_p23001_1 v_p23001_10 ... v_p23
> 001_9
                              v_p23002a   ->   v_p23002a_1 v_p23002a_10 ... v_p
> 23002a_9
                              v_p23002b   ->   v_p23002b_1 v_p23002b_10 ... v_p
> 23002b_9
                              v_p23002c   ->   v_p23002c_1 v_p23002c_10 ... v_p
> 23002c_9
                              v_p23002t   ->   v_p23002t_1 v_p23002t_10 ... v_p
> 23002t_9
-----------------------------------------------------------------------------
.     duplicates drop conglome vivienda hogar codperso, force

Duplicates in terms of conglome vivienda hogar codperso

(0 observations are duplicates)
.     save "datos crudos/enaho02-2016-2300_wide.dta", replace
file datos crudos/enaho02-2016-2300_wide.dta saved
. }

. 
. capture confirm file "datos crudos/enaho02-2016-2500.dta"

. if _rc == 0 {
.     use "datos crudos/enaho02-2016-2500.dta", clear
. 
.     * --- Armonizacion de nombres (Typos INEI) ---
.     capture rename p713b16 p713b
.     capture rename p713d16 p713d
.     capture rename p713e16 p713e
.     capture rename factor_07 factor07
.     * --------------------------------------------
. 
.     * --- Estandarizacion extrema de llaves (Anti-Ceros y Espacios) ---
.     foreach var in conglome vivienda hogar codperso codinfor { 
  2.         capture confirm variable `var'
  3.         if _rc == 0 {
  4.             capture tostring `var', replace force
  5.             capture replace `var' = trim(`var')
  6.             capture destring `var', replace force
  7.         }
  8.     }
.     * -----------------------------------------------------------------
.     drop if missing(conglome) | missing(vivienda) | missing(hogar) | missing(
> codperso)
(0 observations deleted)
.     duplicates drop

Duplicates in terms of all variables

(0 observations are duplicates)
.     bysort conglome vivienda hogar codperso: gen num_pecuario = _n
.     tostring num_pecuario, generate(j_str)
j_str generated as str2
.     replace j_str = "_" + j_str
variable j_str was str2 now str3
(46,266 real changes made)
.     drop num_pecuario
. 
.     * --- Ahorro de Memoria: Borrado Quirúrgico ---
.     capture drop año
.     capture drop a?o
.     capture drop mes
.     capture drop nconglome
.     capture drop ubigeo
.     capture drop dominio
.     capture drop estrato
.     capture drop periodo
.     capture drop codinfor
.     capture drop factor*
.     capture drop factora*
.     * ---------------------------------------------
.     ds conglome vivienda hogar codperso j_str, not
p2500a    p25002a2  p25002d1  p25002g1  p25002i2  p25002l1  p25002o1
p2500b    p25002b1  p25002d2  p25002g2  p25002j1  p25002l2  p25002o2
p25001a   p25002b2  p25002e1  p25002h1  p25002j2  p25002m1  p25002o3
p25001b   p25002c1  p25002e2  p25002h2  p25002k1  p25002m2  p25002t
p25002a1  p25002c2  p25002f1  p25002i1  p25002k2  p25002n1
.     local vars `r(varlist)'
.     foreach v of local vars {
  2.         rename `v' v_`v'
  3.     }
.     ds conglome vivienda hogar codperso j_str, not
v_p2500a    v_p25002b1  v_p25002e1  v_p25002h2  v_p25002k2  v_p25002o1
v_p2500b    v_p25002b2  v_p25002e2  v_p25002i1  v_p25002l1  v_p25002o2
v_p25001a   v_p25002c1  v_p25002f1  v_p25002i2  v_p25002l2  v_p25002o3
v_p25001b   v_p25002c2  v_p25002g1  v_p25002j1  v_p25002m1  v_p25002t
v_p25002a1  v_p25002d1  v_p25002g2  v_p25002j2  v_p25002m2
v_p25002a2  v_p25002d2  v_p25002h1  v_p25002k1  v_p25002n1
.     local vars_wide `r(varlist)'
.     reshape wide `vars_wide', i(conglome vivienda hogar codperso) j(j_str) st
> ring
(j = _1 _10 _2 _3 _4 _5 _6 _7 _8 _9)

Data                               Long   ->   Wide
-----------------------------------------------------------------------------
Number of observations           46,266   ->   12,475      
Number of variables                  39   ->   344         
j variable (10 values)            j_str   ->   (dropped)
xij variables:
                               v_p2500a   ->   v_p2500a_1 v_p2500a_10 ... v_p25
> 00a_9
                               v_p2500b   ->   v_p2500b_1 v_p2500b_10 ... v_p25
> 00b_9
                              v_p25001a   ->   v_p25001a_1 v_p25001a_10 ... v_p
> 25001a_9
                              v_p25001b   ->   v_p25001b_1 v_p25001b_10 ... v_p
> 25001b_9
                             v_p25002a1   ->   v_p25002a1_1 v_p25002a1_10 ... v
> _p25002a1_9
                             v_p25002a2   ->   v_p25002a2_1 v_p25002a2_10 ... v
> _p25002a2_9
                             v_p25002b1   ->   v_p25002b1_1 v_p25002b1_10 ... v
> _p25002b1_9
                             v_p25002b2   ->   v_p25002b2_1 v_p25002b2_10 ... v
> _p25002b2_9
                             v_p25002c1   ->   v_p25002c1_1 v_p25002c1_10 ... v
> _p25002c1_9
                             v_p25002c2   ->   v_p25002c2_1 v_p25002c2_10 ... v
> _p25002c2_9
                             v_p25002d1   ->   v_p25002d1_1 v_p25002d1_10 ... v
> _p25002d1_9
                             v_p25002d2   ->   v_p25002d2_1 v_p25002d2_10 ... v
> _p25002d2_9
                             v_p25002e1   ->   v_p25002e1_1 v_p25002e1_10 ... v
> _p25002e1_9
                             v_p25002e2   ->   v_p25002e2_1 v_p25002e2_10 ... v
> _p25002e2_9
                             v_p25002f1   ->   v_p25002f1_1 v_p25002f1_10 ... v
> _p25002f1_9
                             v_p25002g1   ->   v_p25002g1_1 v_p25002g1_10 ... v
> _p25002g1_9
                             v_p25002g2   ->   v_p25002g2_1 v_p25002g2_10 ... v
> _p25002g2_9
                             v_p25002h1   ->   v_p25002h1_1 v_p25002h1_10 ... v
> _p25002h1_9
                             v_p25002h2   ->   v_p25002h2_1 v_p25002h2_10 ... v
> _p25002h2_9
                             v_p25002i1   ->   v_p25002i1_1 v_p25002i1_10 ... v
> _p25002i1_9
                             v_p25002i2   ->   v_p25002i2_1 v_p25002i2_10 ... v
> _p25002i2_9
                             v_p25002j1   ->   v_p25002j1_1 v_p25002j1_10 ... v
> _p25002j1_9
                             v_p25002j2   ->   v_p25002j2_1 v_p25002j2_10 ... v
> _p25002j2_9
                             v_p25002k1   ->   v_p25002k1_1 v_p25002k1_10 ... v
> _p25002k1_9
                             v_p25002k2   ->   v_p25002k2_1 v_p25002k2_10 ... v
> _p25002k2_9
                             v_p25002l1   ->   v_p25002l1_1 v_p25002l1_10 ... v
> _p25002l1_9
                             v_p25002l2   ->   v_p25002l2_1 v_p25002l2_10 ... v
> _p25002l2_9
                             v_p25002m1   ->   v_p25002m1_1 v_p25002m1_10 ... v
> _p25002m1_9
                             v_p25002m2   ->   v_p25002m2_1 v_p25002m2_10 ... v
> _p25002m2_9
                             v_p25002n1   ->   v_p25002n1_1 v_p25002n1_10 ... v
> _p25002n1_9
                             v_p25002o1   ->   v_p25002o1_1 v_p25002o1_10 ... v
> _p25002o1_9
                             v_p25002o2   ->   v_p25002o2_1 v_p25002o2_10 ... v
> _p25002o2_9
                             v_p25002o3   ->   v_p25002o3_1 v_p25002o3_10 ... v
> _p25002o3_9
                              v_p25002t   ->   v_p25002t_1 v_p25002t_10 ... v_p
> 25002t_9
-----------------------------------------------------------------------------
.     duplicates drop conglome vivienda hogar codperso, force

Duplicates in terms of conglome vivienda hogar codperso

(0 observations are duplicates)
.     save "datos crudos/enaho02-2016-2500_wide.dta", replace
file datos crudos/enaho02-2016-2500_wide.dta saved
. }

. 
. capture confirm file "datos crudos/enaho02-2016-2600.dta"

. if _rc == 0 {
.     use "datos crudos/enaho02-2016-2600.dta", clear
. 
.     * --- Armonizacion de nombres (Typos INEI) ---
.     capture rename p713b16 p713b
.     capture rename p713d16 p713d
.     capture rename p713e16 p713e
.     capture rename factor_07 factor07
.     * --------------------------------------------
. 
.     * --- Estandarizacion extrema de llaves (Anti-Ceros y Espacios) ---
.     foreach var in conglome vivienda hogar codperso codinfor { 
  2.         capture confirm variable `var'
  3.         if _rc == 0 {
  4.             capture tostring `var', replace force
  5.             capture replace `var' = trim(`var')
  6.             capture destring `var', replace force
  7.         }
  8.     }
.     * -----------------------------------------------------------------
.     drop if missing(conglome) | missing(vivienda) | missing(hogar) | missing(
> codperso)
(0 observations deleted)
.     duplicates drop

Duplicates in terms of all variables

(0 observations are duplicates)
.     bysort conglome vivienda hogar codperso: gen num_subprod_pec = _n
.     tostring num_subprod_pec, generate(j_str)
j_str generated as str2
.     replace j_str = "_" + j_str
variable j_str was str2 now str3
(31,481 real changes made)
.     drop num_subprod_pec
. 
.     * --- Ahorro de Memoria: Borrado Quirúrgico ---
.     capture drop año
.     capture drop a?o
.     capture drop mes
.     capture drop nconglome
.     capture drop ubigeo
.     capture drop dominio
.     capture drop estrato
.     capture drop periodo
.     capture drop codinfor
.     capture drop factor*
.     capture drop factora*
.     * ---------------------------------------------
.     ds conglome vivienda hogar codperso j_str, not
p2600a   p26001a  p26001c  p26002b  p26002d  p26002f  p26002h
p2600b   p26001b  p26002a  p26002c  p26002e  p26002g  p26002t
.     local vars `r(varlist)'
.     foreach v of local vars {
  2.         rename `v' v_`v'
  3.     }
.     ds conglome vivienda hogar codperso j_str, not
v_p2600a   v_p26001a  v_p26001c  v_p26002b  v_p26002d  v_p26002f  v_p26002h
v_p2600b   v_p26001b  v_p26002a  v_p26002c  v_p26002e  v_p26002g  v_p26002t
.     local vars_wide `r(varlist)'
.     reshape wide `vars_wide', i(conglome vivienda hogar codperso) j(j_str) st
> ring
(j = _1 _10 _11 _12 _2 _3 _4 _5 _6 _7 _8 _9)

Data                               Long   ->   Wide
-----------------------------------------------------------------------------
Number of observations           31,481   ->   10,316      
Number of variables                  19   ->   172         
j variable (12 values)            j_str   ->   (dropped)
xij variables:
                               v_p2600a   ->   v_p2600a_1 v_p2600a_10 ... v_p26
> 00a_9
                               v_p2600b   ->   v_p2600b_1 v_p2600b_10 ... v_p26
> 00b_9
                              v_p26001a   ->   v_p26001a_1 v_p26001a_10 ... v_p
> 26001a_9
                              v_p26001b   ->   v_p26001b_1 v_p26001b_10 ... v_p
> 26001b_9
                              v_p26001c   ->   v_p26001c_1 v_p26001c_10 ... v_p
> 26001c_9
                              v_p26002a   ->   v_p26002a_1 v_p26002a_10 ... v_p
> 26002a_9
                              v_p26002b   ->   v_p26002b_1 v_p26002b_10 ... v_p
> 26002b_9
                              v_p26002c   ->   v_p26002c_1 v_p26002c_10 ... v_p
> 26002c_9
                              v_p26002d   ->   v_p26002d_1 v_p26002d_10 ... v_p
> 26002d_9
                              v_p26002e   ->   v_p26002e_1 v_p26002e_10 ... v_p
> 26002e_9
                              v_p26002f   ->   v_p26002f_1 v_p26002f_10 ... v_p
> 26002f_9
                              v_p26002g   ->   v_p26002g_1 v_p26002g_10 ... v_p
> 26002g_9
                              v_p26002h   ->   v_p26002h_1 v_p26002h_10 ... v_p
> 26002h_9
                              v_p26002t   ->   v_p26002t_1 v_p26002t_10 ... v_p
> 26002t_9
-----------------------------------------------------------------------------
.     duplicates drop conglome vivienda hogar codperso, force

Duplicates in terms of conglome vivienda hogar codperso

(0 observations are duplicates)
.     save "datos crudos/enaho02-2016-2600_wide.dta", replace
file datos crudos/enaho02-2016-2600_wide.dta saved
. }

. 
. capture confirm file "datos crudos/enaho02-2016-2000.dta"

. if _rc == 0 {
.     use "datos crudos/enaho02-2016-2000.dta", clear
. 
.     * --- Armonizacion de nombres (Typos INEI) ---
.     capture rename p713b16 p713b
.     capture rename p713d16 p713d
.     capture rename p713e16 p713e
.     capture rename factor_07 factor07
.     * --------------------------------------------
. 
.     * --- Estandarizacion extrema de llaves (Anti-Ceros y Espacios) ---
.     foreach var in conglome vivienda hogar codperso codinfor { 
  2.         capture confirm variable `var'
  3.         if _rc == 0 {
  4.             capture tostring `var', replace force
  5.             capture replace `var' = trim(`var')
  6.             capture destring `var', replace force
  7.         }
  8.     }
.     * -----------------------------------------------------------------
. 
.     * --- Ahorro de Memoria: Borrado Quirúrgico ---
.     capture drop año
.     capture drop a?o
.     capture drop mes
.     capture drop nconglome
.     capture drop ubigeo
.     capture drop dominio
.     capture drop estrato
.     capture drop periodo
.     capture drop codinfor
.     capture drop factor*
.     capture drop factora*
.     * ---------------------------------------------
.     drop if missing(conglome) | missing(vivienda) | missing(hogar) | missing(
> codperso)
(0 observations deleted)
.     duplicates drop conglome vivienda hogar codperso, force

Duplicates in terms of conglome vivienda hogar codperso

(0 observations are duplicates)
.     save "datos crudos/enaho02-2016-2000_clean.dta", replace
file datos crudos/enaho02-2016-2000_clean.dta saved
. }

. 
. capture confirm file "datos crudos/enaho02-2016-2400.dta"

. if _rc == 0 {
.     use "datos crudos/enaho02-2016-2400.dta", clear
. 
.     * --- Armonizacion de nombres (Typos INEI) ---
.     capture rename p713b16 p713b
.     capture rename p713d16 p713d
.     capture rename p713e16 p713e
.     capture rename factor_07 factor07
.     * --------------------------------------------
. 
.     * --- Estandarizacion extrema de llaves (Anti-Ceros y Espacios) ---
.     foreach var in conglome vivienda hogar codperso codinfor { 
  2.         capture confirm variable `var'
  3.         if _rc == 0 {
  4.             capture tostring `var', replace force
  5.             capture replace `var' = trim(`var')
  6.             capture destring `var', replace force
  7.         }
  8.     }
.     * -----------------------------------------------------------------
. 
.     * --- Ahorro de Memoria: Borrado Quirúrgico ---
.     capture drop año
.     capture drop a?o
.     capture drop mes
.     capture drop nconglome
.     capture drop ubigeo
.     capture drop dominio
.     capture drop estrato
.     capture drop periodo
.     capture drop codinfor
.     capture drop factor*
.     capture drop factora*
.     * ---------------------------------------------
.     drop if missing(conglome) | missing(vivienda) | missing(hogar) | missing(
> codperso)
(0 observations deleted)
.     duplicates drop conglome vivienda hogar codperso, force

Duplicates in terms of conglome vivienda hogar codperso

(0 observations are duplicates)
.     save "datos crudos/enaho02-2016-2400_clean.dta", replace
file datos crudos/enaho02-2016-2400_clean.dta saved
. }

. 
. capture confirm file "datos crudos/enaho02-2016-2700.dta"

. if _rc == 0 {
.     use "datos crudos/enaho02-2016-2700.dta", clear
. 
.     * --- Armonizacion de nombres (Typos INEI) ---
.     capture rename p713b16 p713b
.     capture rename p713d16 p713d
.     capture rename p713e16 p713e
.     capture rename factor_07 factor07
.     * --------------------------------------------
. 
.     * --- Estandarizacion extrema de llaves (Anti-Ceros y Espacios) ---
.     foreach var in conglome vivienda hogar codperso codinfor { 
  2.         capture confirm variable `var'
  3.         if _rc == 0 {
  4.             capture tostring `var', replace force
  5.             capture replace `var' = trim(`var')
  6.             capture destring `var', replace force
  7.         }
  8.     }
.     * -----------------------------------------------------------------
. 
.     * --- Ahorro de Memoria: Borrado Quirúrgico ---
.     capture drop año
.     capture drop a?o
.     capture drop mes
.     capture drop nconglome
.     capture drop ubigeo
.     capture drop dominio
.     capture drop estrato
.     capture drop periodo
.     capture drop codinfor
.     capture drop factor*
.     capture drop factora*
.     * ---------------------------------------------
.     drop if missing(conglome) | missing(vivienda) | missing(hogar) | missing(
> codperso)
(0 observations deleted)
.     duplicates drop conglome vivienda hogar codperso, force

Duplicates in terms of conglome vivienda hogar codperso

(0 observations are duplicates)
.     save "datos crudos/enaho02-2016-2700_clean.dta", replace
file datos crudos/enaho02-2016-2700_clean.dta saved
. }

. 
. use "datos crudos/enaho01-2016-200.dta", clear

. 
.     * --- Estandarizacion extrema de llaves (Anti-Ceros y Espacios) ---
.     foreach var in conglome vivienda hogar codperso codinfor { 
  2.         capture confirm variable `var'
  3.         if _rc == 0 {
  4.             capture tostring `var', replace force
  5.             capture replace `var' = trim(`var')
  6.             capture destring `var', replace force
  7.         }
  8.     }

.     * -----------------------------------------------------------------
. drop if missing(conglome) | missing(vivienda) | missing(hogar) | missing(codp
> erso)
(0 observations deleted)

. duplicates drop conglome vivienda hogar codperso, force

Duplicates in terms of conglome vivienda hogar codperso

(0 observations are duplicates)

. 
. capture confirm file "datos crudos/enaho01a-2016-300_clean.dta"

. if _rc == 0 {
.     merge 1:1 conglome vivienda hogar codperso using "datos crudos/enaho01a-2
> 016-300_clean.dta", force
(label p209 already defined)
(label p207 already defined)
(label p206 already defined)
(label p205 already defined)
(label p204 already defined)
(label p203 already defined)

    Result                      Number of obs
    -----------------------------------------
    Not matched                        13,288
        from master                    13,288  (_merge==1)
        from using                          0  (_merge==2)

    Matched                           125,139  (_merge==3)
    -----------------------------------------
.     drop if _merge == 2
(0 observations deleted)
.     drop _merge
. }

. capture confirm file "datos crudos/enaho01a-2016-400_clean.dta"

. if _rc == 0 {
.     merge 1:1 conglome vivienda hogar codperso using "datos crudos/enaho01a-2
> 016-400_clean.dta", force
(label p203 already defined)
(label p204 already defined)
(label p205 already defined)
(label p206 already defined)
(label p207 already defined)
(label p209 already defined)
(label p301a already defined)
(label ticuest01a already defined)

    Result                      Number of obs
    -----------------------------------------
    Not matched                         7,147
        from master                     7,147  (_merge==1)
        from using                          0  (_merge==2)

    Matched                           131,280  (_merge==3)
    -----------------------------------------
.     drop if _merge == 2
(0 observations deleted)
.     drop _merge
. }

. capture confirm file "datos crudos/enaho01a-2016-500_clean.dta"

. if _rc == 0 {
.     merge 1:1 conglome vivienda hogar codperso using "datos crudos/enaho01a-2
> 016-500_clean.dta", force
(label p203 already defined)
(label p204 already defined)
(label p205 already defined)
(label p206 already defined)
(label p207 already defined)
(label p209 already defined)
(label p301a already defined)
(label ticuest01a already defined)

    Result                      Number of obs
    -----------------------------------------
    Not matched                        41,005
        from master                    41,005  (_merge==1)
        from using                          0  (_merge==2)

    Matched                            97,422  (_merge==3)
    -----------------------------------------
.     drop if _merge == 2
(0 observations deleted)
.     drop _merge
. }

. capture confirm file "datos crudos/enaho01b-2016-1_clean.dta"

. if _rc == 0 {
.     merge 1:1 conglome vivienda hogar codperso using "datos crudos/enaho01b-2
> 016-1_clean.dta", force

    Result                      Number of obs
    -----------------------------------------
    Not matched                       102,642
        from master                   102,642  (_merge==1)
        from using                          0  (_merge==2)

    Matched                            35,785  (_merge==3)
    -----------------------------------------
.     drop if _merge == 2
(0 observations deleted)
.     drop _merge
. }

. capture confirm file "datos crudos/enaho01b-2016-2_clean.dta"

. if _rc == 0 {
.     merge 1:1 conglome vivienda hogar codperso using "datos crudos/enaho01b-2
> 016-2_clean.dta", force
(label ticuest01b already defined)

    Result                      Number of obs
    -----------------------------------------
    Not matched                       102,642
        from master                   102,642  (_merge==1)
        from using                          0  (_merge==2)

    Matched                            35,785  (_merge==3)
    -----------------------------------------
.     drop if _merge == 2
(0 observations deleted)
.     drop _merge
. }

. capture confirm file "datos crudos/enaho01b-2016-3_clean.dta"

. if _rc == 0 {
.     merge 1:1 conglome vivienda hogar codperso using "datos crudos/enaho01b-2
> 016-3_clean.dta", force
.     drop if _merge == 2
.     drop _merge
. }

. capture confirm file "datos crudos/enaho01-2016-700a_wide.dta"

. if _rc == 0 {
.     merge 1:1 conglome vivienda hogar codperso using "datos crudos/enaho01-20
> 16-700a_wide.dta", force

    Result                      Number of obs
    -----------------------------------------
    Not matched                       116,887
        from master                   116,887  (_merge==1)
        from using                          0  (_merge==2)

    Matched                            21,540  (_merge==3)
    -----------------------------------------
.     drop if _merge == 2
(0 observations deleted)
.     drop _merge
. }

. capture confirm file "datos crudos/enaho01-2016-700b_wide.dta"

. if _rc == 0 {
.     merge 1:1 conglome vivienda hogar codperso using "datos crudos/enaho01-20
> 16-700b_wide.dta", force

    Result                      Number of obs
    -----------------------------------------
    Not matched                       124,784
        from master                   124,784  (_merge==1)
        from using                          0  (_merge==2)

    Matched                            13,643  (_merge==3)
    -----------------------------------------
.     drop if _merge == 2
(0 observations deleted)
.     drop _merge
. }

. capture confirm file "datos crudos/enaho02-2016-2000_clean.dta"

. if _rc == 0 {
.     merge 1:1 conglome vivienda hogar codperso using "datos crudos/enaho02-20
> 16-2000_clean.dta", force

    Result                      Number of obs
    -----------------------------------------
    Not matched                       123,928
        from master                   123,928  (_merge==1)
        from using                          0  (_merge==2)

    Matched                            14,499  (_merge==3)
    -----------------------------------------
.     drop if _merge == 2
(0 observations deleted)
.     drop _merge
. }

. capture confirm file "datos crudos/enaho02-2016-2000a_wide.dta"

. if _rc == 0 {
.     merge 1:1 conglome vivienda hogar codperso using "datos crudos/enaho02-20
> 16-2000a_wide.dta", force

    Result                      Number of obs
    -----------------------------------------
    Not matched                       125,696
        from master                   125,696  (_merge==1)
        from using                          0  (_merge==2)

    Matched                            12,731  (_merge==3)
    -----------------------------------------
.     drop if _merge == 2
(0 observations deleted)
.     drop _merge
. }

. capture confirm file "datos crudos/enaho02-2016-2100_wide.dta"

. if _rc == 0 {
.     merge 1:1 conglome vivienda hogar codperso using "datos crudos/enaho02-20
> 16-2100_wide.dta", force

    Result                      Number of obs
    -----------------------------------------
    Not matched                       125,855
        from master                   125,855  (_merge==1)
        from using                          0  (_merge==2)

    Matched                            12,572  (_merge==3)
    -----------------------------------------
.     drop if _merge == 2
(0 observations deleted)
.     drop _merge
. }

. capture confirm file "datos crudos/enaho02-2016-2200_wide.dta"

. if _rc == 0 {
.     merge 1:1 conglome vivienda hogar codperso using "datos crudos/enaho02-20
> 16-2200_wide.dta", force

    Result                      Number of obs
    -----------------------------------------
    Not matched                       130,228
        from master                   130,228  (_merge==1)
        from using                          0  (_merge==2)

    Matched                             8,199  (_merge==3)
    -----------------------------------------
.     drop if _merge == 2
(0 observations deleted)
.     drop _merge
. }

. capture confirm file "datos crudos/enaho02-2016-2300_wide.dta"

. if _rc == 0 {
.     merge 1:1 conglome vivienda hogar codperso using "datos crudos/enaho02-20
> 16-2300_wide.dta", force

    Result                      Number of obs
    -----------------------------------------
    Not matched                       134,640
        from master                   134,640  (_merge==1)
        from using                          0  (_merge==2)

    Matched                             3,787  (_merge==3)
    -----------------------------------------
.     drop if _merge == 2
(0 observations deleted)
.     drop _merge
. }

. capture confirm file "datos crudos/enaho02-2016-2400_clean.dta"

. if _rc == 0 {
.     merge 1:1 conglome vivienda hogar codperso using "datos crudos/enaho02-20
> 16-2400_clean.dta", force

    Result                      Number of obs
    -----------------------------------------
    Not matched                       125,834
        from master                   125,834  (_merge==1)
        from using                          0  (_merge==2)

    Matched                            12,593  (_merge==3)
    -----------------------------------------
.     drop if _merge == 2
(0 observations deleted)
.     drop _merge
. }

. capture confirm file "datos crudos/enaho02-2016-2500_wide.dta"

. if _rc == 0 {
.     merge 1:1 conglome vivienda hogar codperso using "datos crudos/enaho02-20
> 16-2500_wide.dta", force

    Result                      Number of obs
    -----------------------------------------
    Not matched                       125,952
        from master                   125,952  (_merge==1)
        from using                          0  (_merge==2)

    Matched                            12,475  (_merge==3)
    -----------------------------------------
.     drop if _merge == 2
(0 observations deleted)
.     drop _merge
. }

. capture confirm file "datos crudos/enaho02-2016-2600_wide.dta"

. if _rc == 0 {
.     merge 1:1 conglome vivienda hogar codperso using "datos crudos/enaho02-20
> 16-2600_wide.dta", force

    Result                      Number of obs
    -----------------------------------------
    Not matched                       128,111
        from master                   128,111  (_merge==1)
        from using                          0  (_merge==2)

    Matched                            10,316  (_merge==3)
    -----------------------------------------
.     drop if _merge == 2
(0 observations deleted)
.     drop _merge
. }

. capture confirm file "datos crudos/enaho02-2016-2700_clean.dta"

. if _rc == 0 {
.     merge 1:1 conglome vivienda hogar codperso using "datos crudos/enaho02-20
> 16-2700_clean.dta", force

    Result                      Number of obs
    -----------------------------------------
    Not matched                       126,386
        from master                   126,386  (_merge==1)
        from using                          0  (_merge==2)

    Matched                            12,041  (_merge==3)
    -----------------------------------------
.     drop if _merge == 2
(0 observations deleted)
.     drop _merge
. }

. save "datos crudos/temp_personas_2016.dta", replace
file datos crudos/temp_personas_2016.dta saved

. 
. use "datos crudos/temp_personas_2016.dta", clear

. capture confirm file "datos crudos/enaho01-2016-100_clean.dta"

. if _rc == 0 {
.     merge m:1 conglome vivienda hogar using "datos crudos/enaho01-2016-100_cl
> ean.dta", force
(label p501 already defined)
(label p502 already defined)
(label p503 already defined)
(label p504 already defined)
(label p5041 already defined)
(label p5042 already defined)
(label p5043 already defined)
(label p5044 already defined)
(label p5045 already defined)
(label p5046 already defined)
(label p5047 already defined)
(label p5048 already defined)
(label p5049 already defined)
(label p50410 already defined)
(label p50411 already defined)
(label p507 already defined)
(label p508 already defined)
(label p509 already defined)
(label p510 already defined)
(label p510a1 already defined)
(label p510b already defined)
(label p5111 already defined)
(label p5112 already defined)
(label p5113 already defined)
(label p5114 already defined)
(label p5115 already defined)
(label p5116 already defined)
(label p5117 already defined)
(label p5118 already defined)
(label p5119 already defined)
(label p51110 already defined)
(label p51111 already defined)
(label p51112 already defined)
(label p511a already defined)
(label p512a already defined)
(label p513 already defined)
(label p514 already defined)
(label p5151 already defined)
(label p5152 already defined)
(label p5153 already defined)
(label p5154 already defined)
(label p5155 already defined)
(label p5156 already defined)
(label p5157 already defined)
(label p5158 already defined)
(label p5159 already defined)
(label p51510 already defined)
(label p51511 already defined)
(label p517 already defined)
(label p517a already defined)
(label p517b1 already defined)
(label p517c already defined)
(label p517d1 already defined)
(label p519 already defined)
(label p520a already defined)
(label p521 already defined)
(label p521a already defined)
(label p521c already defined)
(label p521d already defined)
(label p523 already defined)
(label p524a2 already defined)
(label p524b2 already defined)
(label p524c2 already defined)
(label p524d2 already defined)
(label p524e2 already defined)
(label p528 already defined)
(label p5291a already defined)
(label p5291c already defined)
(label p5292a already defined)
(label p5292c already defined)
(label p5293a already defined)
(label p5293c already defined)
(label p5294a already defined)
(label p5294c already defined)
(label p5295a already defined)
(label p5295c already defined)
(label p5296a already defined)
(label p5296c already defined)
(label p5297a already defined)
(label p530b already defined)
(label p535 already defined)
(label p5371 already defined)
(label p5372 already defined)
(label p5373 already defined)
(label p5374 already defined)
(label p5375 already defined)
(label p5376 already defined)
(label p5377 already defined)
(label p5378 already defined)
(label p5379 already defined)
(label p53710 already defined)
(label p53711 already defined)
(label p53712 already defined)
(label p538a2 already defined)
(label p538b2 already defined)
(label p538c2 already defined)
(label p538d2 already defined)
(label p538e2 already defined)
(label p539 already defined)
(label p5401a already defined)
(label p5401c already defined)
(label p5402a already defined)
(label p5402c already defined)
(label p5403a already defined)
(label p5403c already defined)
(label p5404a already defined)
(label p5404c already defined)
(label p5405a already defined)
(label p5405c already defined)
(label p5406a already defined)
(label p5406c already defined)
(label p5407a already defined)
(label p541b already defined)
(label p542 already defined)
(label p5441a already defined)
(label p5442a already defined)
(label p5443a already defined)
(label p5444a already defined)
(label p5445a already defined)
(label p5446a already defined)
(label p5447a already defined)
(label p5448a already defined)
(label p545 already defined)
(label p546 already defined)
(label p547 already defined)
(label p548 already defined)
(label p549 already defined)
(label p550 already defined)
(label p552 already defined)
(label p555 already defined)
(label p5561a already defined)
(label p5561b already defined)
(label p5561d already defined)
(label p5562a already defined)
(label p5562b already defined)
(label p5562d already defined)
(label p5563a already defined)
(label p5563b already defined)
(label p5563c1 already defined)
(label p5563d already defined)
(label p5563f already defined)
(label p5563g already defined)
(label p5564a already defined)
(label p5564b already defined)
(label p5564d already defined)
(label p5565a already defined)
(label p5565b already defined)
(label p5565d already defined)
(label p5566a already defined)
(label p5566b already defined)
(label p5566d already defined)
(label p5567a already defined)
(label p5567b already defined)
(label p5567d already defined)
(label p5568a already defined)
(label p5568b already defined)
(label p5568d already defined)
(label p5569a already defined)
(label p5569b already defined)
(label p5569d already defined)
(label p5571a already defined)
(label p5571b already defined)
(label p5572a already defined)
(label p5572b already defined)
(label p5573a already defined)
(label p5573b already defined)
(label p5574a already defined)
(label p5574b already defined)
(label p5575a already defined)
(label p5575b already defined)
(label p5576a already defined)
(label p5576b already defined)
(label p5577a already defined)
(label p5577b already defined)
(label p5578a already defined)
(label p5578b already defined)
(label p5581a already defined)
(label p5582a already defined)
(label p5583a already defined)
(label p5584a already defined)
(label p5585a already defined)
(label p5586a already defined)
(label p5587a already defined)
(label p558a1 already defined)
(label p558a2 already defined)
(label p558a3 already defined)
(label p558a4 already defined)
(label p558a5 already defined)
(label p558b3 already defined)
(label p558c already defined)
(label p558d already defined)
(label p558e1 already defined)
(label p558e2 already defined)
(label p558e3 already defined)
(label p558e4 already defined)
(label p558e5 already defined)
(label p558e6 already defined)
(label p558f already defined)
(label p558g1 already defined)
(label p558g2 already defined)
(label p558g3 already defined)
(label p558g4 already defined)
(label p558g5 already defined)
(label p558h1_1 already defined)
(label p558h1_2 already defined)
(label p558h1_3 already defined)
(label p558h1_4 already defined)
(label p558h1_5 already defined)
(label p558h1_6 already defined)
(label p558h2_1 already defined)
(label p558h2_2 already defined)
(label p558h2_3 already defined)
(label p558h2_4 already defined)
(label p558h2_5 already defined)
(label p558h2_6 already defined)
(label p558h3_1 already defined)
(label p558h3_2 already defined)
(label p558h3_3 already defined)
(label p558h3_4 already defined)
(label p558h3_5 already defined)
(label p558h3_6 already defined)
(label p558h4_1 already defined)
(label p558h4_2 already defined)
(label p558h4_3 already defined)
(label p558h4_4 already defined)
(label p558h4_5 already defined)
(label p558h4_6 already defined)
(label p558h5_1 already defined)
(label p558h5_2 already defined)
(label p558h5_3 already defined)
(label p558h5_4 already defined)
(label p558h5_5 already defined)
(label p558h5_6 already defined)
(label p558h6_1 already defined)
(label p558h6_2 already defined)
(label p558h6_3 already defined)
(label p558h6_4 already defined)
(label p558h6_5 already defined)
(label p558h6_6 already defined)
(label p558h7_1 already defined)
(label p558h7_2 already defined)
(label p558h7_3 already defined)
(label p558h7_4 already defined)
(label p558h7_5 already defined)
(label p558h7_6 already defined)
(label p558h8_1 already defined)
(label p558h8_2 already defined)
(label p558h8_3 already defined)
(label p558h8_4 already defined)
(label p558h8_5 already defined)
(label p558h8_6 already defined)
(label p558h9_1 already defined)
(label p558h9_2 already defined)
(label p558h9_3 already defined)
(label p558h9_4 already defined)
(label p558h9_5 already defined)
(label p558h9_6 already defined)
(label p558h10_1 already defined)
(label p558h10_2 already defined)
(label p558h10_3 already defined)
(label p558h10_4 already defined)
(label p558h10_5 already defined)
(label p558h10_6 already defined)
(label p558h11_1 already defined)
(label p558h11_2 already defined)
(label p558h11_3 already defined)
(label p558h11_4 already defined)
(label p558h11_5 already defined)
(label p558h11_6 already defined)
(label p558h12_1 already defined)
(label p558h12_2 already defined)
(label p558h12_3 already defined)
(label p558h12_4 already defined)
(label p558h12_5 already defined)
(label p558h12_6 already defined)
(label p559_01 already defined)
(label p559_02 already defined)
(label p559_03 already defined)
(label p559_04 already defined)
(label p559_05 already defined)
(label p559_06 already defined)
(label p559_07 already defined)
(label p559_08 already defined)
(label p559_09 already defined)
(label p559_10 already defined)
(label p559_11 already defined)
(label p559_12 already defined)
(label p559_13 already defined)
(label p559_14 already defined)
(label p559_15 already defined)
(label p559b_01 already defined)
(label p559b_02 already defined)
(label p559b_03 already defined)
(label p559b_04 already defined)
(label p559b_05 already defined)
(label p559b_06 already defined)
(label p559b_07 already defined)
(label p559b_08 already defined)
(label p559b_09 already defined)
(label p559b_10 already defined)
(label p559b_11 already defined)
(label p559b_12 already defined)
(label p559b_13 already defined)
(label p559b_14 already defined)
(label p559b_15 already defined)
(label p559c_01 already defined)
(label p559c_02 already defined)
(label p559c_03 already defined)
(label p559c_04 already defined)
(label p559c_05 already defined)
(label p559c_06 already defined)
(label p559c_07 already defined)
(label p559c_08 already defined)
(label p559c_09 already defined)
(label p559c_10 already defined)
(label p559c_11 already defined)
(label p559c_12 already defined)
(label p559c_13 already defined)
(label p559c_14 already defined)
(label p559c_15 already defined)
(label p559e_01 already defined)
(label p559e_02 already defined)
(label p559e_03 already defined)
(label p559e_04 already defined)
(label p559e_05 already defined)
(label p559e_06 already defined)
(label p559e_07 already defined)
(label p559e_08 already defined)
(label p559e_09 already defined)
(label p559e_10 already defined)
(label p559e_11 already defined)
(label p559e_12 already defined)
(label p559e_13 already defined)
(label p559e_14 already defined)
(label p559e_15 already defined)
(label p560t_01 already defined)
(label p560t_02 already defined)
(label p560t_03 already defined)
(label p560t_04 already defined)
(label p560t_05 already defined)
(label p560t_06 already defined)
(label p560t_07 already defined)
(label p560t_08 already defined)
(label p560t_09 already defined)
(label p560t_10 already defined)
(label p560a1_01 already defined)
(label p560a1_02 already defined)
(label p560a1_03 already defined)
(label p560a1_04 already defined)
(label p560a1_05 already defined)
(label p560a1_06 already defined)
(label p560a1_07 already defined)
(label p560a1_08 already defined)
(label p560a1_09 already defined)
(label p560a1_10 already defined)
(label p560c_01 already defined)
(label p560c_02 already defined)
(label p560c_03 already defined)
(label p560c_04 already defined)
(label p560c_05 already defined)
(label p560c_06 already defined)
(label p560c_07 already defined)
(label p560c_08 already defined)
(label p560c_09 already defined)
(label p560c_10 already defined)
(label p560e_01 already defined)
(label p560e_02 already defined)
(label p560e_03 already defined)
(label p560e_04 already defined)
(label p560e_05 already defined)
(label p560e_06 already defined)
(label p560e_07 already defined)
(label p560e_08 already defined)
(label p560e_09 already defined)
(label p560e_10 already defined)
(label p599 already defined)
(label ocu500 already defined)
(label LABB already defined)
(label LABC already defined)
(label LABD already defined)
(label t546 already defined)
(label t549 already defined)
(label t5587a already defined)
(label t558c already defined)
(label t560_01 already defined)
(label t560_02 already defined)
(label t560_03 already defined)
(label t560_04 already defined)
(label t560_05 already defined)
(label t560_06 already defined)
(label t560_071 already defined)
(label t560_072 already defined)
(label t560_073 already defined)
(label t560_074 already defined)
(label t560_075 already defined)
(label t560_076 already defined)
(label t560_077 already defined)
(label t560_078 already defined)
(label t560_08 already defined)
(label t560_09 already defined)
(label t560_10 already defined)
(label ocupinf already defined)
(label emplpsec already defined)
(label p203 already defined)
(label p203b already defined)
(label p204 already defined)
(label p205 already defined)
(label p206 already defined)
(label p207 already defined)
(label p208a1 already defined)
(label p209 already defined)
(label p210 already defined)
(label p211a already defined)
(label p217 already defined)
(label t211 already defined)
(label ocupac_r3 already defined)
(label ticuest01 already defined)
(label p300a already defined)
(label p301a already defined)
(label p301d already defined)
(label p301a0 already defined)
(label p301b0 already defined)
(label p302 already defined)
(label p302x already defined)
(label p302a already defined)
(label p302b already defined)
(label p303 already defined)
(label p304a already defined)
(label p304d already defined)
(label p305 already defined)
(label p306 already defined)
(label p307 already defined)
(label p308a already defined)
(label p308d already defined)
(label p308b1 already defined)
(label p308b2 already defined)
(label p308b3 already defined)
(label p308b4 already defined)
(label p308b5 already defined)
(label p310 already defined)
(label p310b1 already defined)
(label p310c0 already defined)
(label p310e0 already defined)
(label p311n_1 already defined)
(label p311n_2 already defined)
(label p311n_3 already defined)
(label p311n_4 already defined)
(label p311n_5 already defined)
(label p311n_6 already defined)
(label p311n_7 already defined)
(label p311n_8 already defined)
(label p311_1 already defined)
(label p311_2 already defined)
(label p311_3 already defined)
(label p311_4 already defined)
(label p311_5 already defined)
(label p311_6 already defined)
(label p311_7 already defined)
(label p311_8 already defined)
(label p311a1_1 already defined)
(label p311a1_2 already defined)
(label p311a1_3 already defined)
(label p311a1_4 already defined)
(label p311a1_5 already defined)
(label p311a1_6 already defined)
(label p311a1_7 already defined)
(label p311a1_8 already defined)
(label p311a2_1 already defined)
(label p311a2_2 already defined)
(label p311a2_3 already defined)
(label p311a2_4 already defined)
(label p311a2_5 already defined)
(label p311a2_6 already defined)
(label p311a2_7 already defined)
(label p311a2_8 already defined)
(label p311a3_1 already defined)
(label p311a3_2 already defined)
(label p311a3_3 already defined)
(label p311a3_4 already defined)
(label p311a3_5 already defined)
(label p311a3_6 already defined)
(label p311a3_7 already defined)
(label p311a3_8 already defined)
(label p311a4_1 already defined)
(label p311a4_2 already defined)
(label p311a4_3 already defined)
(label p311a4_4 already defined)
(label p311a4_5 already defined)
(label p311a4_6 already defined)
(label p311a4_7 already defined)
(label p311a4_8 already defined)
(label p311a5_1 already defined)
(label p311a5_2 already defined)
(label p311a5_3 already defined)
(label p311a5_4 already defined)
(label p311a5_5 already defined)
(label p311a5_6 already defined)
(label p311a5_7 already defined)
(label p311a5_8 already defined)
(label p311a6_1 already defined)
(label p311a6_2 already defined)
(label p311a6_3 already defined)
(label p311a6_4 already defined)
(label p311a6_5 already defined)
(label p311a6_6 already defined)
(label p311a6_7 already defined)
(label p311a6_8 already defined)
(label p311a7_1 already defined)
(label p311a7_2 already defined)
(label p311a7_3 already defined)
(label p311a7_4 already defined)
(label p311a7_5 already defined)
(label p311a7_6 already defined)
(label p311a7_7 already defined)
(label p311a7_8 already defined)
(label p311c_1 already defined)
(label p311c_2 already defined)
(label p311c_3 already defined)
(label p311c_4 already defined)
(label p311c_7 already defined)
(label p311c_8 already defined)
(label p3121 already defined)
(label p3121a1 already defined)
(label p3121a2 already defined)
(label p3121a3 already defined)
(label p3121a4 already defined)
(label p3121a5 already defined)
(label p3121a6 already defined)
(label p3122 already defined)
(label p3122a1 already defined)
(label p3122a2 already defined)
(label p3122a3 already defined)
(label p3122a4 already defined)
(label p3122a5 already defined)
(label p3122a6 already defined)
(label p313 already defined)
(label p314a already defined)
(label p314b_1 already defined)
(label p314b_2 already defined)
(label p314b_3 already defined)
(label p314b_4 already defined)
(label p314b_5 already defined)
(label p314b_6 already defined)
(label p314b_7 already defined)
(label p314b1_1 already defined)
(label p314b1_2 already defined)
(label p314b1_3 already defined)
(label p314b1_4 already defined)
(label p314b1_5 already defined)
(label p314b1_6 already defined)
(label p314b1_7 already defined)
(label p314d already defined)
(label p3151 already defined)
(label p3152 already defined)
(label p3153 already defined)
(label p3154 already defined)
(label p3155 already defined)
(label p3156 already defined)
(label p316_1 already defined)
(label p316_2 already defined)
(label p316_3 already defined)
(label p316_4 already defined)
(label p316_5 already defined)
(label p316_6 already defined)
(label p316_7 already defined)
(label p316_8 already defined)
(label p316_9 already defined)
(label p316_10 already defined)
(label p316_11 already defined)
(label t313a already defined)
(label imputado already defined)
(label ticuest01a already defined)
(label t314b_6 already defined)
(label t22a_9 already defined)
(label t22a_8 already defined)
(label t22a_7 already defined)
(label t22a_6 already defined)
(label t22a_5 already defined)
(label t22a_4 already defined)
(label t22a_3 already defined)
(label t22a_2 already defined)
(label t22a_1 already defined)
(label t2_1_16 already defined)
(label ticuest01b already defined)
(label p301_01 already defined)
(label p209_01 already defined)
(label p207_01 already defined)
(label p206_01 already defined)
(label p205_01 already defined)
(label p204_01 already defined)
(label p203_01 already defined)
(label p22a_9 already defined)
(label p22a_8 already defined)
(label p22a_7 already defined)
(label p22a_6 already defined)
(label p22a_5 already defined)
(label p22a_4 already defined)
(label p22a_3 already defined)
(label p22a_2 already defined)
(label p22a_1 already defined)
(label p221_9 already defined)
(label p221_8 already defined)
(label p221_7 already defined)
(label p221_6 already defined)
(label p221_5 already defined)
(label p221_4 already defined)
(label p221_3 already defined)
(label p221_2 already defined)
(label p221_1 already defined)
(label p21 already defined)
(label p10_4 already defined)
(label p10_3 already defined)
(label p10_2 already defined)
(label p10_1 already defined)
(label p9 already defined)
(label p7 already defined)
(label p6 already defined)
(label p4 already defined)
(label p3 already defined)
(label p2a1_4 already defined)
(label p2a1_3 already defined)
(label p2a1_2 already defined)
(label p2a1_1 already defined)
(label p1_21 already defined)
(label p1_20 already defined)
(label p1_19 already defined)
(label p1_18 already defined)
(label p1_17 already defined)
(label p1_16 already defined)
(label p1_15 already defined)
(label p1_14 already defined)
(label p1_13 already defined)
(label p1_12 already defined)
(label p1_11 already defined)
(label p1_10 already defined)
(label p1_09 already defined)
(label p1_08 already defined)
(label p1_07 already defined)
(label p1_06 already defined)
(label p1_05 already defined)
(label p1_04 already defined)
(label p1_03 already defined)
(label p1_02 already defined)
(label p1_01 already defined)

    Result                      Number of obs
    -----------------------------------------
    Not matched                         9,134
        from master                         0  (_merge==1)
        from using                      9,134  (_merge==2)

    Matched                           138,427  (_merge==3)
    -----------------------------------------
.     drop if _merge == 2
(9,134 observations deleted)
.     drop _merge
. }

. capture confirm file "datos crudos/enaho01-2016-700_clean.dta"

. if _rc == 0 {
.     merge m:1 conglome vivienda hogar using "datos crudos/enaho01-2016-700_cl
> ean.dta", force
(label ticuest01 already defined)

    Result                      Number of obs
    -----------------------------------------
    Not matched                             0
    Matched                           138,427  (_merge==3)
    -----------------------------------------
.     drop if _merge == 2
(0 observations deleted)
.     drop _merge
. }

. capture confirm file "datos crudos/sumaria-2016_clean.dta"

. if _rc == 0 {
.     merge m:1 conglome vivienda hogar using "datos crudos/sumaria-2016_clean.
> dta", force

    Result                      Number of obs
    -----------------------------------------
    Not matched                             0
    Matched                           138,427  (_merge==3)
    -----------------------------------------
.     drop if _merge == 2
(0 observations deleted)
.     drop _merge
. }

. save "datos crudos/2016.dta", replace
file datos crudos/2016.dta saved

. 
. use "datos crudos/2016.dta", clear

. rename conglome con_16

. rename vivienda viv_16

. rename hogar hog_16

. save "datos crudos/2016n.dta", replace
file datos crudos/2016n.dta saved

. 
. use "datos crudos/enaho01_2012_2016_100_panel.dta", clear

.     * --- Armonizar llaves maestras del Panel Antiguo ---
.     capture rename cenl numpanh

.     capture rename num_hog numpanh

.     * -----------------------------------------------------------
.     * --- Armonizar nombres mutantes del Panel ---
.     capture rename factor_07_16 factor07_16

.     capture rename factor07_16_16 factor07_16

.     capture rename factor07_16a factor07_16

.     capture rename facpanel* fac_panel*

.     * -----------------------------------------------------------
.     * --- KEEP SEGURO (Evita error 111 si faltan variables) ---
.     local keep_vars numpanh mes_16 conglome_16 vivienda_16 hogar_16 ubigeo_16
>  dominio_16 estrato_16 factor07_16

.     foreach v in p101_16 p105a_16 tipenc_16 fecent_16 result_16 panel_16 peri
> odo_16 {
  2.         capture confirm variable `v'
  3.         if _rc == 0 {
  4.             local keep_vars `keep_vars' `v'
  5.         }
  6.     }

.     foreach prefix in hpan hpanel fac_panel facpanel {
  2.         capture ds `prefix'*
  3.         if _rc == 0 {
  4.             local keep_vars `keep_vars' `r(varlist)'
  5.         }
  6.     }

.     local keep_vars: list uniq keep_vars

.     keep `keep_vars'

.     * -----------------------------------------------------------
. rename conglome_16 con_16

. rename vivienda_16 viv_16

. rename hogar_16 hog_16

.     * --- Estandarizacion extrema del Panel ---
.     foreach var in con_16 viv_16 hog_16 numpanh {
  2.         capture confirm variable `var'
  3.         if _rc == 0 {
  4.             capture tostring `var', replace force
  5.             capture replace `var' = trim(`var')
  6.             capture destring `var', replace force
  7.         }
  8.     }

. capture destring mes_16, replace force

. keep if inrange(mes_16, 1, 12)
(118,543 observations deleted)

. drop if missing(con_16) | missing(viv_16) | missing(hog_16)
(0 observations deleted)

. duplicates drop con_16 viv_16 hog_16, force

Duplicates in terms of con_16 viv_16 hog_16

(0 observations are duplicates)

. gen ID = 2016

. merge 1:m con_16 viv_16 hog_16 using "datos crudos/2016n.dta", force
(label LABB already defined)
(label LABC already defined)
(label LABD already defined)

    Result                      Number of obs
    -----------------------------------------
    Not matched                         9,134
        from master                     9,134  (_merge==1)
        from using                          0  (_merge==2)

    Matched                           138,427  (_merge==3)
    -----------------------------------------

. drop if _merge == 1
(9,134 observations deleted)

. drop _merge

. rename con_16 conglome

. rename viv_16 vivienda

. rename hog_16 hogar

. save "resultados/2016_enahop.dta", replace
file resultados/2016_enahop.dta saved

. 
. **************************************************
. * CAPA 3: APPEND MASIVO (CREANDO BASE MASTER INDIVIDUO-AÑO)
. **************************************************
. 
. use "resultados/2012_enahop.dta", clear

. capture confirm file "resultados/2013_enahop.dta"

. if _rc == 0 {
.     append using "resultados/2013_enahop.dta", force
(note: variable p310c1 was str6 in the using data, but will be long now)
(variable d311b_7 was int, now long to accommodate using data's values)
(variable i311d_1 was int, now float to accommodate using data's values)
(variable i3122b was int, now float to accommodate using data's values)
(variable i315b was int, now float to accommodate using data's values)
(variable p41614 was int, now float to accommodate using data's values)
(variable p41813 was float, now double to accommodate using data's values)
(variable p41814 was float, now double to accommodate using data's values)
(variable i41605 was int, now float to accommodate using data's values)
(variable i41805 was float, now double to accommodate using data's values)
(variable i41815 was int, now float to accommodate using data's values)
(variable i41816 was int, now float to accommodate using data's values)
(variable p5403b was byte, now int to accommodate using data's values)
(variable p541b was byte, now long to accommodate using data's values)
(variable p5446b was int, now long to accommodate using data's values)
(variable p5448b was int, now long to accommodate using data's values)
(variable p5573c was int, now long to accommodate using data's values)
(variable d5294b was float, now double to accommodate using data's values)
(variable d538b1 was int, now long to accommodate using data's values)
(variable d538c1 was int, now long to accommodate using data's values)
(variable d538d1 was int, now long to accommodate using data's values)
(variable d5567c was float, now double to accommodate using data's values)
(variable i524b1 was float, now double to accommodate using data's values)
(variable i538a1 was float, now double to accommodate using data's values)
(variable i5294b was float, now double to accommodate using data's values)
(variable p38 was int, now long to accommodate using data's values)
(variable v_p21002j_1 was int, now long to accommodate using data's values)
(variable v_p21002j_10 was int, now long to accommodate using data's values)
(variable v_p21002j_11 was int, now long to accommodate using data's values)
(variable v_p21002j_12 was int, now long to accommodate using data's values)
(variable v_p21002j_13 was int, now long to accommodate using data's values)
(variable v_p21002j_14 was int, now long to accommodate using data's values)
(variable v_p21002j_15 was int, now long to accommodate using data's values)
(variable v_p21002j_16 was int, now long to accommodate using data's values)
(variable v_p21002j_17 was int, now long to accommodate using data's values)
(variable v_p21002j_18 was int, now long to accommodate using data's values)
(variable v_p21002j_19 was int, now long to accommodate using data's values)
(variable v_p21002j_2 was int, now long to accommodate using data's values)
(variable v_p21002j_20 was int, now long to accommodate using data's values)
(variable v_p21002j_21 was int, now long to accommodate using data's values)
(variable v_p21002j_22 was int, now long to accommodate using data's values)
(variable v_p21002j_23 was int, now long to accommodate using data's values)
(variable v_p21002j_24 was int, now long to accommodate using data's values)
(variable v_p21002j_25 was int, now long to accommodate using data's values)
(variable v_p21002j_26 was int, now long to accommodate using data's values)
(variable v_p21002j_27 was int, now long to accommodate using data's values)
(variable v_p21002j_28 was int, now long to accommodate using data's values)
(variable v_p21002j_29 was int, now long to accommodate using data's values)
(variable v_p21002j_3 was int, now long to accommodate using data's values)
(variable v_p21002j_30 was int, now long to accommodate using data's values)
(variable v_p21002j_31 was int, now long to accommodate using data's values)
(variable v_p21002j_32 was int, now long to accommodate using data's values)
(variable v_p21002j_33 was int, now long to accommodate using data's values)
(variable v_p21002j_34 was int, now long to accommodate using data's values)
(variable v_p21002j_35 was int, now long to accommodate using data's values)
(variable v_p21002j_36 was int, now long to accommodate using data's values)
(variable v_p21002j_37 was int, now long to accommodate using data's values)
(variable v_p21002j_38 was int, now long to accommodate using data's values)
(variable v_p21002j_39 was int, now long to accommodate using data's values)
(variable v_p21002j_4 was int, now long to accommodate using data's values)
(variable v_p21002j_40 was int, now long to accommodate using data's values)
(variable v_p21002j_5 was int, now long to accommodate using data's values)
(variable v_p21002j_6 was int, now long to accommodate using data's values)
(variable v_p21002j_7 was int, now long to accommodate using data's values)
(variable v_p21002j_8 was int, now long to accommodate using data's values)
(variable v_p21002j_9 was int, now long to accommodate using data's values)
(variable v_p22002f_1 was int, now long to accommodate using data's values)
(variable v_p22002h_1 was int, now long to accommodate using data's values)
(variable v_p22002f_10 was int, now long to accommodate using data's values)
(variable v_p22002h_10 was int, now long to accommodate using data's values)
(variable v_p22002f_11 was int, now long to accommodate using data's values)
(variable v_p22002h_11 was int, now long to accommodate using data's values)
(variable v_p22002f_12 was int, now long to accommodate using data's values)
(variable v_p22002h_12 was int, now long to accommodate using data's values)
(variable v_p22002f_13 was int, now long to accommodate using data's values)
(variable v_p22002h_13 was int, now long to accommodate using data's values)
(variable v_p22002f_14 was int, now long to accommodate using data's values)
(variable v_p22002h_14 was int, now long to accommodate using data's values)
(variable v_p22002f_15 was int, now long to accommodate using data's values)
(variable v_p22002h_15 was int, now long to accommodate using data's values)
(variable v_p22002f_2 was int, now long to accommodate using data's values)
(variable v_p22002h_2 was int, now long to accommodate using data's values)
(variable v_p22002f_3 was int, now long to accommodate using data's values)
(variable v_p22002h_3 was int, now long to accommodate using data's values)
(variable v_p22002f_4 was int, now long to accommodate using data's values)
(variable v_p22002h_4 was int, now long to accommodate using data's values)
(variable v_p22002f_5 was int, now long to accommodate using data's values)
(variable v_p22002h_5 was int, now long to accommodate using data's values)
(variable v_p22002f_6 was int, now long to accommodate using data's values)
(variable v_p22002h_6 was int, now long to accommodate using data's values)
(variable v_p22002f_7 was int, now long to accommodate using data's values)
(variable v_p22002h_7 was int, now long to accommodate using data's values)
(variable v_p22002f_8 was int, now long to accommodate using data's values)
(variable v_p22002h_8 was int, now long to accommodate using data's values)
(variable v_p22002f_9 was int, now long to accommodate using data's values)
(variable v_p22002h_9 was int, now long to accommodate using data's values)
(variable v_p23002t_1 was int, now long to accommodate using data's values)
(variable v_p23002t_2 was int, now long to accommodate using data's values)
(variable v_p23002t_3 was int, now long to accommodate using data's values)
(variable v_p23002t_4 was int, now long to accommodate using data's values)
(variable v_p23002t_5 was int, now long to accommodate using data's values)
(variable v_p23002t_6 was int, now long to accommodate using data's values)
(variable v_p23002t_7 was int, now long to accommodate using data's values)
(variable p2400j was int, now long to accommodate using data's values)
(variable v_p25002b1_1 was int, now long to accommodate using data's values)
(variable v_p25002c1_1 was byte, now int to accommodate using data's values)
(variable v_p25002f1_1 was int, now long to accommodate using data's values)
(variable v_p25002n1_1 was int, now long to accommodate using data's values)
(variable v_p25002b1_10 was int, now long to accommodate using data's values)
(variable v_p25002c1_10 was byte, now int to accommodate using data's values)
(variable v_p25002f1_10 was int, now long to accommodate using data's values)
(variable v_p25002n1_10 was int, now long to accommodate using data's values)
(variable v_p25002b1_2 was int, now long to accommodate using data's values)
(variable v_p25002c1_2 was byte, now int to accommodate using data's values)
(variable v_p25002f1_2 was int, now long to accommodate using data's values)
(variable v_p25002n1_2 was int, now long to accommodate using data's values)
(variable v_p25002b1_3 was int, now long to accommodate using data's values)
(variable v_p25002c1_3 was byte, now int to accommodate using data's values)
(variable v_p25002f1_3 was int, now long to accommodate using data's values)
(variable v_p25002n1_3 was int, now long to accommodate using data's values)
(variable v_p25002b1_4 was int, now long to accommodate using data's values)
(variable v_p25002c1_4 was byte, now int to accommodate using data's values)
(variable v_p25002f1_4 was int, now long to accommodate using data's values)
(variable v_p25002n1_4 was int, now long to accommodate using data's values)
(variable v_p25002b1_5 was int, now long to accommodate using data's values)
(variable v_p25002c1_5 was byte, now int to accommodate using data's values)
(variable v_p25002f1_5 was int, now long to accommodate using data's values)
(variable v_p25002n1_5 was int, now long to accommodate using data's values)
(variable v_p25002b1_6 was int, now long to accommodate using data's values)
(variable v_p25002c1_6 was byte, now int to accommodate using data's values)
(variable v_p25002f1_6 was int, now long to accommodate using data's values)
(variable v_p25002n1_6 was int, now long to accommodate using data's values)
(variable v_p25002b1_7 was int, now long to accommodate using data's values)
(variable v_p25002c1_7 was byte, now int to accommodate using data's values)
(variable v_p25002f1_7 was int, now long to accommodate using data's values)
(variable v_p25002n1_7 was int, now long to accommodate using data's values)
(variable v_p25002b1_8 was int, now long to accommodate using data's values)
(variable v_p25002c1_8 was byte, now int to accommodate using data's values)
(variable v_p25002f1_8 was int, now long to accommodate using data's values)
(variable v_p25002n1_8 was int, now long to accommodate using data's values)
(variable v_p25002b1_9 was int, now long to accommodate using data's values)
(variable v_p25002c1_9 was byte, now int to accommodate using data's values)
(variable v_p25002f1_9 was int, now long to accommodate using data's values)
(variable v_p25002n1_9 was int, now long to accommodate using data's values)
(variable p2700e was int, now long to accommodate using data's values)
(variable p1172_05 was byte, now int to accommodate using data's values)
(variable p1172_07 was byte, now int to accommodate using data's values)
(variable p1172_09 was byte, now int to accommodate using data's values)
(variable p1173_13 was byte, now int to accommodate using data's values)
(variable p1174_04 was byte, now int to accommodate using data's values)
(variable p1174_10 was byte, now int to accommodate using data's values)
(variable d1172_04 was int, now long to accommodate using data's values)
(variable d1173_05 was byte, now int to accommodate using data's values)
(variable d1173_10 was byte, now int to accommodate using data's values)
(variable i1173_05 was byte, now int to accommodate using data's values)
(variable i1173_10 was byte, now int to accommodate using data's values)
(variable insedthd was float, now double to accommodate using data's values)
(variable ig06hd3 was byte, now int to accommodate using data's values)
(variable sg23 was float, now double to accommodate using data's values)
(variable sig24 was float, now double to accommodate using data's values)
(variable ga03hd was int, now float to accommodate using data's values)
(variable sg42 was float, now double to accommodate using data's values)
(variable sg42d was float, now double to accommodate using data's values)
(variable sg421 was float, now double to accommodate using data's values)
(variable sg42d1 was float, now double to accommodate using data's values)
(variable sg422 was float, now double to accommodate using data's values)
(variable sg42d2 was float, now double to accommodate using data's values)
(variable gru32hd2 was byte, now int to accommodate using data's values)
(variable gru33hd2 was int, now long to accommodate using data's values)
(variable gru53hd3 was int, now long to accommodate using data's values)
(variable gru63hd1 was int, now long to accommodate using data's values)
(variable gru83hd2 was int, now long to accommodate using data's values)
(variable gru86hd2 was byte, now int to accommodate using data's values)
(label p710_13 already defined)
(label p710_11 already defined)
(label p710_10 already defined)
(label p710_09 already defined)
(label p710_08 already defined)
(label p710_07 already defined)
(label p710_06 already defined)
(label p710_05 already defined)
(label p710_04 already defined)
(label p710_03 already defined)
(label p710_02 already defined)
(label p710_01 already defined)
(label p701_11 already defined)
(label p701_09 already defined)
(label p701_08 already defined)
(label p701_07 already defined)
(label p701_06 already defined)
(label p701_05 already defined)
(label p701_04 already defined)
(label p701_03 already defined)
(label p701_02 already defined)
(label p701_01 already defined)
(label p2600a already defined)
(label p2500a already defined)
(label p706a4 already defined)
(label p706a3 already defined)
(label p706a2 already defined)
(label p706a1 already defined)
(label p7064 already defined)
(label p7063 already defined)
(label p7062 already defined)
(label p7061 already defined)
(label p705 already defined)
(label p704 already defined)
(label p703 already defined)
(label p23f already defined)
(label p23e already defined)
(label p23c already defined)
(label ticuest0 already defined)
(label p21 already defined)
(label p10_4 already defined)
(label p10_3 already defined)
(label p10_2 already defined)
(label p10_1 already defined)
(label p9 already defined)
(label p7 already defined)
(label p6 already defined)
(label p4 already defined)
(label p3 already defined)
(label p2a1_4 already defined)
(label p2a1_3 already defined)
(label p2a1_2 already defined)
(label p2a1_1 already defined)
(label p1_16 already defined)
(label p1_15 already defined)
(label p1_14 already defined)
(label p1_13 already defined)
(label p1_12 already defined)
(label p1_11 already defined)
(label p1_10 already defined)
(label p1_09 already defined)
(label p1_08 already defined)
(label p1_07 already defined)
(label p1_06 already defined)
(label p1_05 already defined)
(label p1_04 already defined)
(label p1_03 already defined)
(label p1_02 already defined)
(label p1_01 already defined)
(label p400i already defined)
(label p401c already defined)
(label p401d1 already defined)
(label p401d2 already defined)
(label p401d3 already defined)
(label p401d4 already defined)
(label p401d5 already defined)
(label p401d6 already defined)
(label p401d7 already defined)
(label p401e1 already defined)
(label p401e2 already defined)
(label p401e3 already defined)
(label p401e4 already defined)
(label p401e5 already defined)
(label p401e6 already defined)
(label p4021 already defined)
(label p4022 already defined)
(label p4023 already defined)
(label p4024 already defined)
(label p4025 already defined)
(label p4031 already defined)
(label p4032 already defined)
(label p4033 already defined)
(label p4034 already defined)
(label p4035 already defined)
(label p4036 already defined)
(label p4037 already defined)
(label p4038 already defined)
(label p4039 already defined)
(label p40310 already defined)
(label p40311 already defined)
(label p40313 already defined)
(label p40314 already defined)
(label p4041 already defined)
(label p4042 already defined)
(label p4043 already defined)
(label p4044 already defined)
(label p4045 already defined)
(label p4046 already defined)
(label p407h already defined)
(label p4091 already defined)
(label p4092 already defined)
(label p4093 already defined)
(label p4094 already defined)
(label p4095 already defined)
(label p4096 already defined)
(label p4097 already defined)
(label p4098 already defined)
(label p4099 already defined)
(label p40910 already defined)
(label p4151_01 already defined)
(label p4151_02 already defined)
(label p4151_03 already defined)
(label p4151_04 already defined)
(label p4151_05 already defined)
(label p4151_06 already defined)
(label p4151_07 already defined)
(label p4151_08 already defined)
(label p4151_09 already defined)
(label p4151_10 already defined)
(label p4151_11 already defined)
(label p4151_12 already defined)
(label p4151_13 already defined)
(label p4151_14 already defined)
(label p4151_15 already defined)
(label p4151_16 already defined)
(label p4152_01 already defined)
(label p4152_02 already defined)
(label p4152_03 already defined)
(label p4152_04 already defined)
(label p4152_05 already defined)
(label p4152_06 already defined)
(label p4152_07 already defined)
(label p4152_08 already defined)
(label p4152_09 already defined)
(label p4152_10 already defined)
(label p4152_11 already defined)
(label p4152_12 already defined)
(label p4152_13 already defined)
(label p4152_14 already defined)
(label p4152_15 already defined)
(label p4153_01 already defined)
(label p4153_02 already defined)
(label p4153_03 already defined)
(label p4153_04 already defined)
(label p4153_05 already defined)
(label p4153_06 already defined)
(label p4153_07 already defined)
(label p4153_08 already defined)
(label p4153_09 already defined)
(label p4153_10 already defined)
(label p4153_11 already defined)
(label p4153_12 already defined)
(label p4153_13 already defined)
(label p4153_14 already defined)
(label p4153_15 already defined)
(label p4153_16 already defined)
(label p4154_01 already defined)
(label p4154_02 already defined)
(label p4154_03 already defined)
(label p4154_04 already defined)
(label p4154_05 already defined)
(label p4154_06 already defined)
(label p4154_07 already defined)
(label p4154_08 already defined)
(label p4154_09 already defined)
(label p4154_10 already defined)
(label p4154_11 already defined)
(label p4154_12 already defined)
(label p4154_13 already defined)
(label p4154_14 already defined)
(label p4154_15 already defined)
(label p4154_16 already defined)
(label p4155_01 already defined)
(label p4155_02 already defined)
(label p4155_03 already defined)
(label p4155_04 already defined)
(label p4155_05 already defined)
(label p4155_06 already defined)
(label p4155_07 already defined)
(label p4155_08 already defined)
(label p4155_09 already defined)
(label p4155_10 already defined)
(label p4155_11 already defined)
(label p4155_12 already defined)
(label p4155_13 already defined)
(label p4155_14 already defined)
(label p4155_15 already defined)
(label p4155_16 already defined)
(label p4156_01 already defined)
(label p4156_02 already defined)
(label p4156_03 already defined)
(label p4156_04 already defined)
(label p4156_05 already defined)
(label p4156_06 already defined)
(label p4156_07 already defined)
(label p4156_08 already defined)
(label p4156_09 already defined)
(label p4156_10 already defined)
(label p4156_11 already defined)
(label p4156_12 already defined)
(label p4156_13 already defined)
(label p4156_14 already defined)
(label p4156_15 already defined)
(label p4156_16 already defined)
(label p4157_01 already defined)
(label p4157_02 already defined)
(label p4157_03 already defined)
(label p4157_04 already defined)
(label p4157_05 already defined)
(label p4157_06 already defined)
(label p4157_07 already defined)
(label p4157_08 already defined)
(label p4157_09 already defined)
(label p4157_10 already defined)
(label p4157_11 already defined)
(label p4157_12 already defined)
(label p4157_13 already defined)
(label p4157_14 already defined)
(label p4157_15 already defined)
(label p4157_16 already defined)
(label p4158_01 already defined)
(label p4158_02 already defined)
(label p4158_03 already defined)
(label p4158_04 already defined)
(label p4158_05 already defined)
(label p4158_06 already defined)
(label p4158_07 already defined)
(label p4158_08 already defined)
(label p4158_09 already defined)
(label p4158_10 already defined)
(label p4158_11 already defined)
(label p4158_12 already defined)
(label p4158_13 already defined)
(label p4158_14 already defined)
(label p4158_15 already defined)
(label p4158_16 already defined)
(label p4159_01 already defined)
(label p4159_02 already defined)
(label p4159_03 already defined)
(label p4159_04 already defined)
(label p4159_05 already defined)
(label p4159_06 already defined)
(label p4159_07 already defined)
(label p4159_08 already defined)
(label p4159_09 already defined)
(label p4159_10 already defined)
(label p4159_11 already defined)
(label p4159_12 already defined)
(label p4159_13 already defined)
(label p4159_14 already defined)
(label p4159_15 already defined)
(label p4159_16 already defined)
(label p4151001 already defined)
(label p4151002 already defined)
(label p4151003 already defined)
(label p4151004 already defined)
(label p4151005 already defined)
(label p4151006 already defined)
(label p4151007 already defined)
(label p4151008 already defined)
(label p4151009 already defined)
(label p4151010 already defined)
(label p4151011 already defined)
(label p4151012 already defined)
(label p4151013 already defined)
(label p4151014 already defined)
(label p4151015 already defined)
(label p4151016 already defined)
(label p4191 already defined)
(label p4192 already defined)
(label p4193 already defined)
(label p4194 already defined)
(label p4195 already defined)
(label p4196 already defined)
(label p4197 already defined)
(label p4198 already defined)
(label p419a5 already defined)
(label p419a8 already defined)
(label t211 already defined)
(label ticuest01 already defined)
(label ocupac_r3 already defined)
(label p217 already defined)
(label p211a already defined)
(label p209 already defined)
(label p208a1 already defined)
(label p207 already defined)
(label p203b already defined)
(label p203 already defined)
(label estrato already defined)
(label dominio already defined)
(label p300a already defined)
(label p301a already defined)
(label p301a1 already defined)
(label p302x already defined)
(label p302b already defined)
(label p304a already defined)
(label p304d already defined)
(label p305 already defined)
(label p308a already defined)
(label p311n_1 already defined)
(label p3121a4 already defined)
(label p313 already defined)
(label t313a already defined)
(label p314b_1 already defined)
(label p314b_2 already defined)
(label p314b_3 already defined)
(label p314b_4 already defined)
(label p314b_5 already defined)
(label p314d already defined)
(label imputado already defined)
(label ticuest01a already defined)
(label p504 already defined)
(label p510 already defined)
(label p510a1 already defined)
(label p5116 already defined)
(label p5117 already defined)
(label p51112 already defined)
(label p511a already defined)
(label p513 already defined)
(label p517a already defined)
(label p517b1 already defined)
(label p520a already defined)
(label p521d already defined)
(label p523 already defined)
(label p530b already defined)
(label p546 already defined)
(label p549 already defined)
(label p550 already defined)
(label p555 already defined)
(label p5563f already defined)
(label p5563g already defined)
(label p558a1 already defined)
(label p558a2 already defined)
(label p558a3 already defined)
(label p558a5 already defined)
(label p558c already defined)
(label p558d already defined)
(label p599 already defined)
(label ocu500 already defined)
(label t560_01 already defined)
(label t560_02 already defined)
(label t560_03 already defined)
(label t560_04 already defined)
(label t560_05 already defined)
(label t560_06 already defined)
(label t560_071 already defined)
(label t560_072 already defined)
(label t560_073 already defined)
(label t560_074 already defined)
(label t560_075 already defined)
(label t560_076 already defined)
(label t560_077 already defined)
(label t560_078 already defined)
(label t560_08 already defined)
(label t560_09 already defined)
(label t560_10 already defined)
(label ocupinf already defined)
(label emplpsec already defined)
(label p23 already defined)
(label p32 already defined)
(label p34 already defined)
(label p37 already defined)
(label p38a already defined)
(label p39b2 already defined)
(label p41 already defined)
(label p42a_1 already defined)
(label p42a_2 already defined)
(label p42a_3 already defined)
(label p42a_4 already defined)
(label p42a_5 already defined)
(label p42a_6 already defined)
(label p42a_9 already defined)
(label p42a_7 already defined)
(label p42a_8 already defined)
(label p43 already defined)
(label p44 already defined)
(label p20001a already defined)
(label p20001b already defined)
(label p20001c already defined)
(label p20002 already defined)
(label p2200 already defined)
(label p2600 already defined)
(label p2005f4 already defined)
(label p2005f3 already defined)
(label p2005f2 already defined)
(label p2005f1 already defined)
(label p2005e already defined)
(label p2005d already defined)
(label p2005c7 already defined)
(label p2005c6 already defined)
(label p2005c5 already defined)
(label p2005c4 already defined)
(label p2005c3 already defined)
(label p2005c2 already defined)
(label p2005c1 already defined)
(label p2100a already defined)
(label p2200a already defined)
(label p2300a already defined)
(label tipenc already defined)
(label result already defined)
(label p101 already defined)
(label p102 already defined)
(label p103 already defined)
(label p103a already defined)
(label p105a already defined)
(label p106a already defined)
(label p110a already defined)
(label p1123 already defined)
(label p1125 already defined)
(label p1127 already defined)
(label p112a already defined)
(label p1134 already defined)
(label p1135 already defined)
(label p1138 already defined)
(label p113a already defined)
(label p1141 already defined)
(label p1143 already defined)
(label p1145 already defined)
(label p1171_01 already defined)
(label p1171_07 already defined)
(label p1171_09 already defined)
(label p1171_10 already defined)
(label p1171_11 already defined)
(label p1171_13 already defined)
(label p110 already defined)
(label p111a already defined)
(label t110 already defined)
(label nbi1 already defined)
(label nbi2 already defined)
(label nbi4 already defined)
(label nbi5 already defined)
(label LABB already defined)
(label LABC already defined)
(label LABD already defined)
(label LABE already defined)
(label LABF already defined)
(label LABG already defined)
(label LABH already defined)
(label LABI already defined)
(label LABJ already defined)
(label LABK already defined)
(label LABL already defined)
(label LABM already defined)
(label LABN already defined)
(label LABO already defined)
(label LABP already defined)
(label LABQ already defined)
(label LABR already defined)
(label LABS already defined)
(label LABT already defined)
(label hpan1213 already defined)
(label hpan1314 already defined)
(label hpan1415 already defined)
(label hpan1516 already defined)
(label hpan1214 already defined)
(label hpan1315 already defined)
(label hpan1416 already defined)
(label hpan1215 already defined)
(label hpan1316 already defined)
(label hpan1216 already defined)
. }

. capture confirm file "resultados/2014_enahop.dta"

. if _rc == 0 {
.     append using "resultados/2014_enahop.dta", force
(variable i211d was int, now float to accommodate using data's values)
(variable d3121b was int, now long to accommodate using data's values)
(variable d3121c was int, now long to accommodate using data's values)
(variable d41804 was int, now long to accommodate using data's values)
(variable i41610 was int, now float to accommodate using data's values)
(variable i41615 was int, now float to accommodate using data's values)
(variable i41804 was float, now double to accommodate using data's values)
(variable p556t2 was int, now long to accommodate using data's values)
(variable d5565c was float, now double to accommodate using data's values)
(variable d5568e was float, now double to accommodate using data's values)
(variable v_p21002f_1 was int, now long to accommodate using data's values)
(variable v_p21002f_10 was int, now long to accommodate using data's values)
(variable v_p21002f_11 was int, now long to accommodate using data's values)
(variable v_p21002f_12 was int, now long to accommodate using data's values)
(variable v_p21002f_13 was int, now long to accommodate using data's values)
(variable v_p21002f_14 was int, now long to accommodate using data's values)
(variable v_p21002f_15 was int, now long to accommodate using data's values)
(variable v_p21002f_16 was int, now long to accommodate using data's values)
(variable v_p21002f_17 was int, now long to accommodate using data's values)
(variable v_p21002f_18 was int, now long to accommodate using data's values)
(variable v_p21002f_19 was int, now long to accommodate using data's values)
(variable v_p21002f_2 was int, now long to accommodate using data's values)
(variable v_p21002f_20 was int, now long to accommodate using data's values)
(variable v_p21002f_21 was int, now long to accommodate using data's values)
(variable v_p21002f_22 was int, now long to accommodate using data's values)
(variable v_p21002f_23 was int, now long to accommodate using data's values)
(variable v_p21002f_24 was int, now long to accommodate using data's values)
(variable v_p21002f_25 was int, now long to accommodate using data's values)
(variable v_p21002f_26 was int, now long to accommodate using data's values)
(variable v_p21002f_27 was int, now long to accommodate using data's values)
(variable v_p21002f_28 was int, now long to accommodate using data's values)
(variable v_p21002f_29 was int, now long to accommodate using data's values)
(variable v_p21002f_3 was int, now long to accommodate using data's values)
(variable v_p21002f_30 was int, now long to accommodate using data's values)
(variable v_p21002f_31 was int, now long to accommodate using data's values)
(variable v_p21002f_32 was int, now long to accommodate using data's values)
(variable v_p21002f_33 was int, now long to accommodate using data's values)
(variable v_p21002f_34 was int, now long to accommodate using data's values)
(variable v_p21002f_35 was int, now long to accommodate using data's values)
(variable v_p21002f_36 was int, now long to accommodate using data's values)
(variable v_p21002f_37 was int, now long to accommodate using data's values)
(variable v_p21002f_38 was int, now long to accommodate using data's values)
(variable v_p21002f_39 was int, now long to accommodate using data's values)
(variable v_p21002f_4 was int, now long to accommodate using data's values)
(variable v_p21002f_40 was int, now long to accommodate using data's values)
(variable v_p21002f_41 was int, now long to accommodate using data's values)
(variable v_p21002f_5 was int, now long to accommodate using data's values)
(variable v_p21002f_6 was int, now long to accommodate using data's values)
(variable v_p21002f_7 was int, now long to accommodate using data's values)
(variable v_p21002f_8 was int, now long to accommodate using data's values)
(variable v_p21002f_9 was int, now long to accommodate using data's values)
(variable v_p23001_1 was int, now long to accommodate using data's values)
(variable v_p23002a_1 was int, now long to accommodate using data's values)
(variable v_p23002c_1 was int, now long to accommodate using data's values)
(variable v_p23001_2 was int, now long to accommodate using data's values)
(variable v_p23002a_2 was int, now long to accommodate using data's values)
(variable v_p23002c_2 was int, now long to accommodate using data's values)
(variable v_p23001_3 was int, now long to accommodate using data's values)
(variable v_p23002a_3 was int, now long to accommodate using data's values)
(variable v_p23002c_3 was int, now long to accommodate using data's values)
(variable v_p23001_4 was int, now long to accommodate using data's values)
(variable v_p23002a_4 was int, now long to accommodate using data's values)
(variable v_p23002c_4 was int, now long to accommodate using data's values)
(variable v_p23001_5 was int, now long to accommodate using data's values)
(variable v_p23002a_5 was int, now long to accommodate using data's values)
(variable v_p23002c_5 was int, now long to accommodate using data's values)
(variable v_p23001_6 was int, now long to accommodate using data's values)
(variable v_p23002a_6 was int, now long to accommodate using data's values)
(variable v_p23002c_6 was int, now long to accommodate using data's values)
(variable v_p23001_7 was int, now long to accommodate using data's values)
(variable v_p23002a_7 was int, now long to accommodate using data's values)
(variable v_p23002c_7 was int, now long to accommodate using data's values)
(variable v_p23001_8 was int, now long to accommodate using data's values)
(variable v_p23002a_8 was int, now long to accommodate using data's values)
(variable v_p23002c_8 was int, now long to accommodate using data's values)
(variable v_p23002t_8 was int, now long to accommodate using data's values)
(variable p2400g was int, now long to accommodate using data's values)
(variable p2400i was int, now long to accommodate using data's values)
(variable v_p25001a_1 was int, now long to accommodate using data's values)
(variable v_p25001a_10 was int, now long to accommodate using data's values)
(variable v_p25001a_2 was int, now long to accommodate using data's values)
(variable v_p25001a_3 was int, now long to accommodate using data's values)
(variable v_p25001a_4 was int, now long to accommodate using data's values)
(variable v_p25001a_5 was int, now long to accommodate using data's values)
(variable v_p25001a_6 was int, now long to accommodate using data's values)
(variable v_p25001a_7 was int, now long to accommodate using data's values)
(variable v_p25001a_8 was int, now long to accommodate using data's values)
(variable v_p25001a_9 was int, now long to accommodate using data's values)
(variable p1172_15 was byte, now int to accommodate using data's values)
(variable p1173_10 was byte, now int to accommodate using data's values)
(variable p1174_09 was byte, now int to accommodate using data's values)
(variable i105b was float, now double to accommodate using data's values)
(variable i1172_05 was int, now float to accommodate using data's values)
(variable i1172_06 was int, now float to accommodate using data's values)
(variable i1172_10 was int, now float to accommodate using data's values)
(variable ga03hd was float, now double to accommodate using data's values)
(variable ingtpu04 was int, now long to accommodate using data's values)
(variable gru14hd4 was int, now long to accommodate using data's values)
(label p710_13 already defined)
(label p710_12 already defined)
(label p710_11 already defined)
(label p710_10 already defined)
(label p710_09 already defined)
(label p710_08 already defined)
(label p710_07 already defined)
(label p710_06 already defined)
(label p710_05 already defined)
(label p710_04 already defined)
(label p710_03 already defined)
(label p710_02 already defined)
(label p710_01 already defined)
(label p701_09 already defined)
(label p701_08 already defined)
(label p701_07 already defined)
(label p701_06 already defined)
(label p701_05 already defined)
(label p701_04 already defined)
(label p701_03 already defined)
(label p701_02 already defined)
(label p701_01 already defined)
(label p2600a already defined)
(label p2500a already defined)
(label p712 already defined)
(label p703 already defined)
(label p704 already defined)
(label p705 already defined)
(label p7061 already defined)
(label p7062 already defined)
(label p7063 already defined)
(label p7064 already defined)
(label p7065 already defined)
(label p706a1 already defined)
(label p706a2 already defined)
(label p706a3 already defined)
(label p706a4 already defined)
(label p706a5 already defined)
(label p301_02 already defined)
(label p209_02 already defined)
(label p207_02 already defined)
(label p206_02 already defined)
(label p205_02 already defined)
(label p204_02 already defined)
(label p203_02 already defined)
(label p45_2 already defined)
(label p45_1 already defined)
(label p44 already defined)
(label p43 already defined)
(label p42a_8 already defined)
(label p42a_7 already defined)
(label p42a_9 already defined)
(label p42a_6 already defined)
(label p42a_5 already defined)
(label p42a_4 already defined)
(label p42a_3 already defined)
(label p42a_2 already defined)
(label p42a_1 already defined)
(label p41 already defined)
(label p39b2 already defined)
(label p38a already defined)
(label p37 already defined)
(label p34b already defined)
(label p34a already defined)
(label p34 already defined)
(label p33_2 already defined)
(label p33_1 already defined)
(label p32 already defined)
(label p23 already defined)
(label emplpsec already defined)
(label ocupinf already defined)
(label t560_10 already defined)
(label t560_09 already defined)
(label t560_08 already defined)
(label t560_078 already defined)
(label t560_077 already defined)
(label t560_076 already defined)
(label t560_075 already defined)
(label t560_074 already defined)
(label t560_073 already defined)
(label t560_072 already defined)
(label t560_071 already defined)
(label t560_06 already defined)
(label t560_05 already defined)
(label t560_04 already defined)
(label t560_03 already defined)
(label t560_02 already defined)
(label t560_01 already defined)
(label t556 already defined)
(label ocu500 already defined)
(label p599 already defined)
(label p558d already defined)
(label p558c already defined)
(label p558a5 already defined)
(label p558a4 already defined)
(label p558a3 already defined)
(label p558a2 already defined)
(label p558a1 already defined)
(label p5563g already defined)
(label p5563f already defined)
(label p555 already defined)
(label p550 already defined)
(label p549 already defined)
(label p546 already defined)
(label p53712 already defined)
(label p5377 already defined)
(label p5376 already defined)
(label p530b already defined)
(label p523 already defined)
(label p521d already defined)
(label p520a already defined)
(label p517d1 already defined)
(label p517b1 already defined)
(label p517a already defined)
(label p513 already defined)
(label p512a already defined)
(label p511a already defined)
(label p51112 already defined)
(label p51110 already defined)
(label p5119 already defined)
(label p5118 already defined)
(label p5117 already defined)
(label p5116 already defined)
(label p5115 already defined)
(label p5114 already defined)
(label p5113 already defined)
(label p5112 already defined)
(label p5111 already defined)
(label p510a1 already defined)
(label p510 already defined)
(label p504 already defined)
(label t314b_5 already defined)
(label ticuest01a already defined)
(label imputado already defined)
(label t313a already defined)
(label p3156 already defined)
(label p3155 already defined)
(label p3154 already defined)
(label p3153 already defined)
(label p3152 already defined)
(label p314d already defined)
(label p314b_5 already defined)
(label p314b_4 already defined)
(label p314b_3 already defined)
(label p314b_2 already defined)
(label p314b_1 already defined)
(label p313 already defined)
(label p3122a5 already defined)
(label p3121a4 already defined)
(label p311n_8 already defined)
(label p311n_7 already defined)
(label p311n_6 already defined)
(label p311n_5 already defined)
(label p311n_4 already defined)
(label p311n_3 already defined)
(label p311n_2 already defined)
(label p311n_1 already defined)
(label p308a already defined)
(label p305 already defined)
(label p304d already defined)
(label p304a already defined)
(label p302b already defined)
(label p302x already defined)
(label p301a already defined)
(label p300a already defined)
(label dominio already defined)
(label estrato already defined)
(label p203 already defined)
(label p203b already defined)
(label p207 already defined)
(label p208a1 already defined)
(label p209 already defined)
(label p211a already defined)
(label p217 already defined)
(label ocupac_r3 already defined)
(label ticuest01 already defined)
(label t211 already defined)
(label p400i already defined)
(label p401c already defined)
(label p401d1 already defined)
(label p401d2 already defined)
(label p401d3 already defined)
(label p401d4 already defined)
(label p401d5 already defined)
(label p401d6 already defined)
(label p401d7 already defined)
(label p401e1 already defined)
(label p401e2 already defined)
(label p401e3 already defined)
(label p401e4 already defined)
(label p401e5 already defined)
(label p401e6 already defined)
(label p401 already defined)
(label p4021 already defined)
(label p4022 already defined)
(label p4023 already defined)
(label p4024 already defined)
(label p4025 already defined)
(label p4031 already defined)
(label p4032 already defined)
(label p4033 already defined)
(label p4034 already defined)
(label p4035 already defined)
(label p4036 already defined)
(label p4037 already defined)
(label p4038 already defined)
(label p4039 already defined)
(label p40310 already defined)
(label p40311 already defined)
(label p40313 already defined)
(label p40314 already defined)
(label p4041 already defined)
(label p4042 already defined)
(label p4043 already defined)
(label p4044 already defined)
(label p4045 already defined)
(label p4046 already defined)
(label p4047 already defined)
(label p407h already defined)
(label p4091 already defined)
(label p4092 already defined)
(label p4093 already defined)
(label p4094 already defined)
(label p4095 already defined)
(label p4096 already defined)
(label p4097 already defined)
(label p4098 already defined)
(label p4099 already defined)
(label p40910 already defined)
(label p40911 already defined)
(label p413b1 already defined)
(label p413b1a already defined)
(label p413b2 already defined)
(label p413b2a already defined)
(label p413d1 already defined)
(label p413d1a already defined)
(label p413d2 already defined)
(label p413d2a already defined)
(label p414_01 already defined)
(label p414_02 already defined)
(label p414_03 already defined)
(label p414_04 already defined)
(label p414_05 already defined)
(label p414_06 already defined)
(label p414_07 already defined)
(label p414_08 already defined)
(label p414_09 already defined)
(label p414_10 already defined)
(label p414_11 already defined)
(label p414_12 already defined)
(label p414_13 already defined)
(label p414_14 already defined)
(label p414_15 already defined)
(label p414_16 already defined)
(label p4151_01 already defined)
(label p4151_02 already defined)
(label p4151_03 already defined)
(label p4151_04 already defined)
(label p4151_05 already defined)
(label p4151_06 already defined)
(label p4151_07 already defined)
(label p4151_08 already defined)
(label p4151_09 already defined)
(label p4151_10 already defined)
(label p4151_11 already defined)
(label p4151_12 already defined)
(label p4151_13 already defined)
(label p4151_14 already defined)
(label p4151_15 already defined)
(label p4151_16 already defined)
(label p4152_01 already defined)
(label p4152_02 already defined)
(label p4152_03 already defined)
(label p4152_04 already defined)
(label p4152_05 already defined)
(label p4152_06 already defined)
(label p4152_07 already defined)
(label p4152_08 already defined)
(label p4152_09 already defined)
(label p4152_10 already defined)
(label p4152_11 already defined)
(label p4152_12 already defined)
(label p4152_13 already defined)
(label p4152_14 already defined)
(label p4152_15 already defined)
(label p4153_01 already defined)
(label p4153_02 already defined)
(label p4153_03 already defined)
(label p4153_04 already defined)
(label p4153_05 already defined)
(label p4153_06 already defined)
(label p4153_07 already defined)
(label p4153_08 already defined)
(label p4153_09 already defined)
(label p4153_10 already defined)
(label p4153_11 already defined)
(label p4153_12 already defined)
(label p4153_13 already defined)
(label p4153_14 already defined)
(label p4153_15 already defined)
(label p4153_16 already defined)
(label p4154_01 already defined)
(label p4154_02 already defined)
(label p4154_03 already defined)
(label p4154_04 already defined)
(label p4154_05 already defined)
(label p4154_06 already defined)
(label p4154_07 already defined)
(label p4154_08 already defined)
(label p4154_09 already defined)
(label p4154_10 already defined)
(label p4154_11 already defined)
(label p4154_12 already defined)
(label p4154_13 already defined)
(label p4154_14 already defined)
(label p4154_15 already defined)
(label p4154_16 already defined)
(label p4155_01 already defined)
(label p4155_02 already defined)
(label p4155_03 already defined)
(label p4155_04 already defined)
(label p4155_05 already defined)
(label p4155_06 already defined)
(label p4155_07 already defined)
(label p4155_08 already defined)
(label p4155_09 already defined)
(label p4155_10 already defined)
(label p4155_11 already defined)
(label p4155_12 already defined)
(label p4155_13 already defined)
(label p4155_14 already defined)
(label p4155_15 already defined)
(label p4155_16 already defined)
(label p4156_01 already defined)
(label p4156_02 already defined)
(label p4156_03 already defined)
(label p4156_04 already defined)
(label p4156_05 already defined)
(label p4156_06 already defined)
(label p4156_07 already defined)
(label p4156_08 already defined)
(label p4156_09 already defined)
(label p4156_10 already defined)
(label p4156_11 already defined)
(label p4156_12 already defined)
(label p4156_13 already defined)
(label p4156_14 already defined)
(label p4156_15 already defined)
(label p4156_16 already defined)
(label p4157_01 already defined)
(label p4157_02 already defined)
(label p4157_03 already defined)
(label p4157_04 already defined)
(label p4157_05 already defined)
(label p4157_06 already defined)
(label p4157_07 already defined)
(label p4157_08 already defined)
(label p4157_09 already defined)
(label p4157_10 already defined)
(label p4157_11 already defined)
(label p4157_12 already defined)
(label p4157_13 already defined)
(label p4157_14 already defined)
(label p4157_15 already defined)
(label p4157_16 already defined)
(label p4158_01 already defined)
(label p4158_02 already defined)
(label p4158_03 already defined)
(label p4158_04 already defined)
(label p4158_05 already defined)
(label p4158_06 already defined)
(label p4158_07 already defined)
(label p4158_08 already defined)
(label p4158_09 already defined)
(label p4158_10 already defined)
(label p4158_11 already defined)
(label p4158_12 already defined)
(label p4158_13 already defined)
(label p4158_14 already defined)
(label p4158_15 already defined)
(label p4158_16 already defined)
(label p4159_01 already defined)
(label p4159_02 already defined)
(label p4159_03 already defined)
(label p4159_04 already defined)
(label p4159_05 already defined)
(label p4159_06 already defined)
(label p4159_07 already defined)
(label p4159_08 already defined)
(label p4159_09 already defined)
(label p4159_10 already defined)
(label p4159_11 already defined)
(label p4159_12 already defined)
(label p4159_13 already defined)
(label p4159_14 already defined)
(label p4159_15 already defined)
(label p4159_16 already defined)
(label p4151001 already defined)
(label p4151002 already defined)
(label p4151003 already defined)
(label p4151004 already defined)
(label p4151005 already defined)
(label p4151006 already defined)
(label p4151007 already defined)
(label p4151008 already defined)
(label p4151009 already defined)
(label p4151010 already defined)
(label p4151011 already defined)
(label p4151012 already defined)
(label p4151013 already defined)
(label p4151014 already defined)
(label p4151015 already defined)
(label p4151016 already defined)
(label p417_02 already defined)
(label p417_08 already defined)
(label p417_11 already defined)
(label p417_12 already defined)
(label p417_13 already defined)
(label p417_14 already defined)
(label p4191 already defined)
(label p4192 already defined)
(label p4193 already defined)
(label p4194 already defined)
(label p4195 already defined)
(label p4196 already defined)
(label p4197 already defined)
(label p4198 already defined)
(label p419a1 already defined)
(label p419a2 already defined)
(label p419a3 already defined)
(label p419a4 already defined)
(label p419a5 already defined)
(label p419a6 already defined)
(label p419a7 already defined)
(label p419a8 already defined)
(label t401d7 already defined)
(label t401e6 already defined)
(label p1_01 already defined)
(label p1_02 already defined)
(label p1_03 already defined)
(label p1_04 already defined)
(label p1_05 already defined)
(label p1_06 already defined)
(label p1_07 already defined)
(label p1_08 already defined)
(label p1_09 already defined)
(label p1_10 already defined)
(label p1_11 already defined)
(label p1_12 already defined)
(label p1_13 already defined)
(label p1_14 already defined)
(label p1_15 already defined)
(label p1_16 already defined)
(label p2a1_1 already defined)
(label p2a1_2 already defined)
(label p2a1_3 already defined)
(label p2a1_4 already defined)
(label p3 already defined)
(label p4 already defined)
(label p6 already defined)
(label p7 already defined)
(label p9 already defined)
(label p10_1 already defined)
(label p10_2 already defined)
(label p10_3 already defined)
(label p10_4 already defined)
(label p21 already defined)
(label p203_01 already defined)
(label p204_01 already defined)
(label p205_01 already defined)
(label p206_01 already defined)
(label p207_01 already defined)
(label p209_01 already defined)
(label p301_01 already defined)
(label ticuest01b already defined)
(label p20001a already defined)
(label p20001b already defined)
(label p20001c already defined)
(label p20002 already defined)
(label p2200 already defined)
(label p2600 already defined)
(label p2005f4 already defined)
(label p2005f3 already defined)
(label p2005f2 already defined)
(label p2005f1 already defined)
(label p2005e already defined)
(label p2005d already defined)
(label p2005c7 already defined)
(label p2005c6 already defined)
(label p2005c5 already defined)
(label p2005c4 already defined)
(label p2005c3 already defined)
(label p2005c2 already defined)
(label p2005c1 already defined)
(label p2100a already defined)
(label p2200a already defined)
(label p2300a already defined)
(label tipenc already defined)
(label result already defined)
(label p101 already defined)
(label p102 already defined)
(label p103 already defined)
(label p103a already defined)
(label p105a already defined)
(label p106a already defined)
(label p110 already defined)
(label p110a already defined)
(label p111a already defined)
(label p1123 already defined)
(label p1125 already defined)
(label p1127 already defined)
(label p112a already defined)
(label p1134 already defined)
(label p1135 already defined)
(label p1138 already defined)
(label p113a already defined)
(label p1141 already defined)
(label p1143 already defined)
(label p1145 already defined)
(label p1171_01 already defined)
(label p1171_07 already defined)
(label p1171_09 already defined)
(label p1171_10 already defined)
(label p1171_11 already defined)
(label p1171_13 already defined)
(label p1175_01 already defined)
(label p1175_02 already defined)
(label p1175_03 already defined)
(label p1175_04 already defined)
(label p1175_05 already defined)
(label p1175_06 already defined)
(label p1175_07 already defined)
(label p1175_08 already defined)
(label p1175_09 already defined)
(label p1175_10 already defined)
(label p1175_11 already defined)
(label p1175_12 already defined)
(label p1175_13 already defined)
(label p1175_14 already defined)
(label p1175_15 already defined)
(label t110 already defined)
(label nbi1 already defined)
(label nbi2 already defined)
(label nbi3 already defined)
(label nbi4 already defined)
(label nbi5 already defined)
(label t1137 already defined)
(label t1171_15 already defined)
(label pobreza already defined)
(label LABB already defined)
(label LABC already defined)
(label hpan1213 already defined)
(label hpan1314 already defined)
(label hpan1415 already defined)
(label hpan1516 already defined)
(label hpan1214 already defined)
(label hpan1315 already defined)
(label hpan1416 already defined)
(label hpan1215 already defined)
(label hpan1316 already defined)
(label hpan1216 already defined)
. }

. capture confirm file "resultados/2015_enahop.dta"

. if _rc == 0 {
.     append using "resultados/2015_enahop.dta", force
(note: variable dconglome was str6 in the using data, but will be int now)
(note: variable dvivienda was str3 in the using data, but will be int now)
(note: variable dhogar was str2 in the using data, but will be byte now)
(note: variable dcodperso was str2 in the using data, but will be byte now)
(variable p201p was str15, now str17 to accommodate using data's values)
(variable p311b_7 was int, now long to accommodate using data's values)
(variable p311t1 was int, now long to accommodate using data's values)
(variable d41606 was int, now long to accommodate using data's values)
(variable d41612 was int, now long to accommodate using data's values)
(variable d41613 was int, now long to accommodate using data's values)
(variable d41614 was int, now long to accommodate using data's values)
(variable i41606 was float, now double to accommodate using data's values)
(variable i41802 was float, now double to accommodate using data's values)
(variable p541a was int, now long to accommodate using data's values)
(variable p5572c was int, now long to accommodate using data's values)
(variable p5575c was int, now long to accommodate using data's values)
(variable d5563c was float, now double to accommodate using data's values)
(variable t5587a was byte, now int to accommodate using data's values)
(variable t2_1_16 was byte, now int to accommodate using data's values)
(variable v_p21002f_42 was int, now long to accommodate using data's values)
(variable v_p21002f_43 was int, now long to accommodate using data's values)
(variable v_p21002f_44 was int, now long to accommodate using data's values)
(variable v_p22002b_1 was int, now long to accommodate using data's values)
(variable v_p22002b_10 was int, now long to accommodate using data's values)
(variable v_p22002b_11 was int, now long to accommodate using data's values)
(variable v_p22002b_12 was int, now long to accommodate using data's values)
(variable v_p22002b_13 was int, now long to accommodate using data's values)
(variable v_p22002b_14 was int, now long to accommodate using data's values)
(variable v_p22002b_15 was int, now long to accommodate using data's values)
(variable v_p22002b_2 was int, now long to accommodate using data's values)
(variable v_p22002b_3 was int, now long to accommodate using data's values)
(variable v_p22002b_4 was int, now long to accommodate using data's values)
(variable v_p22002b_5 was int, now long to accommodate using data's values)
(variable v_p22002b_6 was int, now long to accommodate using data's values)
(variable v_p22002b_7 was int, now long to accommodate using data's values)
(variable v_p22002b_8 was int, now long to accommodate using data's values)
(variable v_p22002b_9 was int, now long to accommodate using data's values)
(variable p1172_06 was byte, now int to accommodate using data's values)
(variable t1137 was byte, now int to accommodate using data's values)
(variable t1171_15 was byte, now int to accommodate using data's values)
(variable ig06hd5 was byte, now int to accommodate using data's values)
(variable ingtpu05 was int, now long to accommodate using data's values)
(variable gru14hd6 was byte, now int to accommodate using data's values)
(variable gru87hd was byte, now int to accommodate using data's values)
(label p701_01 already defined)
(label p701_02 already defined)
(label p701_03 already defined)
(label p701_04 already defined)
(label p701_05 already defined)
(label p701_06 already defined)
(label p701_07 already defined)
(label p701_08 already defined)
(label p701_09 already defined)
(label p710_01 already defined)
(label p710_02 already defined)
(label p710_03 already defined)
(label p710_04 already defined)
(label p710_05 already defined)
(label p710_06 already defined)
(label p710_07 already defined)
(label p710_08 already defined)
(label p710_09 already defined)
(label p710_10 already defined)
(label p710_11 already defined)
(label p710_12 already defined)
(label p710_13 already defined)
(label p710_14 already defined)
(label p2600a already defined)
(label p2500a already defined)
(label p712 already defined)
(label p703 already defined)
(label p704 already defined)
(label p705 already defined)
(label p7061 already defined)
(label p7062 already defined)
(label p7063 already defined)
(label p7064 already defined)
(label p7065 already defined)
(label p706a1 already defined)
(label p706a2 already defined)
(label p706a3 already defined)
(label p706a4 already defined)
(label p706a5 already defined)
(label p301_02 already defined)
(label p209_02 already defined)
(label p207_02 already defined)
(label p206_02 already defined)
(label p205_02 already defined)
(label p204_02 already defined)
(label p203_02 already defined)
(label p45_2 already defined)
(label p45_1 already defined)
(label p44 already defined)
(label p43 already defined)
(label p42a_8 already defined)
(label p42a_7 already defined)
(label p42a_9 already defined)
(label p42a_6 already defined)
(label p42a_5 already defined)
(label p42a_4 already defined)
(label p42a_3 already defined)
(label p42a_2 already defined)
(label p42a_1 already defined)
(label p41 already defined)
(label p40_8 already defined)
(label p40_7 already defined)
(label p40_6 already defined)
(label p40_5 already defined)
(label p40_4 already defined)
(label p40_3 already defined)
(label p40_2 already defined)
(label p40_1 already defined)
(label p39b2 already defined)
(label p38a already defined)
(label p37 already defined)
(label p34b already defined)
(label p34a already defined)
(label p34 already defined)
(label p33_2 already defined)
(label p33_1 already defined)
(label p32 already defined)
(label p23 already defined)
(label emplpsec already defined)
(label ocupinf already defined)
(label t560_10 already defined)
(label t560_09 already defined)
(label t560_08 already defined)
(label t560_078 already defined)
(label t560_077 already defined)
(label t560_076 already defined)
(label t560_075 already defined)
(label t560_074 already defined)
(label t560_073 already defined)
(label t560_072 already defined)
(label t560_071 already defined)
(label t560_06 already defined)
(label t560_05 already defined)
(label t560_04 already defined)
(label t560_03 already defined)
(label t560_02 already defined)
(label t560_01 already defined)
(label t558c already defined)
(label t5587a already defined)
(label t556 already defined)
(label t549 already defined)
(label ocu500 already defined)
(label p599 already defined)
(label p560e_10 already defined)
(label p560e_09 already defined)
(label p560e_08 already defined)
(label p560e_07 already defined)
(label p560e_06 already defined)
(label p560e_05 already defined)
(label p560e_04 already defined)
(label p560e_03 already defined)
(label p560e_02 already defined)
(label p560e_01 already defined)
(label p560c_10 already defined)
(label p560c_09 already defined)
(label p560c_08 already defined)
(label p560c_07 already defined)
(label p560c_06 already defined)
(label p560c_05 already defined)
(label p560c_04 already defined)
(label p560c_03 already defined)
(label p560c_02 already defined)
(label p560c_01 already defined)
(label p560a1_10 already defined)
(label p560a1_09 already defined)
(label p560a1_08 already defined)
(label p560a1_07 already defined)
(label p560a1_06 already defined)
(label p560a1_05 already defined)
(label p560a1_04 already defined)
(label p560a1_03 already defined)
(label p560a1_02 already defined)
(label p560a1_01 already defined)
(label p560t_10 already defined)
(label p560t_09 already defined)
(label p560t_08 already defined)
(label p560t_07 already defined)
(label p560t_06 already defined)
(label p560t_05 already defined)
(label p560t_04 already defined)
(label p560t_03 already defined)
(label p560t_02 already defined)
(label p560t_01 already defined)
(label p559e_15 already defined)
(label p559e_14 already defined)
(label p559e_13 already defined)
(label p559e_12 already defined)
(label p559e_11 already defined)
(label p559e_10 already defined)
(label p559e_09 already defined)
(label p559e_08 already defined)
(label p559e_07 already defined)
(label p559e_06 already defined)
(label p559e_05 already defined)
(label p559e_04 already defined)
(label p559e_03 already defined)
(label p559e_02 already defined)
(label p559e_01 already defined)
(label p559c_15 already defined)
(label p559c_14 already defined)
(label p559c_13 already defined)
(label p559c_12 already defined)
(label p559c_11 already defined)
(label p559c_10 already defined)
(label p559c_09 already defined)
(label p559c_08 already defined)
(label p559c_07 already defined)
(label p559c_06 already defined)
(label p559c_05 already defined)
(label p559c_04 already defined)
(label p559c_03 already defined)
(label p559c_02 already defined)
(label p559c_01 already defined)
(label p559b_15 already defined)
(label p559b_14 already defined)
(label p559b_13 already defined)
(label p559b_12 already defined)
(label p559b_11 already defined)
(label p559b_10 already defined)
(label p559b_09 already defined)
(label p559b_08 already defined)
(label p559b_07 already defined)
(label p559b_06 already defined)
(label p559b_05 already defined)
(label p559b_04 already defined)
(label p559b_03 already defined)
(label p559b_02 already defined)
(label p559b_01 already defined)
(label p559_15 already defined)
(label p559_14 already defined)
(label p559_13 already defined)
(label p559_12 already defined)
(label p559_11 already defined)
(label p559_10 already defined)
(label p559_09 already defined)
(label p559_08 already defined)
(label p559_07 already defined)
(label p559_06 already defined)
(label p559_05 already defined)
(label p559_04 already defined)
(label p559_03 already defined)
(label p559_02 already defined)
(label p559_01 already defined)
(label p558d already defined)
(label p558c already defined)
(label p558b3 already defined)
(label p558a5 already defined)
(label p558a4 already defined)
(label p558a3 already defined)
(label p558a2 already defined)
(label p558a1 already defined)
(label p5587a already defined)
(label p5586a already defined)
(label p5585a already defined)
(label p5584a already defined)
(label p5583a already defined)
(label p5582a already defined)
(label p5581a already defined)
(label p5578b already defined)
(label p5578a already defined)
(label p5577b already defined)
(label p5577a already defined)
(label p5576b already defined)
(label p5576a already defined)
(label p5575b already defined)
(label p5575a already defined)
(label p5574b already defined)
(label p5574a already defined)
(label p5573b already defined)
(label p5573a already defined)
(label p5572b already defined)
(label p5572a already defined)
(label p5571b already defined)
(label p5571a already defined)
(label p5568d already defined)
(label p5568b already defined)
(label p5568a already defined)
(label p5567d already defined)
(label p5567b already defined)
(label p5567a already defined)
(label p5566d already defined)
(label p5566b already defined)
(label p5566a already defined)
(label p5565d already defined)
(label p5565b already defined)
(label p5565a already defined)
(label p5564d already defined)
(label p5564b already defined)
(label p5564a already defined)
(label p5563g already defined)
(label p5563f already defined)
(label p5563d already defined)
(label p5563c1 already defined)
(label p5563b already defined)
(label p5563a already defined)
(label p5562d already defined)
(label p5562b already defined)
(label p5562a already defined)
(label p5561d already defined)
(label p5561b already defined)
(label p5561a already defined)
(label p555 already defined)
(label p552 already defined)
(label p550 already defined)
(label p549 already defined)
(label p548 already defined)
(label p547 already defined)
(label p546 already defined)
(label p545 already defined)
(label p5448a already defined)
(label p5447a already defined)
(label p5446a already defined)
(label p5445a already defined)
(label p5444a already defined)
(label p5443a already defined)
(label p5442a already defined)
(label p5441a already defined)
(label p542 already defined)
(label p541b already defined)
(label p5407a already defined)
(label p5406c already defined)
(label p5406a already defined)
(label p5405c already defined)
(label p5405a already defined)
(label p5404c already defined)
(label p5404a already defined)
(label p5403c already defined)
(label p5403a already defined)
(label p5402c already defined)
(label p5402a already defined)
(label p5401c already defined)
(label p5401a already defined)
(label p539 already defined)
(label p538d2 already defined)
(label p538c2 already defined)
(label p538b2 already defined)
(label p538a2 already defined)
(label p53712 already defined)
(label p53711 already defined)
(label p53710 already defined)
(label p5379 already defined)
(label p5378 already defined)
(label p5377 already defined)
(label p5376 already defined)
(label p5375 already defined)
(label p5374 already defined)
(label p5373 already defined)
(label p5372 already defined)
(label p5371 already defined)
(label p535 already defined)
(label p530b already defined)
(label p5297a already defined)
(label p5296c already defined)
(label p5296a already defined)
(label p5295c already defined)
(label p5295a already defined)
(label p5294c already defined)
(label p5294a already defined)
(label p5293c already defined)
(label p5293a already defined)
(label p5292c already defined)
(label p5292a already defined)
(label p5291c already defined)
(label p5291a already defined)
(label p528 already defined)
(label p524e2 already defined)
(label p524d2 already defined)
(label p524c2 already defined)
(label p524b2 already defined)
(label p524a2 already defined)
(label p523 already defined)
(label p521d already defined)
(label p521c already defined)
(label p521a already defined)
(label p521 already defined)
(label p520a already defined)
(label p519 already defined)
(label p517d1 already defined)
(label p517c already defined)
(label p517b1 already defined)
(label p517a already defined)
(label p517 already defined)
(label p51511 already defined)
(label p51510 already defined)
(label p5159 already defined)
(label p5158 already defined)
(label p5157 already defined)
(label p5156 already defined)
(label p5155 already defined)
(label p5154 already defined)
(label p5153 already defined)
(label p5152 already defined)
(label p5151 already defined)
(label p514 already defined)
(label p513 already defined)
(label p512a already defined)
(label p511a already defined)
(label p51112 already defined)
(label p51111 already defined)
(label p51110 already defined)
(label p5119 already defined)
(label p5118 already defined)
(label p5117 already defined)
(label p5116 already defined)
(label p5115 already defined)
(label p5114 already defined)
(label p5113 already defined)
(label p5112 already defined)
(label p5111 already defined)
(label p510b already defined)
(label p510a1 already defined)
(label p510 already defined)
(label p509 already defined)
(label p508 already defined)
(label p507 already defined)
(label p50411 already defined)
(label p50410 already defined)
(label p5049 already defined)
(label p5048 already defined)
(label p5047 already defined)
(label p5046 already defined)
(label p5045 already defined)
(label p5044 already defined)
(label p5043 already defined)
(label p5042 already defined)
(label p5041 already defined)
(label p504 already defined)
(label p503 already defined)
(label p502 already defined)
(label p501 already defined)
(label p300a already defined)
(label p301a already defined)
(label p301d already defined)
(label p301b0 already defined)
(label p302 already defined)
(label p302x already defined)
(label p302a already defined)
(label p302b already defined)
(label p303 already defined)
(label p304a already defined)
(label p304d already defined)
(label p305 already defined)
(label p306 already defined)
(label p307 already defined)
(label p308a already defined)
(label p308d already defined)
(label p308b1 already defined)
(label p308b2 already defined)
(label p308b3 already defined)
(label p308b4 already defined)
(label p308b5 already defined)
(label p310 already defined)
(label p310b already defined)
(label p310b1 already defined)
(label p310c0 already defined)
(label p310e0 already defined)
(label p311n_1 already defined)
(label p311n_2 already defined)
(label p311n_3 already defined)
(label p311n_4 already defined)
(label p311n_5 already defined)
(label p311n_6 already defined)
(label p311n_7 already defined)
(label p311n_8 already defined)
(label p311_1 already defined)
(label p311_2 already defined)
(label p311_3 already defined)
(label p311_4 already defined)
(label p311_5 already defined)
(label p311_6 already defined)
(label p311_7 already defined)
(label p311_8 already defined)
(label p311a1_1 already defined)
(label p311a1_2 already defined)
(label p311a1_3 already defined)
(label p311a1_4 already defined)
(label p311a1_5 already defined)
(label p311a1_6 already defined)
(label p311a1_7 already defined)
(label p311a1_8 already defined)
(label p311a2_1 already defined)
(label p311a2_2 already defined)
(label p311a2_3 already defined)
(label p311a2_4 already defined)
(label p311a2_5 already defined)
(label p311a2_6 already defined)
(label p311a2_7 already defined)
(label p311a2_8 already defined)
(label p311a3_1 already defined)
(label p311a3_2 already defined)
(label p311a3_3 already defined)
(label p311a3_4 already defined)
(label p311a3_5 already defined)
(label p311a3_6 already defined)
(label p311a3_7 already defined)
(label p311a3_8 already defined)
(label p311a4_1 already defined)
(label p311a4_2 already defined)
(label p311a4_3 already defined)
(label p311a4_4 already defined)
(label p311a4_5 already defined)
(label p311a4_6 already defined)
(label p311a4_7 already defined)
(label p311a4_8 already defined)
(label p311a5_1 already defined)
(label p311a5_2 already defined)
(label p311a5_3 already defined)
(label p311a5_4 already defined)
(label p311a5_5 already defined)
(label p311a5_6 already defined)
(label p311a5_7 already defined)
(label p311a5_8 already defined)
(label p311a6_1 already defined)
(label p311a6_2 already defined)
(label p311a6_3 already defined)
(label p311a6_4 already defined)
(label p311a6_5 already defined)
(label p311a6_6 already defined)
(label p311a6_7 already defined)
(label p311a6_8 already defined)
(label p311a7_1 already defined)
(label p311a7_2 already defined)
(label p311a7_3 already defined)
(label p311a7_4 already defined)
(label p311a7_5 already defined)
(label p311a7_6 already defined)
(label p311a7_7 already defined)
(label p311a7_8 already defined)
(label p311c_1 already defined)
(label p311c_2 already defined)
(label p311c_3 already defined)
(label p311c_4 already defined)
(label p311c_7 already defined)
(label p311c_8 already defined)
(label p3121 already defined)
(label p3121a1 already defined)
(label p3121a2 already defined)
(label p3121a3 already defined)
(label p3121a4 already defined)
(label p3121a5 already defined)
(label p3121a6 already defined)
(label p3122 already defined)
(label p3122a1 already defined)
(label p3122a2 already defined)
(label p3122a3 already defined)
(label p3122a4 already defined)
(label p3122a5 already defined)
(label p3122a6 already defined)
(label p313 already defined)
(label p314a already defined)
(label p314b_1 already defined)
(label p314b_2 already defined)
(label p314b_3 already defined)
(label p314b_4 already defined)
(label p314b_5 already defined)
(label p314d already defined)
(label p3151 already defined)
(label p3152 already defined)
(label p3153 already defined)
(label p3154 already defined)
(label p3155 already defined)
(label p3156 already defined)
(label p316_1 already defined)
(label p316_2 already defined)
(label p316_3 already defined)
(label p316_4 already defined)
(label p316_5 already defined)
(label p316_6 already defined)
(label p316_7 already defined)
(label t313a already defined)
(label imputado already defined)
(label ticuest01a already defined)
(label dominio already defined)
(label estrato already defined)
(label p203 already defined)
(label p203b already defined)
(label p204 already defined)
(label p205 already defined)
(label p206 already defined)
(label p207 already defined)
(label p208a1 already defined)
(label p209 already defined)
(label p210 already defined)
(label p211a already defined)
(label p217 already defined)
(label t211 already defined)
(label ticuest01 already defined)
(label ocupac_r3 already defined)
(label p400i already defined)
(label p401c already defined)
(label p401d1 already defined)
(label p401d2 already defined)
(label p401d3 already defined)
(label p401d4 already defined)
(label p401d5 already defined)
(label p401d6 already defined)
(label p401d7 already defined)
(label p401e1 already defined)
(label p401e2 already defined)
(label p401e3 already defined)
(label p401e4 already defined)
(label p401e5 already defined)
(label p401e6 already defined)
(label p401f already defined)
(label p401h1 already defined)
(label p401h2 already defined)
(label p401h3 already defined)
(label p401h4 already defined)
(label p401h5 already defined)
(label p401h6 already defined)
(label p401 already defined)
(label p4021 already defined)
(label p4022 already defined)
(label p4023 already defined)
(label p4024 already defined)
(label p4025 already defined)
(label p4031 already defined)
(label p4032 already defined)
(label p4033 already defined)
(label p4034 already defined)
(label p4035 already defined)
(label p4036 already defined)
(label p4037 already defined)
(label p4038 already defined)
(label p4039 already defined)
(label p40310 already defined)
(label p40311 already defined)
(label p40313 already defined)
(label p40314 already defined)
(label p4041 already defined)
(label p4042 already defined)
(label p4043 already defined)
(label p4044 already defined)
(label p4045 already defined)
(label p4046 already defined)
(label p4047 already defined)
(label p407h already defined)
(label p4091 already defined)
(label p4092 already defined)
(label p4093 already defined)
(label p4094 already defined)
(label p4095 already defined)
(label p4096 already defined)
(label p4097 already defined)
(label p4098 already defined)
(label p4099 already defined)
(label p40910 already defined)
(label p40911 already defined)
(label p413b1 already defined)
(label p413b1a already defined)
(label p413b2 already defined)
(label p413b2a already defined)
(label p413d1 already defined)
(label p413d1a already defined)
(label p413d2 already defined)
(label p413d2a already defined)
(label p414n_01 already defined)
(label p414n_02 already defined)
(label p414n_03 already defined)
(label p414n_04 already defined)
(label p414n_05 already defined)
(label p414n_06 already defined)
(label p414n_07 already defined)
(label p414n_08 already defined)
(label p414n_09 already defined)
(label p414n_10 already defined)
(label p414n_11 already defined)
(label p414n_12 already defined)
(label p414n_13 already defined)
(label p414n_14 already defined)
(label p414n_15 already defined)
(label p414n_16 already defined)
(label p414_01 already defined)
(label p414_02 already defined)
(label p414_03 already defined)
(label p414_04 already defined)
(label p414_05 already defined)
(label p414_06 already defined)
(label p414_07 already defined)
(label p414_08 already defined)
(label p414_09 already defined)
(label p414_10 already defined)
(label p414_11 already defined)
(label p414_12 already defined)
(label p414_13 already defined)
(label p414_14 already defined)
(label p414_15 already defined)
(label p414_16 already defined)
(label p4151_01 already defined)
(label p4151_02 already defined)
(label p4151_03 already defined)
(label p4151_04 already defined)
(label p4151_05 already defined)
(label p4151_06 already defined)
(label p4151_07 already defined)
(label p4151_08 already defined)
(label p4151_09 already defined)
(label p4151_10 already defined)
(label p4151_11 already defined)
(label p4151_12 already defined)
(label p4151_13 already defined)
(label p4151_14 already defined)
(label p4151_15 already defined)
(label p4151_16 already defined)
(label p4152_01 already defined)
(label p4152_02 already defined)
(label p4152_03 already defined)
(label p4152_04 already defined)
(label p4152_05 already defined)
(label p4152_06 already defined)
(label p4152_07 already defined)
(label p4152_08 already defined)
(label p4152_09 already defined)
(label p4152_10 already defined)
(label p4152_11 already defined)
(label p4152_12 already defined)
(label p4152_13 already defined)
(label p4152_14 already defined)
(label p4152_15 already defined)
(label p4153_01 already defined)
(label p4153_02 already defined)
(label p4153_03 already defined)
(label p4153_04 already defined)
(label p4153_05 already defined)
(label p4153_06 already defined)
(label p4153_07 already defined)
(label p4153_08 already defined)
(label p4153_09 already defined)
(label p4153_10 already defined)
(label p4153_11 already defined)
(label p4153_12 already defined)
(label p4153_13 already defined)
(label p4153_14 already defined)
(label p4153_15 already defined)
(label p4153_16 already defined)
(label p4154_01 already defined)
(label p4154_02 already defined)
(label p4154_03 already defined)
(label p4154_04 already defined)
(label p4154_05 already defined)
(label p4154_06 already defined)
(label p4154_07 already defined)
(label p4154_08 already defined)
(label p4154_09 already defined)
(label p4154_10 already defined)
(label p4154_11 already defined)
(label p4154_12 already defined)
(label p4154_13 already defined)
(label p4154_14 already defined)
(label p4154_15 already defined)
(label p4154_16 already defined)
(label p4155_01 already defined)
(label p4155_02 already defined)
(label p4155_03 already defined)
(label p4155_04 already defined)
(label p4155_05 already defined)
(label p4155_06 already defined)
(label p4155_07 already defined)
(label p4155_08 already defined)
(label p4155_09 already defined)
(label p4155_10 already defined)
(label p4155_11 already defined)
(label p4155_12 already defined)
(label p4155_13 already defined)
(label p4155_14 already defined)
(label p4155_15 already defined)
(label p4155_16 already defined)
(label p4156_01 already defined)
(label p4156_02 already defined)
(label p4156_03 already defined)
(label p4156_04 already defined)
(label p4156_05 already defined)
(label p4156_06 already defined)
(label p4156_07 already defined)
(label p4156_08 already defined)
(label p4156_09 already defined)
(label p4156_10 already defined)
(label p4156_11 already defined)
(label p4156_12 already defined)
(label p4156_13 already defined)
(label p4156_14 already defined)
(label p4156_15 already defined)
(label p4156_16 already defined)
(label p4157_01 already defined)
(label p4157_02 already defined)
(label p4157_03 already defined)
(label p4157_04 already defined)
(label p4157_05 already defined)
(label p4157_06 already defined)
(label p4157_07 already defined)
(label p4157_08 already defined)
(label p4157_09 already defined)
(label p4157_10 already defined)
(label p4157_11 already defined)
(label p4157_12 already defined)
(label p4157_13 already defined)
(label p4157_14 already defined)
(label p4157_15 already defined)
(label p4157_16 already defined)
(label p4158_01 already defined)
(label p4158_02 already defined)
(label p4158_03 already defined)
(label p4158_04 already defined)
(label p4158_05 already defined)
(label p4158_06 already defined)
(label p4158_07 already defined)
(label p4158_08 already defined)
(label p4158_09 already defined)
(label p4158_10 already defined)
(label p4158_11 already defined)
(label p4158_12 already defined)
(label p4158_13 already defined)
(label p4158_14 already defined)
(label p4158_15 already defined)
(label p4158_16 already defined)
(label p4159_01 already defined)
(label p4159_02 already defined)
(label p4159_03 already defined)
(label p4159_04 already defined)
(label p4159_05 already defined)
(label p4159_06 already defined)
(label p4159_07 already defined)
(label p4159_08 already defined)
(label p4159_09 already defined)
(label p4159_10 already defined)
(label p4159_11 already defined)
(label p4159_12 already defined)
(label p4159_13 already defined)
(label p4159_14 already defined)
(label p4159_15 already defined)
(label p4159_16 already defined)
(label p4151001 already defined)
(label p4151002 already defined)
(label p4151003 already defined)
(label p4151004 already defined)
(label p4151005 already defined)
(label p4151006 already defined)
(label p4151007 already defined)
(label p4151008 already defined)
(label p4151009 already defined)
(label p4151010 already defined)
(label p4151011 already defined)
(label p4151012 already defined)
(label p4151013 already defined)
(label p4151014 already defined)
(label p4151015 already defined)
(label p4151016 already defined)
(label p417_02 already defined)
(label p417_08 already defined)
(label p417_11 already defined)
(label p417_12 already defined)
(label p417_13 already defined)
(label p417_14 already defined)
(label p4191 already defined)
(label p4192 already defined)
(label p4193 already defined)
(label p4194 already defined)
(label p4195 already defined)
(label p4196 already defined)
(label p4197 already defined)
(label p4198 already defined)
(label p419a1 already defined)
(label p419a2 already defined)
(label p419a3 already defined)
(label p419a4 already defined)
(label p419a5 already defined)
(label p419a6 already defined)
(label p419a7 already defined)
(label p419a8 already defined)
(label p1_01 already defined)
(label p1_02 already defined)
(label p1_03 already defined)
(label p1_04 already defined)
(label p1_05 already defined)
(label p1_06 already defined)
(label p1_07 already defined)
(label p1_08 already defined)
(label p1_09 already defined)
(label p1_10 already defined)
(label p1_11 already defined)
(label p1_12 already defined)
(label p1_13 already defined)
(label p1_14 already defined)
(label p1_15 already defined)
(label p1_16 already defined)
(label p1_17 already defined)
(label p1_18 already defined)
(label p1_19 already defined)
(label p1_20 already defined)
(label p1_21 already defined)
(label p2a1_1 already defined)
(label p2a1_2 already defined)
(label p2a1_3 already defined)
(label p2a1_4 already defined)
(label p3 already defined)
(label p4 already defined)
(label p6 already defined)
(label p7 already defined)
(label p9 already defined)
(label p10_1 already defined)
(label p10_2 already defined)
(label p10_3 already defined)
(label p10_4 already defined)
(label p21 already defined)
(label p221_1 already defined)
(label p221_2 already defined)
(label p221_3 already defined)
(label p221_4 already defined)
(label p221_5 already defined)
(label p221_6 already defined)
(label p221_7 already defined)
(label p221_8 already defined)
(label p221_9 already defined)
(label p22a_1 already defined)
(label p22a_2 already defined)
(label p22a_3 already defined)
(label p22a_4 already defined)
(label p22a_5 already defined)
(label p22a_6 already defined)
(label p22a_7 already defined)
(label p22a_8 already defined)
(label p22a_9 already defined)
(label p203_01 already defined)
(label p204_01 already defined)
(label p205_01 already defined)
(label p206_01 already defined)
(label p207_01 already defined)
(label p209_01 already defined)
(label p301_01 already defined)
(label ticuest01b already defined)
(label t2_1_16 already defined)
(label p20001a already defined)
(label p20001b already defined)
(label p20001c already defined)
(label p20002 already defined)
(label p2200 already defined)
(label p2600 already defined)
(label ticuest02 already defined)
(label p2005f4 already defined)
(label p2005f3 already defined)
(label p2005f2 already defined)
(label p2005f1 already defined)
(label p2005e already defined)
(label p2005d already defined)
(label p2005c7 already defined)
(label p2005c6 already defined)
(label p2005c5 already defined)
(label p2005c4 already defined)
(label p2005c3 already defined)
(label p2005c2 already defined)
(label p2005c1 already defined)
(label p2100a already defined)
(label p2200a already defined)
(label p2300a already defined)
(label tipenc already defined)
(label result already defined)
(label panel already defined)
(label p22 already defined)
(label p101 already defined)
(label p102 already defined)
(label p103 already defined)
(label p103a already defined)
(label p104b1 already defined)
(label p104b2 already defined)
(label p105a already defined)
(label p106a already defined)
(label p106b already defined)
(label p107b1 already defined)
(label p107c11 already defined)
(label p107c12 already defined)
(label p107c13 already defined)
(label p107c14 already defined)
(label p107c15 already defined)
(label p107c16 already defined)
(label p107c17 already defined)
(label p107b2 already defined)
(label p107c21 already defined)
(label p107c22 already defined)
(label p107c23 already defined)
(label p107c24 already defined)
(label p107c25 already defined)
(label p107c26 already defined)
(label p107c27 already defined)
(label p107b3 already defined)
(label p107c31 already defined)
(label p107c32 already defined)
(label p107c33 already defined)
(label p107c34 already defined)
(label p107c35 already defined)
(label p107c36 already defined)
(label p107c37 already defined)
(label p107b4 already defined)
(label p107c41 already defined)
(label p107c42 already defined)
(label p107c43 already defined)
(label p107c44 already defined)
(label p107c45 already defined)
(label p107c46 already defined)
(label p107c47 already defined)
(label p107e already defined)
(label p110 already defined)
(label p110a1 already defined)
(label p110a already defined)
(label p111a already defined)
(label p1121 already defined)
(label p1122 already defined)
(label p1123 already defined)
(label p1124 already defined)
(label p1125 already defined)
(label p1126 already defined)
(label p1127 already defined)
(label p112a already defined)
(label p1131 already defined)
(label p1132 already defined)
(label p1133 already defined)
(label p1134 already defined)
(label p1135 already defined)
(label p1136 already defined)
(label p1137 already defined)
(label p1138 already defined)
(label p113a already defined)
(label p1141 already defined)
(label p1142 already defined)
(label p1143 already defined)
(label p1144 already defined)
(label p1145 already defined)
(label p1171_01 already defined)
(label p1171_02 already defined)
(label p1171_03 already defined)
(label p1171_04 already defined)
(label p1171_05 already defined)
(label p1171_06 already defined)
(label p1171_07 already defined)
(label p1171_08 already defined)
(label p1171_09 already defined)
(label p1171_10 already defined)
(label p1171_11 already defined)
(label p1171_12 already defined)
(label p1171_13 already defined)
(label p1171_14 already defined)
(label p1171_15 already defined)
(label p1175_01 already defined)
(label p1175_02 already defined)
(label p1175_03 already defined)
(label p1175_04 already defined)
(label p1175_05 already defined)
(label p1175_06 already defined)
(label p1175_07 already defined)
(label p1175_08 already defined)
(label p1175_09 already defined)
(label p1175_10 already defined)
(label p1175_11 already defined)
(label p1175_12 already defined)
(label p1175_13 already defined)
(label p1175_14 already defined)
(label p1175_15 already defined)
(label t110 already defined)
(label nbi1 already defined)
(label nbi2 already defined)
(label nbi4 already defined)
(label nbi5 already defined)
(label t1137 already defined)
(label t1171_15 already defined)
(label estrsocial already defined)
(label pobreza already defined)
(label LABB already defined)
(label LABC already defined)
(label hpan1213 already defined)
(label hpan1314 already defined)
(label hpan1415 already defined)
(label hpan1516 already defined)
(label hpan1214 already defined)
(label hpan1315 already defined)
(label hpan1416 already defined)
(label hpan1215 already defined)
(label hpan1316 already defined)
(label hpan1216 already defined)
. }

. capture confirm file "resultados/2016_enahop.dta"

. if _rc == 0 {
.     append using "resultados/2016_enahop.dta", force
(note: variable p110i was str1 in the using data, but will be byte now)
(variable d41605 was int, now long to accommodate using data's values)
(variable i41605 was float, now double to accommodate using data's values)
(variable p5584b was int, now long to accommodate using data's values)
(variable v_p21002d_1 was int, now long to accommodate using data's values)
(variable v_p21002d_10 was int, now long to accommodate using data's values)
(variable v_p21002d_11 was int, now long to accommodate using data's values)
(variable v_p21002d_12 was int, now long to accommodate using data's values)
(variable v_p21002d_13 was int, now long to accommodate using data's values)
(variable v_p21002d_14 was int, now long to accommodate using data's values)
(variable v_p21002d_15 was int, now long to accommodate using data's values)
(variable v_p21002d_16 was int, now long to accommodate using data's values)
(variable v_p21002d_17 was int, now long to accommodate using data's values)
(variable v_p21002d_18 was int, now long to accommodate using data's values)
(variable v_p21002d_19 was int, now long to accommodate using data's values)
(variable v_p21002d_2 was int, now long to accommodate using data's values)
(variable v_p21002d_20 was int, now long to accommodate using data's values)
(variable v_p21002d_21 was int, now long to accommodate using data's values)
(variable v_p21002d_22 was int, now long to accommodate using data's values)
(variable v_p21002d_23 was int, now long to accommodate using data's values)
(variable v_p21002d_24 was int, now long to accommodate using data's values)
(variable v_p21002d_25 was int, now long to accommodate using data's values)
(variable v_p21002d_26 was int, now long to accommodate using data's values)
(variable v_p21002d_27 was int, now long to accommodate using data's values)
(variable v_p21002d_28 was int, now long to accommodate using data's values)
(variable v_p21002d_29 was int, now long to accommodate using data's values)
(variable v_p21002d_3 was int, now long to accommodate using data's values)
(variable v_p21002d_30 was int, now long to accommodate using data's values)
(variable v_p21002d_31 was int, now long to accommodate using data's values)
(variable v_p21002d_32 was int, now long to accommodate using data's values)
(variable v_p21002d_33 was int, now long to accommodate using data's values)
(variable v_p21002d_34 was int, now long to accommodate using data's values)
(variable v_p21002d_35 was int, now long to accommodate using data's values)
(variable v_p21002d_36 was int, now long to accommodate using data's values)
(variable v_p21002d_37 was int, now long to accommodate using data's values)
(variable v_p21002d_38 was int, now long to accommodate using data's values)
(variable v_p21002d_39 was int, now long to accommodate using data's values)
(variable v_p21002d_4 was int, now long to accommodate using data's values)
(variable v_p21002d_40 was int, now long to accommodate using data's values)
(variable v_p21002d_41 was int, now long to accommodate using data's values)
(variable v_p21002d_42 was int, now long to accommodate using data's values)
(variable v_p21002d_43 was int, now long to accommodate using data's values)
(variable v_p21002d_44 was int, now long to accommodate using data's values)
(variable v_p21002d_45 was int, now long to accommodate using data's values)
(variable v_p21002d_46 was int, now long to accommodate using data's values)
(variable v_p21002d_47 was int, now long to accommodate using data's values)
(variable v_p21002d_48 was int, now long to accommodate using data's values)
(variable v_p21002d_5 was int, now long to accommodate using data's values)
(variable v_p21002d_6 was int, now long to accommodate using data's values)
(variable v_p21002d_7 was int, now long to accommodate using data's values)
(variable v_p21002d_8 was int, now long to accommodate using data's values)
(variable v_p21002d_9 was int, now long to accommodate using data's values)
(variable v_p22002a_1 was float, now double to accommodate using data's
       values)
(variable v_p22002a_10 was float, now double to accommodate using data's
       values)
(variable v_p22002a_11 was float, now double to accommodate using data's
       values)
(variable v_p22002a_12 was float, now double to accommodate using data's
       values)
(variable v_p22002a_13 was float, now double to accommodate using data's
       values)
(variable v_p22002a_14 was float, now double to accommodate using data's
       values)
(variable v_p22002a_15 was float, now double to accommodate using data's
       values)
(variable v_p22002a_2 was float, now double to accommodate using data's
       values)
(variable v_p22002a_3 was float, now double to accommodate using data's
       values)
(variable v_p22002a_4 was float, now double to accommodate using data's
       values)
(variable v_p22002a_5 was float, now double to accommodate using data's
       values)
(variable v_p22002a_6 was float, now double to accommodate using data's
       values)
(variable v_p22002a_7 was float, now double to accommodate using data's
       values)
(variable v_p22002a_8 was float, now double to accommodate using data's
       values)
(variable v_p22002a_9 was float, now double to accommodate using data's
       values)
(variable p1172_03 was byte, now int to accommodate using data's values)
(variable g05hd was long, now double to accommodate using data's values)
(variable ig06hd was int, now float to accommodate using data's values)
(variable g05hd1 was int, now float to accommodate using data's values)
(variable ig06hd1 was int, now float to accommodate using data's values)
(variable g05hd2 was int, now float to accommodate using data's values)
(variable ig06hd2 was int, now float to accommodate using data's values)
(variable g05hd3 was int, now float to accommodate using data's values)
(variable g05hd5 was byte, now float to accommodate using data's values)
(variable ig06hd5 was int, now float to accommodate using data's values)
(variable g05hd6 was int, now float to accommodate using data's values)
(variable g07hd was int, now float to accommodate using data's values)
(variable ig08hd was long, now double to accommodate using data's values)
(variable sg25 was int, now float to accommodate using data's values)
(variable sig26 was int, now float to accommodate using data's values)
(variable ingtprhd was long, now double to accommodate using data's values)
(variable ingtpuhd was long, now double to accommodate using data's values)
(variable ingtpu01 was int, now float to accommodate using data's values)
(variable ingtpu02 was long, now double to accommodate using data's values)
(variable ingtpu03 was int, now float to accommodate using data's values)
(variable ingtpu04 was long, now double to accommodate using data's values)
(variable ingtpu05 was long, now double to accommodate using data's values)
(variable gru11hd was long, now double to accommodate using data's values)
(variable gru12hd1 was long, now double to accommodate using data's values)
(variable gru12hd2 was int, now float to accommodate using data's values)
(variable gru13hd1 was int, now float to accommodate using data's values)
(variable gru13hd2 was int, now float to accommodate using data's values)
(variable gru13hd3 was int, now float to accommodate using data's values)
(variable gru13hd4 was int, now float to accommodate using data's values)
(variable gru14hd was int, now float to accommodate using data's values)
(variable gru14hd1 was long, now double to accommodate using data's values)
(variable gru14hd2 was int, now float to accommodate using data's values)
(variable gru14hd4 was long, now double to accommodate using data's values)
(variable gru14hd5 was long, now double to accommodate using data's values)
(variable gru14hd6 was int, now float to accommodate using data's values)
(variable gru21hd was int, now float to accommodate using data's values)
(variable gru22hd1 was int, now float to accommodate using data's values)
(variable gru22hd2 was int, now float to accommodate using data's values)
(variable gru23hd1 was int, now float to accommodate using data's values)
(variable gru23hd2 was int, now float to accommodate using data's values)
(variable gru23hd3 was int, now float to accommodate using data's values)
(variable gru24hd was int, now float to accommodate using data's values)
(variable gru31hd was long, now double to accommodate using data's values)
(variable gru32hd1 was int, now float to accommodate using data's values)
(variable gru32hd2 was int, now float to accommodate using data's values)
(variable gru33hd1 was int, now float to accommodate using data's values)
(variable gru33hd2 was long, now double to accommodate using data's values)
(variable gru33hd3 was int, now float to accommodate using data's values)
(variable gru34hd was long, now double to accommodate using data's values)
(variable gru41hd was long, now double to accommodate using data's values)
(variable gru42hd1 was int, now float to accommodate using data's values)
(variable gru42hd2 was int, now float to accommodate using data's values)
(variable gru43hd1 was int, now float to accommodate using data's values)
(variable gru43hd2 was int, now float to accommodate using data's values)
(variable gru43hd3 was int, now float to accommodate using data's values)
(variable gru44hd was int, now float to accommodate using data's values)
(variable gru51hd was long, now double to accommodate using data's values)
(variable gru53hd1 was long, now double to accommodate using data's values)
(variable gru53hd2 was long, now double to accommodate using data's values)
(variable gru54hd was int, now float to accommodate using data's values)
(variable gru61hd was long, now double to accommodate using data's values)
(variable gru62hd1 was int, now float to accommodate using data's values)
(variable gru62hd2 was int, now float to accommodate using data's values)
(variable gru63hd1 was long, now double to accommodate using data's values)
(variable gru63hd2 was long, now double to accommodate using data's values)
(variable gru63hd3 was int, now float to accommodate using data's values)
(variable gru64hd was int, now float to accommodate using data's values)
(variable gru71hd was long, now double to accommodate using data's values)
(variable gru72hd1 was int, now float to accommodate using data's values)
(variable gru72hd2 was int, now float to accommodate using data's values)
(variable gru73hd1 was int, now float to accommodate using data's values)
(variable gru73hd2 was long, now double to accommodate using data's values)
(variable gru73hd3 was int, now float to accommodate using data's values)
(variable gru74hd was int, now float to accommodate using data's values)
(variable gru81hd was long, now double to accommodate using data's values)
(variable gru82hd1 was int, now float to accommodate using data's values)
(variable gru82hd2 was int, now float to accommodate using data's values)
(variable gru83hd1 was int, now float to accommodate using data's values)
(variable gru83hd2 was long, now double to accommodate using data's values)
(variable gru83hd3 was int, now float to accommodate using data's values)
(variable gru83hd4 was int, now float to accommodate using data's values)
(variable gru84hd was int, now float to accommodate using data's values)
(variable gru84hd1 was int, now float to accommodate using data's values)
(variable gru85hd1 was int, now float to accommodate using data's values)
(variable gru86hd1 was int, now float to accommodate using data's values)
(variable gru86hd2 was int, now float to accommodate using data's values)
(variable gru87hd was int, now float to accommodate using data's values)
(label p710_14 already defined)
(label p710_13 already defined)
(label p710_12 already defined)
(label p710_11 already defined)
(label p710_10 already defined)
(label p710_09 already defined)
(label p710_08 already defined)
(label p710_07 already defined)
(label p710_06 already defined)
(label p710_05 already defined)
(label p710_04 already defined)
(label p710_03 already defined)
(label p710_02 already defined)
(label p710_01 already defined)
(label p701_09 already defined)
(label p701_08 already defined)
(label p701_07 already defined)
(label p701_06 already defined)
(label p701_05 already defined)
(label p701_04 already defined)
(label p701_03 already defined)
(label p701_02 already defined)
(label p701_01 already defined)
(label p2600a already defined)
(label p2500a already defined)
(label p712 already defined)
(label p703 already defined)
(label p704 already defined)
(label p705 already defined)
(label p7061 already defined)
(label p7062 already defined)
(label p7063 already defined)
(label p7064 already defined)
(label p7065 already defined)
(label p706a1 already defined)
(label p706a2 already defined)
(label p706a3 already defined)
(label p706a4 already defined)
(label p706a5 already defined)
(label p301_02 already defined)
(label p209_02 already defined)
(label p207_02 already defined)
(label p206_02 already defined)
(label p205_02 already defined)
(label p204_02 already defined)
(label p203_02 already defined)
(label p45_2 already defined)
(label p45_1 already defined)
(label p44 already defined)
(label p43 already defined)
(label p42a_8 already defined)
(label p42a_7 already defined)
(label p42a_9 already defined)
(label p42a_6 already defined)
(label p42a_5 already defined)
(label p42a_4 already defined)
(label p42a_3 already defined)
(label p42a_2 already defined)
(label p42a_1 already defined)
(label p41 already defined)
(label p40_8 already defined)
(label p40_7 already defined)
(label p40_6 already defined)
(label p40_5 already defined)
(label p40_4 already defined)
(label p40_3 already defined)
(label p40_2 already defined)
(label p40_1 already defined)
(label p39b2 already defined)
(label p38a already defined)
(label p37 already defined)
(label p34b already defined)
(label p34a already defined)
(label p34 already defined)
(label p33_2 already defined)
(label p33_1 already defined)
(label p32 already defined)
(label emplpsec already defined)
(label ocupinf already defined)
(label t560_10 already defined)
(label t560_09 already defined)
(label t560_08 already defined)
(label t560_078 already defined)
(label t560_077 already defined)
(label t560_076 already defined)
(label t560_075 already defined)
(label t560_074 already defined)
(label t560_073 already defined)
(label t560_072 already defined)
(label t560_071 already defined)
(label t560_06 already defined)
(label t560_05 already defined)
(label t560_04 already defined)
(label t560_03 already defined)
(label t560_02 already defined)
(label t560_01 already defined)
(label t558c already defined)
(label t5587a already defined)
(label t549 already defined)
(label t546 already defined)
(label ocu500 already defined)
(label p599 already defined)
(label p560e_10 already defined)
(label p560e_09 already defined)
(label p560e_08 already defined)
(label p560e_07 already defined)
(label p560e_06 already defined)
(label p560e_05 already defined)
(label p560e_04 already defined)
(label p560e_03 already defined)
(label p560e_02 already defined)
(label p560e_01 already defined)
(label p560c_10 already defined)
(label p560c_09 already defined)
(label p560c_08 already defined)
(label p560c_07 already defined)
(label p560c_06 already defined)
(label p560c_05 already defined)
(label p560c_04 already defined)
(label p560c_03 already defined)
(label p560c_02 already defined)
(label p560c_01 already defined)
(label p560a1_10 already defined)
(label p560a1_09 already defined)
(label p560a1_08 already defined)
(label p560a1_07 already defined)
(label p560a1_06 already defined)
(label p560a1_05 already defined)
(label p560a1_04 already defined)
(label p560a1_03 already defined)
(label p560a1_02 already defined)
(label p560a1_01 already defined)
(label p560t_10 already defined)
(label p560t_09 already defined)
(label p560t_08 already defined)
(label p560t_07 already defined)
(label p560t_06 already defined)
(label p560t_05 already defined)
(label p560t_04 already defined)
(label p560t_03 already defined)
(label p560t_02 already defined)
(label p560t_01 already defined)
(label p559e_15 already defined)
(label p559e_14 already defined)
(label p559e_13 already defined)
(label p559e_12 already defined)
(label p559e_11 already defined)
(label p559e_10 already defined)
(label p559e_09 already defined)
(label p559e_08 already defined)
(label p559e_07 already defined)
(label p559e_06 already defined)
(label p559e_05 already defined)
(label p559e_04 already defined)
(label p559e_03 already defined)
(label p559e_02 already defined)
(label p559e_01 already defined)
(label p559c_15 already defined)
(label p559c_14 already defined)
(label p559c_13 already defined)
(label p559c_12 already defined)
(label p559c_11 already defined)
(label p559c_10 already defined)
(label p559c_09 already defined)
(label p559c_08 already defined)
(label p559c_07 already defined)
(label p559c_06 already defined)
(label p559c_05 already defined)
(label p559c_04 already defined)
(label p559c_03 already defined)
(label p559c_02 already defined)
(label p559c_01 already defined)
(label p559b_15 already defined)
(label p559b_14 already defined)
(label p559b_13 already defined)
(label p559b_12 already defined)
(label p559b_11 already defined)
(label p559b_10 already defined)
(label p559b_09 already defined)
(label p559b_08 already defined)
(label p559b_07 already defined)
(label p559b_06 already defined)
(label p559b_05 already defined)
(label p559b_04 already defined)
(label p559b_03 already defined)
(label p559b_02 already defined)
(label p559b_01 already defined)
(label p559_15 already defined)
(label p559_14 already defined)
(label p559_13 already defined)
(label p559_12 already defined)
(label p559_11 already defined)
(label p559_10 already defined)
(label p559_09 already defined)
(label p559_08 already defined)
(label p559_07 already defined)
(label p559_06 already defined)
(label p559_05 already defined)
(label p559_04 already defined)
(label p559_03 already defined)
(label p559_02 already defined)
(label p559_01 already defined)
(label p558h12_6 already defined)
(label p558h12_5 already defined)
(label p558h12_4 already defined)
(label p558h12_3 already defined)
(label p558h12_2 already defined)
(label p558h12_1 already defined)
(label p558h11_6 already defined)
(label p558h11_5 already defined)
(label p558h11_4 already defined)
(label p558h11_3 already defined)
(label p558h11_2 already defined)
(label p558h11_1 already defined)
(label p558h10_6 already defined)
(label p558h10_5 already defined)
(label p558h10_4 already defined)
(label p558h10_3 already defined)
(label p558h10_2 already defined)
(label p558h10_1 already defined)
(label p558h9_6 already defined)
(label p558h9_5 already defined)
(label p558h9_4 already defined)
(label p558h9_3 already defined)
(label p558h9_2 already defined)
(label p558h9_1 already defined)
(label p558h8_6 already defined)
(label p558h8_5 already defined)
(label p558h8_4 already defined)
(label p558h8_3 already defined)
(label p558h8_2 already defined)
(label p558h8_1 already defined)
(label p558h7_6 already defined)
(label p558h7_5 already defined)
(label p558h7_4 already defined)
(label p558h7_3 already defined)
(label p558h7_2 already defined)
(label p558h7_1 already defined)
(label p558h6_6 already defined)
(label p558h6_5 already defined)
(label p558h6_4 already defined)
(label p558h6_3 already defined)
(label p558h6_2 already defined)
(label p558h6_1 already defined)
(label p558h5_6 already defined)
(label p558h5_5 already defined)
(label p558h5_4 already defined)
(label p558h5_3 already defined)
(label p558h5_2 already defined)
(label p558h5_1 already defined)
(label p558h4_6 already defined)
(label p558h4_5 already defined)
(label p558h4_4 already defined)
(label p558h4_3 already defined)
(label p558h4_2 already defined)
(label p558h4_1 already defined)
(label p558h3_6 already defined)
(label p558h3_5 already defined)
(label p558h3_4 already defined)
(label p558h3_3 already defined)
(label p558h3_2 already defined)
(label p558h3_1 already defined)
(label p558h2_6 already defined)
(label p558h2_5 already defined)
(label p558h2_4 already defined)
(label p558h2_3 already defined)
(label p558h2_2 already defined)
(label p558h2_1 already defined)
(label p558h1_6 already defined)
(label p558h1_5 already defined)
(label p558h1_4 already defined)
(label p558h1_3 already defined)
(label p558h1_2 already defined)
(label p558h1_1 already defined)
(label p558g5 already defined)
(label p558g4 already defined)
(label p558g3 already defined)
(label p558g2 already defined)
(label p558g1 already defined)
(label p558f already defined)
(label p558e6 already defined)
(label p558e5 already defined)
(label p558e4 already defined)
(label p558e3 already defined)
(label p558e2 already defined)
(label p558e1 already defined)
(label p558d already defined)
(label p558c already defined)
(label p558b3 already defined)
(label p558a5 already defined)
(label p558a4 already defined)
(label p558a3 already defined)
(label p558a2 already defined)
(label p558a1 already defined)
(label p5587a already defined)
(label p5586a already defined)
(label p5585a already defined)
(label p5584a already defined)
(label p5583a already defined)
(label p5582a already defined)
(label p5581a already defined)
(label p5578b already defined)
(label p5578a already defined)
(label p5577b already defined)
(label p5577a already defined)
(label p5576b already defined)
(label p5576a already defined)
(label p5575b already defined)
(label p5575a already defined)
(label p5574b already defined)
(label p5574a already defined)
(label p5573b already defined)
(label p5573a already defined)
(label p5572b already defined)
(label p5572a already defined)
(label p5571b already defined)
(label p5571a already defined)
(label p5569d already defined)
(label p5569b already defined)
(label p5568d already defined)
(label p5568b already defined)
(label p5568a already defined)
(label p5567d already defined)
(label p5567b already defined)
(label p5567a already defined)
(label p5566d already defined)
(label p5566b already defined)
(label p5566a already defined)
(label p5565d already defined)
(label p5565b already defined)
(label p5565a already defined)
(label p5564d already defined)
(label p5564b already defined)
(label p5564a already defined)
(label p5563g already defined)
(label p5563f already defined)
(label p5563d already defined)
(label p5563c1 already defined)
(label p5563b already defined)
(label p5563a already defined)
(label p5562d already defined)
(label p5562b already defined)
(label p5562a already defined)
(label p5561d already defined)
(label p5561b already defined)
(label p5561a already defined)
(label p555 already defined)
(label p552 already defined)
(label p550 already defined)
(label p549 already defined)
(label p548 already defined)
(label p547 already defined)
(label p546 already defined)
(label p545 already defined)
(label p5448a already defined)
(label p5447a already defined)
(label p5446a already defined)
(label p5445a already defined)
(label p5444a already defined)
(label p5443a already defined)
(label p5442a already defined)
(label p5441a already defined)
(label p542 already defined)
(label p541b already defined)
(label p5407a already defined)
(label p5406c already defined)
(label p5406a already defined)
(label p5405c already defined)
(label p5405a already defined)
(label p5404c already defined)
(label p5404a already defined)
(label p5403c already defined)
(label p5403a already defined)
(label p5402c already defined)
(label p5402a already defined)
(label p5401c already defined)
(label p5401a already defined)
(label p539 already defined)
(label p538e2 already defined)
(label p538d2 already defined)
(label p538c2 already defined)
(label p538b2 already defined)
(label p538a2 already defined)
(label p53712 already defined)
(label p53711 already defined)
(label p53710 already defined)
(label p5379 already defined)
(label p5378 already defined)
(label p5377 already defined)
(label p5376 already defined)
(label p5375 already defined)
(label p5374 already defined)
(label p5373 already defined)
(label p5372 already defined)
(label p5371 already defined)
(label p535 already defined)
(label p530b already defined)
(label p5297a already defined)
(label p5296c already defined)
(label p5296a already defined)
(label p5295c already defined)
(label p5295a already defined)
(label p5294c already defined)
(label p5294a already defined)
(label p5293c already defined)
(label p5293a already defined)
(label p5292c already defined)
(label p5292a already defined)
(label p5291c already defined)
(label p5291a already defined)
(label p528 already defined)
(label p524e2 already defined)
(label p524d2 already defined)
(label p524c2 already defined)
(label p524b2 already defined)
(label p524a2 already defined)
(label p523 already defined)
(label p521d already defined)
(label p521c already defined)
(label p521a already defined)
(label p521 already defined)
(label p520a already defined)
(label p519 already defined)
(label p517d1 already defined)
(label p517c already defined)
(label p517b1 already defined)
(label p517a already defined)
(label p517 already defined)
(label p51511 already defined)
(label p51510 already defined)
(label p5159 already defined)
(label p5158 already defined)
(label p5157 already defined)
(label p5156 already defined)
(label p5155 already defined)
(label p5154 already defined)
(label p5153 already defined)
(label p5152 already defined)
(label p5151 already defined)
(label p514 already defined)
(label p513 already defined)
(label p512a already defined)
(label p511a already defined)
(label p51112 already defined)
(label p51111 already defined)
(label p51110 already defined)
(label p5119 already defined)
(label p5118 already defined)
(label p5117 already defined)
(label p5116 already defined)
(label p5115 already defined)
(label p5114 already defined)
(label p5113 already defined)
(label p5112 already defined)
(label p5111 already defined)
(label p510b already defined)
(label p510a1 already defined)
(label p510 already defined)
(label p509 already defined)
(label p508 already defined)
(label p507 already defined)
(label p50411 already defined)
(label p50410 already defined)
(label p5049 already defined)
(label p5048 already defined)
(label p5047 already defined)
(label p5046 already defined)
(label p5045 already defined)
(label p5044 already defined)
(label p5043 already defined)
(label p5042 already defined)
(label p5041 already defined)
(label p504 already defined)
(label p503 already defined)
(label p502 already defined)
(label p501 already defined)
(label p300a already defined)
(label p301a already defined)
(label p301d already defined)
(label p301a0 already defined)
(label p301b0 already defined)
(label p302 already defined)
(label p302x already defined)
(label p302a already defined)
(label p302b already defined)
(label p303 already defined)
(label p304a already defined)
(label p304d already defined)
(label p305 already defined)
(label p306 already defined)
(label p307 already defined)
(label p308a already defined)
(label p308d already defined)
(label p308b1 already defined)
(label p308b2 already defined)
(label p308b3 already defined)
(label p308b4 already defined)
(label p308b5 already defined)
(label p310 already defined)
(label p310b1 already defined)
(label p310c0 already defined)
(label p310e0 already defined)
(label p311n_1 already defined)
(label p311n_2 already defined)
(label p311n_3 already defined)
(label p311n_4 already defined)
(label p311n_5 already defined)
(label p311n_6 already defined)
(label p311n_7 already defined)
(label p311n_8 already defined)
(label p311_1 already defined)
(label p311_2 already defined)
(label p311_3 already defined)
(label p311_4 already defined)
(label p311_5 already defined)
(label p311_6 already defined)
(label p311_7 already defined)
(label p311_8 already defined)
(label p311a1_1 already defined)
(label p311a1_2 already defined)
(label p311a1_3 already defined)
(label p311a1_4 already defined)
(label p311a1_5 already defined)
(label p311a1_6 already defined)
(label p311a1_7 already defined)
(label p311a1_8 already defined)
(label p311a2_1 already defined)
(label p311a2_2 already defined)
(label p311a2_3 already defined)
(label p311a2_4 already defined)
(label p311a2_5 already defined)
(label p311a2_6 already defined)
(label p311a2_7 already defined)
(label p311a2_8 already defined)
(label p311a3_1 already defined)
(label p311a3_2 already defined)
(label p311a3_3 already defined)
(label p311a3_4 already defined)
(label p311a3_5 already defined)
(label p311a3_6 already defined)
(label p311a3_7 already defined)
(label p311a3_8 already defined)
(label p311a4_1 already defined)
(label p311a4_2 already defined)
(label p311a4_3 already defined)
(label p311a4_4 already defined)
(label p311a4_5 already defined)
(label p311a4_6 already defined)
(label p311a4_7 already defined)
(label p311a4_8 already defined)
(label p311a5_1 already defined)
(label p311a5_2 already defined)
(label p311a5_3 already defined)
(label p311a5_4 already defined)
(label p311a5_5 already defined)
(label p311a5_6 already defined)
(label p311a5_7 already defined)
(label p311a5_8 already defined)
(label p311a6_1 already defined)
(label p311a6_2 already defined)
(label p311a6_3 already defined)
(label p311a6_4 already defined)
(label p311a6_5 already defined)
(label p311a6_6 already defined)
(label p311a6_7 already defined)
(label p311a6_8 already defined)
(label p311a7_1 already defined)
(label p311a7_2 already defined)
(label p311a7_3 already defined)
(label p311a7_4 already defined)
(label p311a7_5 already defined)
(label p311a7_6 already defined)
(label p311a7_7 already defined)
(label p311a7_8 already defined)
(label p311c_1 already defined)
(label p311c_2 already defined)
(label p311c_3 already defined)
(label p311c_4 already defined)
(label p311c_7 already defined)
(label p311c_8 already defined)
(label p3121 already defined)
(label p3121a1 already defined)
(label p3121a2 already defined)
(label p3121a3 already defined)
(label p3121a4 already defined)
(label p3121a5 already defined)
(label p3121a6 already defined)
(label p3122 already defined)
(label p3122a1 already defined)
(label p3122a2 already defined)
(label p3122a3 already defined)
(label p3122a4 already defined)
(label p3122a5 already defined)
(label p3122a6 already defined)
(label p313 already defined)
(label p314a already defined)
(label p314b_1 already defined)
(label p314b_2 already defined)
(label p314b_3 already defined)
(label p314b_4 already defined)
(label p314b_5 already defined)
(label p314b_6 already defined)
(label p314d already defined)
(label p3151 already defined)
(label p3152 already defined)
(label p3153 already defined)
(label p3154 already defined)
(label p3155 already defined)
(label p3156 already defined)
(label p316_1 already defined)
(label p316_2 already defined)
(label p316_3 already defined)
(label p316_4 already defined)
(label p316_5 already defined)
(label p316_6 already defined)
(label p316_7 already defined)
(label p316_8 already defined)
(label p316_10 already defined)
(label t313a already defined)
(label imputado already defined)
(label ticuest01a already defined)
(label t314b_6 already defined)
(label dominio already defined)
(label estrato already defined)
(label p203 already defined)
(label p203b already defined)
(label p204 already defined)
(label p205 already defined)
(label p206 already defined)
(label p207 already defined)
(label p208a1 already defined)
(label p209 already defined)
(label p210 already defined)
(label p211a already defined)
(label p217 already defined)
(label t211 already defined)
(label ticuest01 already defined)
(label ocupac_r3 already defined)
(label p400i already defined)
(label p401c already defined)
(label p401d1 already defined)
(label p401d2 already defined)
(label p401d3 already defined)
(label p401d4 already defined)
(label p401d5 already defined)
(label p401d6 already defined)
(label p401d7 already defined)
(label p401d8 already defined)
(label p401d9 already defined)
(label p401e1 already defined)
(label p401e2 already defined)
(label p401e3 already defined)
(label p401e4 already defined)
(label p401e5 already defined)
(label p401e6 already defined)
(label p401e7 already defined)
(label p401f already defined)
(label p401h1 already defined)
(label p401h2 already defined)
(label p401h3 already defined)
(label p401h4 already defined)
(label p401h5 already defined)
(label p401h6 already defined)
(label p401 already defined)
(label p4021 already defined)
(label p4022 already defined)
(label p4023 already defined)
(label p4024 already defined)
(label p4025 already defined)
(label p4031 already defined)
(label p4032 already defined)
(label p4033 already defined)
(label p4034 already defined)
(label p4035 already defined)
(label p4036 already defined)
(label p4037 already defined)
(label p4038 already defined)
(label p4039 already defined)
(label p40310 already defined)
(label p40311 already defined)
(label p40313 already defined)
(label p40314 already defined)
(label p4041 already defined)
(label p4042 already defined)
(label p4043 already defined)
(label p4044 already defined)
(label p4045 already defined)
(label p4046 already defined)
(label p4047 already defined)
(label p407h already defined)
(label p4091 already defined)
(label p4092 already defined)
(label p4093 already defined)
(label p4094 already defined)
(label p4095 already defined)
(label p4096 already defined)
(label p4097 already defined)
(label p4098 already defined)
(label p4099 already defined)
(label p40910 already defined)
(label p40911 already defined)
(label p413b1 already defined)
(label p413b1a already defined)
(label p413b2 already defined)
(label p413b2a already defined)
(label p413d1 already defined)
(label p413d1a already defined)
(label p413d2 already defined)
(label p413d2a already defined)
(label p414n_01 already defined)
(label p414n_02 already defined)
(label p414n_03 already defined)
(label p414n_04 already defined)
(label p414n_05 already defined)
(label p414n_06 already defined)
(label p414n_07 already defined)
(label p414n_08 already defined)
(label p414n_09 already defined)
(label p414n_10 already defined)
(label p414n_11 already defined)
(label p414n_12 already defined)
(label p414n_13 already defined)
(label p414n_14 already defined)
(label p414n_15 already defined)
(label p414n_16 already defined)
(label p414_01 already defined)
(label p414_02 already defined)
(label p414_03 already defined)
(label p414_04 already defined)
(label p414_05 already defined)
(label p414_06 already defined)
(label p414_07 already defined)
(label p414_08 already defined)
(label p414_09 already defined)
(label p414_10 already defined)
(label p414_11 already defined)
(label p414_12 already defined)
(label p414_13 already defined)
(label p414_14 already defined)
(label p414_15 already defined)
(label p414_16 already defined)
(label p4151_01 already defined)
(label p4151_02 already defined)
(label p4151_03 already defined)
(label p4151_04 already defined)
(label p4151_05 already defined)
(label p4151_06 already defined)
(label p4151_07 already defined)
(label p4151_08 already defined)
(label p4151_09 already defined)
(label p4151_10 already defined)
(label p4151_11 already defined)
(label p4151_12 already defined)
(label p4151_13 already defined)
(label p4151_14 already defined)
(label p4151_15 already defined)
(label p4151_16 already defined)
(label p4152_01 already defined)
(label p4152_02 already defined)
(label p4152_03 already defined)
(label p4152_04 already defined)
(label p4152_05 already defined)
(label p4152_06 already defined)
(label p4152_07 already defined)
(label p4152_08 already defined)
(label p4152_09 already defined)
(label p4152_10 already defined)
(label p4152_11 already defined)
(label p4152_12 already defined)
(label p4152_13 already defined)
(label p4152_14 already defined)
(label p4152_15 already defined)
(label p4152_16 already defined)
(label p4153_01 already defined)
(label p4153_02 already defined)
(label p4153_03 already defined)
(label p4153_04 already defined)
(label p4153_05 already defined)
(label p4153_06 already defined)
(label p4153_07 already defined)
(label p4153_08 already defined)
(label p4153_09 already defined)
(label p4153_10 already defined)
(label p4153_11 already defined)
(label p4153_12 already defined)
(label p4153_13 already defined)
(label p4153_14 already defined)
(label p4153_15 already defined)
(label p4153_16 already defined)
(label p4154_01 already defined)
(label p4154_02 already defined)
(label p4154_03 already defined)
(label p4154_04 already defined)
(label p4154_05 already defined)
(label p4154_06 already defined)
(label p4154_07 already defined)
(label p4154_08 already defined)
(label p4154_09 already defined)
(label p4154_10 already defined)
(label p4154_11 already defined)
(label p4154_12 already defined)
(label p4154_13 already defined)
(label p4154_14 already defined)
(label p4154_15 already defined)
(label p4154_16 already defined)
(label p4155_01 already defined)
(label p4155_02 already defined)
(label p4155_03 already defined)
(label p4155_04 already defined)
(label p4155_05 already defined)
(label p4155_06 already defined)
(label p4155_07 already defined)
(label p4155_08 already defined)
(label p4155_09 already defined)
(label p4155_10 already defined)
(label p4155_11 already defined)
(label p4155_12 already defined)
(label p4155_13 already defined)
(label p4155_14 already defined)
(label p4155_15 already defined)
(label p4155_16 already defined)
(label p4156_01 already defined)
(label p4156_02 already defined)
(label p4156_03 already defined)
(label p4156_04 already defined)
(label p4156_05 already defined)
(label p4156_06 already defined)
(label p4156_07 already defined)
(label p4156_08 already defined)
(label p4156_09 already defined)
(label p4156_10 already defined)
(label p4156_11 already defined)
(label p4156_12 already defined)
(label p4156_13 already defined)
(label p4156_14 already defined)
(label p4156_15 already defined)
(label p4156_16 already defined)
(label p4157_01 already defined)
(label p4157_02 already defined)
(label p4157_03 already defined)
(label p4157_04 already defined)
(label p4157_05 already defined)
(label p4157_06 already defined)
(label p4157_07 already defined)
(label p4157_08 already defined)
(label p4157_09 already defined)
(label p4157_10 already defined)
(label p4157_11 already defined)
(label p4157_12 already defined)
(label p4157_13 already defined)
(label p4157_14 already defined)
(label p4157_15 already defined)
(label p4157_16 already defined)
(label p4158_01 already defined)
(label p4158_02 already defined)
(label p4158_03 already defined)
(label p4158_04 already defined)
(label p4158_05 already defined)
(label p4158_06 already defined)
(label p4158_07 already defined)
(label p4158_08 already defined)
(label p4158_09 already defined)
(label p4158_10 already defined)
(label p4158_11 already defined)
(label p4158_12 already defined)
(label p4158_13 already defined)
(label p4158_14 already defined)
(label p4158_15 already defined)
(label p4158_16 already defined)
(label p4159_01 already defined)
(label p4159_02 already defined)
(label p4159_03 already defined)
(label p4159_04 already defined)
(label p4159_05 already defined)
(label p4159_06 already defined)
(label p4159_07 already defined)
(label p4159_08 already defined)
(label p4159_09 already defined)
(label p4159_10 already defined)
(label p4159_11 already defined)
(label p4159_12 already defined)
(label p4159_13 already defined)
(label p4159_14 already defined)
(label p4159_15 already defined)
(label p4159_16 already defined)
(label p4151001 already defined)
(label p4151002 already defined)
(label p4151003 already defined)
(label p4151004 already defined)
(label p4151005 already defined)
(label p4151006 already defined)
(label p4151007 already defined)
(label p4151008 already defined)
(label p4151009 already defined)
(label p4151010 already defined)
(label p4151011 already defined)
(label p4151012 already defined)
(label p4151013 already defined)
(label p4151014 already defined)
(label p4151015 already defined)
(label p4151016 already defined)
(label p417_01 already defined)
(label p417_02 already defined)
(label p417_03 already defined)
(label p417_04 already defined)
(label p417_05 already defined)
(label p417_06 already defined)
(label p417_07 already defined)
(label p417_08 already defined)
(label p417_09 already defined)
(label p417_10 already defined)
(label p417_11 already defined)
(label p417_12 already defined)
(label p417_13 already defined)
(label p417_14 already defined)
(label p417_15 already defined)
(label p417_16 already defined)
(label p4191 already defined)
(label p4192 already defined)
(label p4193 already defined)
(label p4194 already defined)
(label p4195 already defined)
(label p4196 already defined)
(label p4197 already defined)
(label p4198 already defined)
(label p419a1 already defined)
(label p419a2 already defined)
(label p419a3 already defined)
(label p419a4 already defined)
(label p419a5 already defined)
(label p419a6 already defined)
(label p419a7 already defined)
(label p419a8 already defined)
(label t401d9 already defined)
(label t401e7 already defined)
(label p1_01 already defined)
(label p1_02 already defined)
(label p1_03 already defined)
(label p1_04 already defined)
(label p1_05 already defined)
(label p1_06 already defined)
(label p1_07 already defined)
(label p1_08 already defined)
(label p1_09 already defined)
(label p1_10 already defined)
(label p1_11 already defined)
(label p1_12 already defined)
(label p1_13 already defined)
(label p1_14 already defined)
(label p1_15 already defined)
(label p1_16 already defined)
(label p1_17 already defined)
(label p1_18 already defined)
(label p1_19 already defined)
(label p1_20 already defined)
(label p1_21 already defined)
(label p2a1_1 already defined)
(label p2a1_2 already defined)
(label p2a1_3 already defined)
(label p2a1_4 already defined)
(label p3 already defined)
(label p4 already defined)
(label p6 already defined)
(label p7 already defined)
(label p9 already defined)
(label p10_1 already defined)
(label p10_2 already defined)
(label p10_3 already defined)
(label p10_4 already defined)
(label p21 already defined)
(label p221_1 already defined)
(label p221_2 already defined)
(label p221_3 already defined)
(label p221_4 already defined)
(label p221_5 already defined)
(label p221_6 already defined)
(label p221_7 already defined)
(label p221_8 already defined)
(label p221_9 already defined)
(label p22a_1 already defined)
(label p22a_2 already defined)
(label p22a_3 already defined)
(label p22a_4 already defined)
(label p22a_5 already defined)
(label p22a_6 already defined)
(label p22a_7 already defined)
(label p22a_8 already defined)
(label p22a_9 already defined)
(label p203_01 already defined)
(label p204_01 already defined)
(label p205_01 already defined)
(label p206_01 already defined)
(label p207_01 already defined)
(label p209_01 already defined)
(label p301_01 already defined)
(label ticuest01b already defined)
(label t2_1_16 already defined)
(label t22a_1 already defined)
(label t22a_2 already defined)
(label t22a_3 already defined)
(label t22a_4 already defined)
(label t22a_5 already defined)
(label t22a_6 already defined)
(label t22a_7 already defined)
(label t22a_8 already defined)
(label t22a_9 already defined)
(label p20001a already defined)
(label p20001b already defined)
(label p20001c already defined)
(label p20002 already defined)
(label p2200 already defined)
(label p2600 already defined)
(label ticuest02 already defined)
(label p2005f4 already defined)
(label p2005f3 already defined)
(label p2005f2 already defined)
(label p2005f1 already defined)
(label p2005e already defined)
(label p2005d already defined)
(label p2005c7 already defined)
(label p2005c6 already defined)
(label p2005c5 already defined)
(label p2005c4 already defined)
(label p2005c3 already defined)
(label p2005c2 already defined)
(label p2005c1 already defined)
(label p2100a already defined)
(label p2200a already defined)
(label p2300a already defined)
(label tipenc already defined)
(label result already defined)
(label panel already defined)
(label p22 already defined)
(label p101 already defined)
(label p102 already defined)
(label p103 already defined)
(label p103a already defined)
(label p104b1 already defined)
(label p104b2 already defined)
(label p105a already defined)
(label p106a already defined)
(label p106b already defined)
(label p107b1 already defined)
(label p107c11 already defined)
(label p107c12 already defined)
(label p107c13 already defined)
(label p107c14 already defined)
(label p107c16 already defined)
(label p107c17 already defined)
(label p107c18 already defined)
(label p107b2 already defined)
(label p107c21 already defined)
(label p107c22 already defined)
(label p107c23 already defined)
(label p107c24 already defined)
(label p107c26 already defined)
(label p107c27 already defined)
(label p107c28 already defined)
(label p107b3 already defined)
(label p107c31 already defined)
(label p107c32 already defined)
(label p107c33 already defined)
(label p107c34 already defined)
(label p107c36 already defined)
(label p107c37 already defined)
(label p107c38 already defined)
(label p107b4 already defined)
(label p107c41 already defined)
(label p107c42 already defined)
(label p107c43 already defined)
(label p107c44 already defined)
(label p107c46 already defined)
(label p107c47 already defined)
(label p107c48 already defined)
(label p107e already defined)
(label p110 already defined)
(label p110a1 already defined)
(label p110a already defined)
(label p111a already defined)
(label p1121 already defined)
(label p1122 already defined)
(label p1123 already defined)
(label p1124 already defined)
(label p1125 already defined)
(label p1126 already defined)
(label p1127 already defined)
(label p112a already defined)
(label p1131 already defined)
(label p1132 already defined)
(label p1133 already defined)
(label p1134 already defined)
(label p1135 already defined)
(label p1136 already defined)
(label p1137 already defined)
(label p1138 already defined)
(label p113a already defined)
(label p1141 already defined)
(label p1142 already defined)
(label p1143 already defined)
(label p1144 already defined)
(label p1145 already defined)
(label p1171_01 already defined)
(label p1171_02 already defined)
(label p1171_03 already defined)
(label p1171_04 already defined)
(label p1171_05 already defined)
(label p1171_06 already defined)
(label p1171_07 already defined)
(label p1171_08 already defined)
(label p1171_09 already defined)
(label p1171_10 already defined)
(label p1171_11 already defined)
(label p1171_12 already defined)
(label p1171_13 already defined)
(label p1171_14 already defined)
(label p1171_15 already defined)
(label p1175_01 already defined)
(label p1175_02 already defined)
(label p1175_03 already defined)
(label p1175_04 already defined)
(label p1175_05 already defined)
(label p1175_06 already defined)
(label p1175_07 already defined)
(label p1175_08 already defined)
(label p1175_09 already defined)
(label p1175_10 already defined)
(label p1175_11 already defined)
(label p1175_12 already defined)
(label p1175_13 already defined)
(label p1175_14 already defined)
(label p1175_15 already defined)
(label nbi1 already defined)
(label nbi2 already defined)
(label nbi3 already defined)
(label nbi4 already defined)
(label nbi5 already defined)
(label t110 already defined)
(label t107c18 already defined)
(label t107c28 already defined)
(label t107c38 already defined)
(label t107c48 already defined)
(label t1137 already defined)
(label t113a already defined)
(label t1171_15 already defined)
(label pobreza already defined)
(label estrsocial already defined)
(label LABB already defined)
(label LABC already defined)
(label LABD already defined)
(label hpan1213 already defined)
(label hpan1314 already defined)
(label hpan1415 already defined)
(label hpan1516 already defined)
(label hpan1214 already defined)
(label hpan1315 already defined)
(label hpan1416 already defined)
(label hpan1215 already defined)
(label hpan1316 already defined)
(label hpan1216 already defined)
. }

. save "resultados/BASE_MAESTRA_PANEL_2012_2016.dta", replace
file resultados/BASE_MAESTRA_PANEL_2012_2016.dta saved

. 
. **************************************************
. * CAPA 4: CREACION DEL PANEL FAMILIAR (AGREGACIONES)
. **************************************************
. 
. use "resultados/BASE_MAESTRA_PANEL_2012_2016.dta", clear

. 
. * --- 1. Identificadores Básicos y Núcleo Familiar ---
. capture tostring numpanh, generate(numpanh_str)

. gen id_hogar = numpanh_str

. gen es_jefe = (p203 == 1)

. 
. gen familia = .
(618,063 missing values generated)

. replace familia = 3 if inlist(p203,8,9,10) // Otros parientes
(9,301 real changes made)

. replace familia = 4 if inlist(p203,1,2,3,4,5,6,7,11) // Núcleo duro
(589,713 real changes made)

. keep if familia == 4
(28,350 observations deleted)

. tostring familia, generate(familia_str)
familia_str generated as str1

. gen id_familia = id_hogar + familia_str

. destring id_familia, replace
id_familia: all characters numeric; replaced as long

. 
. bysort id_familia ID: egen miembros_fam = count(id_familia)

. 
. * --- (A) Generar variables base individuales ANTES de ordenar y colapsar ---
. capture drop missing_rep

. egen missing_rep = rowmiss(_all)

. 
. capture confirm variable p208a

. if _rc != 0 {
.     gen p208a = 0
. }

. gen adulto = (p208a >= 17)

. gen niño = (p208a <= 12)

. gen mayor = (p208a >= 60)

. 
. gen educacion_alta = inlist(p301a, 5, 6, 7, 8, 9, 10, 11, 12)

. gen casado = (p209 == 2)

. gen enfermo = (p401 == 1)

. 
. gen bienestar_p33 = inlist(p33_2, 1, 2)

. gen bienestar_p37 = inlist(p37, 3, 4)

. gen bienestar_fam2 = (bienestar_p33 == 1 & bienestar_p37 == 1)

. gen bienestar_familiar = inlist(p33_2, 1, 2)

. gen insat_demo = inlist(p7, 1, 2, 5)

. 
. gen negocio_p507 = inlist(p507, 1, 2)

. gen negocio_p517 = inlist(p517, 1, 2)

. gen negocio_indiv = (negocio_p507 == 1 | negocio_p517 == 1)

. 
. gen autosum_p535 = (p535 == 1)

. gen autosum_p542 = (p542 == 1)

. gen autosum_indiv = (autosum_p535 == 1 | autosum_p542 == 1)

. 
. gen trabajadores_independientes = (negocio_indiv == 1 & autosum_indiv == 1)

. 
. foreach var in i524a1 d529t i530a d536 i538a1 d540t i541a d543 {
  2.     capture confirm variable `var'
  3.     if _rc == 0 {
  4.         capture replace `var' = 0 if missing(`var')
  5.     }
  6.     if _rc != 0 {
  7.         gen `var' = 0
  8.     }
  9. }

. gen ingreso_persona = i524a1 + d529t + i530a + d536 + i538a1 + d540t + i541a 
> + d543

. replace ingreso_persona = 0 if missing(ingreso_persona)
(0 real changes made)

. 
. gen casa_propia = inlist(p105a, 2)

. gen titulo_prop = inlist(p106a, 1, 3)

. gen casa_titulada = (casa_propia == 1 & titulo_prop == 1)

. gen arraigo_religioso = inlist(p1_16, 3, 4, 5)

. 
. capture confirm variable pobreza

. if _rc == 0 {
.     capture destring pobreza, replace force
.     gen pobre_indiv = inlist(pobreza, 1, 2)
. }

. else {
.     gen pobre_indiv = 0
. }

. 
. * --- (B) Crear variables FAMILIARES (egen bysort) ---
. bysort id_familia ID: egen negocio_fam = max(negocio_indiv)

. bysort id_familia ID: egen autosum_fam = max(autosum_indiv)

. gen negocio_propio = (negocio_fam == 1 & autosum_fam == 1)

. bysort id_familia ID: egen prop_negocio_propio = mean(trabajadores_independie
> ntes)

. 
. bysort id_familia ID: egen ingreso_laboral_fam = total(ingreso_persona)

. gen peso_salario_ind = ingreso_persona / ingreso_laboral_fam
(17,373 missing values generated)

. replace peso_salario_ind = 0 if missing(peso_salario_ind)
(17,373 real changes made)

. bysort id_familia ID: egen peso_salario_propiofam2 = total(cond(trabajadores_
> independientes == 1, peso_salario_ind, 0))

. 
. bysort id_familia ID: egen educ_sum = total(educacion_alta * adulto)

. bysort id_familia ID: egen adultos = total(adulto)

. gen educ_fam = (educ_sum / adultos) >= 0.5

. 
. bysort id_familia ID: egen casado_fam = max(casado)

. bysort id_familia ID: egen total_pobres = total(pobre_indiv)

. bysort id_familia ID: egen total_personas = count(pobre_indiv)

. gen pobre_fam = (total_pobres / total_personas >= 0.5)

. 
. bysort id_familia ID: egen hay_niño = max(niño)

. gen abuelo = (mayor == 1 & hay_niño == 1)

. bysort id_familia ID: egen hay_abuelo = max(abuelo)

. bysort id_familia ID: egen sin_salud = max(enfermo)

. bysort id_familia ID: egen sin_salud_totalfam = total(enfermo)

. 
. * --- (C) Reasignar variables de Bienestar/Vivienda usando Representante Inte
> ligente ---
. gsort id_familia ID -es_jefe missing_rep -p208a codperso

. foreach var in bienestar_fam2 bienestar_familiar insat_demo casa_propia titul
> o_prop casa_titulada arraigo_religioso {
  2.     by id_familia ID: replace `var' = `var'[1]
  3. }
(215,888 real changes made)
(268,570 real changes made)
(124,226 real changes made)
(0 real changes made)
(0 real changes made)
(0 real changes made)
(120,800 real changes made)

. 
. * ===================================================================
. * AQUI APLICAREMOS TUS DICCIONARIOS PARA AGREGAR VARIABLES AGRÍCOLAS
. * ===================================================================
. 
. * [Espacio reservado para las variables que me indicarás]
. 
. * --- (D) Colapsar la base a 1 fila por familia ---
. by id_familia ID: keep if _n == 1
(435,348 observations deleted)

. drop missing_rep

. 
. save "resultados/PANEL_FAMILIAR_FINAL_2012_2016.dta", replace
(file resultados/PANEL_FAMILIAR_FINAL_2012_2016.dta not found)
file resultados/PANEL_FAMILIAR_FINAL_2012_2016.dta saved

. export delimited using "resultados/PANEL_FAMILIAR_FINAL_2012_2016.csv", repla
> ce
(file resultados/PANEL_FAMILIAR_FINAL_2012_2016.csv not found)
file resultados/PANEL_FAMILIAR_FINAL_2012_2016.csv saved

. 
end of do-file
